SERVICES_SDS,AVG_RELEVANT_CHANGES_OUR,AVG_APPLICATION_STABILITY_OUR,AVG_SERVICE_STABILITY_OUR,STD_RELEVANT_CHANGE_OUR,STD_APPLICATION_STABILITY_OUR,STD_SERVICE_STABILITY_OUR
10_*,0.365,1.0,0.9035991433610482,0.3473879871710275,0.0,0.09544709957551883
25_*,0.9387115662115663,1.0,0.9029620923442335,0.06376342186197603,0.0,0.04956160950901341
50_*,0.9329813944038082,1.0,0.9393787898245971,0.11047431479395164,0.0,0.03178726120027325
100_*,0.9863413894663895,1.0,0.9670819430040607,0.011826028938735949,0.0,0.010469943059113107
*_10,0.7565169546419547,1.0,0.919664720853173,0.20599033608393338,0.0,0.045222334325643224
*_25,0.8748112535612536,1.0,0.9218156853526427,0.13718965035952485,0.0,0.05174134177401999
*_50,0.7962515964240102,1.0,0.943981624158998,0.08118085723132379,0.0,0.05183308034124268
*_100,0.7954545454545454,1.0,0.9275599381691257,0.10909090909090911,0.0,0.038469156903012704
