SERVICES_SDS,AVG_RELEVANT_CHANGES_OUR,AVG_APPLICATION_STABILITY_OUR,AVG_SERVICE_STABILITY_OUR,STD_RELEVANT_CHANGE_OUR,STD_APPLICATION_STABILITY_OUR,STD_SERVICE_STABILITY_OUR
10_*,0.3333333333333333,1.0,0.9666666666666667,0.22610906984558113,0.0,0.036399253857799824
25_*,0.44984126984126976,1.0,0.9684915458937198,0.25447901705849374,0.0,0.029057261813975006
50_*,0.6251392235215765,1.0,0.984036052493899,0.23872895358582186,0.0,0.008170886580007503
100_*,0.4327078949990065,1.0,0.9916260147711615,0.2571975845788895,0.0,0.004640814263808803
*_10,0.6031831131831131,1.0,0.9676629879040404,0.2500090577146943,0.0,0.022583245703169733
*_25,0.6361846708278933,1.0,0.9707659851889233,0.24990073849179126,0.0,0.029221495189476466
*_50,0.41828064968185935,1.0,0.9768913067324831,0.2949607510840242,0.0,0.022789241008770163
*_100,0.18337328800232028,1.0,0.9954999999999999,0.18164407777827654,0.0,0.0036742346141747702
