SERVICES_SDS,AVG_RELEVANT_CHANGES_OUR,AVG_APPLICATION_STABILITY_OUR,AVG_SERVICE_STABILITY_OUR,STD_RELEVANT_CHANGE_OUR,STD_APPLICATION_STABILITY_OUR,STD_SERVICE_STABILITY_OUR
10_*,0.6925992063492064,1.0,0.9118402777777778,0.2279105739633032,0.0,0.045117096737680024
25_*,0.6555242820045452,1.0,0.9557909110083342,0.21461296455281373,0.0,0.020963275526638604
50_*,0.7214521338729678,1.0,0.9809449129205192,0.18442603212397685,0.0,0.01063082912606719
100_*,0.7910370591320749,1.0,0.9885696755103474,0.13982177712720856,0.0,0.004622196666118508
*_10,0.71363883519335,1.0,0.9510344431191691,0.20418287940812316,0.0,0.01776867617588883
*_25,0.6458618812467299,1.0,0.9605695750033525,0.2296410427385897,0.0,0.020612789732164457
*_50,0.7649032732253658,1.0,0.9624246654223003,0.17709905711040722,0.0,0.022869959027320613
*_100,0.7362086916933483,1.0,0.9631170936721567,0.15584836851018224,0.0,0.020081973121130425
