SERVICES_SDS,AVG_RELEVANT_CHANGES_OUR,AVG_APPLICATION_STABILITY_OUR,AVG_SERVICE_STABILITY_OUR,STD_RELEVANT_CHANGE_OUR,STD_APPLICATION_STABILITY_OUR,STD_SERVICE_STABILITY_OUR
10_*,0.5708333333333333,1.0,0.8966369047619047,0.40171680635935914,0.0,0.09386213635550504
25_*,0.6908333333333333,1.0,0.9551228282381532,0.15728934033170786,0.0,0.0312829226809921
50_*,0.8135082972582972,1.0,0.9784463524215339,0.16159852497566532,0.0,0.014658952413938492
100_*,0.8519416187527643,1.0,0.9802644479219672,0.17306046443243928,0.0,0.00994058562094825
*_10,0.6296825396825396,1.0,0.9647497329176296,0.29754947429425993,0.0,0.029213382220996433
*_25,0.578484262125903,1.0,0.9310634534110378,0.25841558607453485,0.0,0.060135250723234744
*_50,0.7987700423071941,1.0,0.9721693347085427,0.20273719074830204,0.0,0.024564127664844046
*_100,0.9201797385620916,1.0,0.9424880123063489,0.13496288498207473,0.0,0.03583183646230866
