SERVICES_SDS,AVG_RELEVANT_CHANGES_OUR,AVG_APPLICATION_STABILITY_OUR,AVG_SERVICE_STABILITY_OUR,STD_RELEVANT_CHANGE_OUR,STD_APPLICATION_STABILITY_OUR,STD_SERVICE_STABILITY_OUR
10_*,0.45416666666666666,1.0,0.948125,0.35965012882514935,0.0,0.05149754878398195
25_*,0.7370833333333333,1.0,0.9701183982683983,0.18814715833886136,0.0,0.016273001084028415
50_*,0.6405651986901988,1.0,0.9776927834070691,0.21018342151680341,0.0,0.013815450275609039
100_*,0.584070908495373,1.0,0.9921932148482807,0.2442341464742465,0.0,0.005061647615210017
*_10,0.5191565710952574,1.0,0.9784326818248026,0.2606105083844793,0.0,0.025575039032525688
*_25,0.6284009963634576,1.0,0.9767637862604249,0.24814591181817355,0.0,0.017852933222459653
*_50,0.7222759265694049,1.0,0.9643274991455912,0.21648502170327089,0.0,0.024833971618761146
*_100,0.5460526131574519,1.0,0.9686054292929293,0.2769734132491369,0.0,0.018385703885082937
