SERVICES_SDS,AVG_RELEVANT_CHANGES_OUR,AVG_APPLICATION_STABILITY_OUR,AVG_SERVICE_STABILITY_OUR,STD_RELEVANT_CHANGE_OUR,STD_APPLICATION_STABILITY_OUR,STD_SERVICE_STABILITY_OUR
10_*,0.20416666666666666,1.0,0.9642592592592593,0.2978977257072294,0.0,0.067464725731195
25_*,1.0,0.9970588235294118,0.8844313579598506,0.0,0.005882352941176472,0.0463506265495461
50_*,0.99375,1.0,0.9004647714426551,0.012499999999999999,0.0,0.03956840070550333
100_*,0.9861538461538462,1.0,0.9613194748691184,0.027692307692307683,0.0,0.024144012010354897
*_10,0.75875,1.0,0.9285557300556001,0.08249999999999999,0.0,0.06833812062433911
*_25,0.7961538461538462,1.0,0.9348738657364573,0.10769230769230771,0.0,0.023468774821889124
*_50,0.8625,0.9970588235294118,0.9330846128319115,0.11456439237389601,0.005882352941176472,0.04013836432892648
*_100,0.7666666666666666,1.0,0.9139606549069145,0.03333333333333333,0.0,0.045582505221444615
