SERVICES_SDS,AVG_RELEVANT_CHANGES_OUR,AVG_APPLICATION_STABILITY_OUR,AVG_SERVICE_STABILITY_OUR,STD_RELEVANT_CHANGE_OUR,STD_APPLICATION_STABILITY_OUR,STD_SERVICE_STABILITY_OUR
10_*,0.36666666666666664,1.0,0.9788888888888889,0.3558349057659215,0.0,0.03406878198854512
25_*,0.47238095238095235,1.0,0.9614371212121212,0.1594079932099897,0.0,0.021570328110393458
50_*,0.37096715784215784,1.0,0.9845303504541727,0.20395758894845983,0.0,0.00811143944144951
100_*,0.3875238945344949,1.0,0.9927512340178073,0.18245052181215055,0.0,0.0037345725184562296
*_10,0.45250647228588403,1.0,0.9761991249336615,0.25317842305391186,0.0,0.024052859481988296
*_25,0.5078145424836601,1.0,0.9732249448308039,0.31856980933621926,0.0,0.02254533174609807
*_50,0.42902213941029727,1.0,0.9814280303030303,0.20854872582924294,0.0,0.015636174239641913
*_100,0.2081955172444303,1.0,0.9867554945054945,0.12135405151714757,0.0,0.005250756591116039
