SERVICES_SDS,AVG_RELEVANT_CHANGES_OUR,AVG_APPLICATION_STABILITY_OUR,AVG_SERVICE_STABILITY_OUR,STD_RELEVANT_CHANGE_OUR,STD_APPLICATION_STABILITY_OUR,STD_SERVICE_STABILITY_OUR
10_*,0.3891071428571429,1.0,0.9257500000000001,0.2533088430939405,0.0,0.04752022777122644
25_*,0.5825713886646549,1.0,0.959934487575548,0.21042449858096168,0.0,0.011320370245362466
50_*,0.47587035314434695,1.0,0.9848219111648566,0.2737799843427349,0.0,0.010004332059863915
100_*,0.40129566655905624,1.0,0.9915620683599878,0.22821252822758792,0.0,0.005450820893883445
*_10,0.6684787861148354,1.0,0.9510858257304755,0.2884962830583212,0.0,0.01641136035310833
*_25,0.5549918422751424,1.0,0.9686895451137775,0.26354223360967133,0.0,0.02124224044296506
*_50,0.391550392761693,1.0,0.9756119607250038,0.25326173624014253,0.0,0.016689003570260572
*_100,0.23382353007353007,1.0,0.9666811355311355,0.16042560133708988,0.0,0.019953146604002304
