SERVICES_SDS,AVG_RELEVANT_CHANGES_OUR,AVG_APPLICATION_STABILITY_OUR,AVG_SERVICE_STABILITY_OUR,STD_RELEVANT_CHANGE_OUR,STD_APPLICATION_STABILITY_OUR,STD_SERVICE_STABILITY_OUR
10_*,0.6166666666666667,1.0,0.8727314814814815,0.3301708154106189,0.0,0.08270678664077072
25_*,0.7469444444444444,1.0,0.9626270974496518,0.22482426421616203,0.0,0.025545569245037057
50_*,0.7701112857730505,1.0,0.9805516531481926,0.1771775193520694,0.0,0.01212175547808389
100_*,0.8392218753927946,1.0,0.9878245648509179,0.11290827543299392,0.0,0.003939215333475855
*_10,0.6398392835234941,1.0,0.9396625726591402,0.2875805086778348,0.0,0.0417431355206872
*_25,0.7183940242763773,1.0,0.9409699505090527,0.2798066108102585,0.0,0.038377865354193116
*_50,0.6979292307309548,1.0,0.976874652440136,0.19885254935277513,0.0,0.017354321889143768
*_100,0.91678173374613,1.0,0.9462276213219147,0.07884120557097583,0.0,0.026838003933343436
