SERVICES_SDS,AVG_RELEVANT_CHANGES_OUR,AVG_APPLICATION_STABILITY_OUR,AVG_SERVICE_STABILITY_OUR,STD_RELEVANT_CHANGE_OUR,STD_APPLICATION_STABILITY_OUR,STD_SERVICE_STABILITY_OUR
10_*,0.36666666666666664,1.0,0.93875,0.2906326591270415,0.0,0.04582359179283415
25_*,0.3258405483405483,1.0,0.9720200263504611,0.22390380870367155,0.0,0.015260846542384895
50_*,0.44069465987229145,1.0,0.9853226550862184,0.26144802605637735,0.0,0.011711434646101831
100_*,0.4767736376488556,1.0,0.9937979069875118,0.2872572534370194,0.0,0.005478330758962138
*_10,0.4911443568508786,1.0,0.966934360617114,0.3025085964923813,0.0,0.02414626559496741
*_25,0.4919024864024864,1.0,0.9634928812462308,0.3013925188053147,0.0,0.02058531572182788
*_50,0.3433102071602525,1.0,0.9831173148148148,0.26755387940727626,0.0,0.014971165163052708
*_100,0.2836184621147445,1.0,0.9763460317460317,0.19178675261913752,0.0,0.018571457260435017
