SERVICES_SDS,AVG_RELEVANT_CHANGES_OUR,AVG_APPLICATION_STABILITY_OUR,AVG_SERVICE_STABILITY_OUR,STD_RELEVANT_CHANGE_OUR,STD_APPLICATION_STABILITY_OUR,STD_SERVICE_STABILITY_OUR
10_*,0.4105952380952381,1.0,0.9142675264550264,0.2714028114550522,0.0,0.10354884747050438
25_*,0.9634253246753247,0.9941176470588236,0.8790055068241804,0.06411660529510967,0.011764705882352944,0.043685082742248985
50_*,0.9696435553140014,1.0,0.9513454340935993,0.036016965365311446,0.0,0.02305972828080308
100_*,0.9417785339955151,1.0,0.9709164062608154,0.05701504513552911,0.0,0.015108015422024442
*_10,0.8313176179480527,1.0,0.943936449041852,0.11405202306228104,0.0,0.035773085354375046
*_25,0.8075413274326317,1.0,0.9216593148720632,0.15402652590579738,0.0,0.05737481525864866
*_50,0.8844624945781826,1.0,0.9316819300587393,0.11804863585868156,0.0,0.03889810454977324
*_100,0.7621212121212121,0.9941176470588236,0.918257179660967,0.04242424242424243,0.011764705882352944,0.05335566875278394
