SERVICES_SDS,AVG_RELEVANT_CHANGES_OUR,AVG_APPLICATION_STABILITY_OUR,AVG_SERVICE_STABILITY_OUR,STD_RELEVANT_CHANGE_OUR,STD_APPLICATION_STABILITY_OUR,STD_SERVICE_STABILITY_OUR
10_*,0.525,0.9944444444444445,0.9184920634920635,0.4460812848891379,0.011111111111111117,0.0944307129857405
25_*,0.8691666666666666,0.9944940476190476,0.9115912790554819,0.12021904571390465,0.011011904761904768,0.05880938022847707
50_*,0.916559829059829,1.0,0.9469621972153557,0.13710896729834604,0.0,0.0311557085701602
100_*,0.9305555555555556,1.0,0.9782535961396207,0.11263121386386503,0.0,0.011071260156509286
*_10,0.7385042735042735,1.0,0.9393890669558131,0.27551478243167127,0.0,0.046274951614353584
*_25,0.8277777777777777,1.0,0.9172931008535787,0.20624784331943394,0.0,0.05784069293094157
*_50,0.8,0.9920634920634921,0.9438620578749692,0.22247448713915893,0.015873015873015886,0.05368439551926934
*_100,0.875,0.996875,0.9547549102181605,0.11180339887498948,0.00625,0.037667021876322565
