SERVICES_SDS,AVG_RELEVANT_CHANGES_OUR,AVG_APPLICATION_STABILITY_OUR,AVG_SERVICE_STABILITY_OUR,STD_RELEVANT_CHANGE_OUR,STD_APPLICATION_STABILITY_OUR,STD_SERVICE_STABILITY_OUR
10_*,0.4409920634920635,1.0,0.9324801587301588,0.2409874437832871,0.0,0.041400781576394666
25_*,0.4112613945446426,1.0,0.9635496604103584,0.25485330198691364,0.0,0.015126921022833317
50_*,0.5008421862823016,1.0,0.9819436204216262,0.2239675853331032,0.0,0.010663997238121717
100_*,0.5597503241430786,1.0,0.988141819967105,0.23570981510828248,0.0,0.00407369975862421
*_10,0.5614344811214389,1.0,0.9705316194677567,0.2559083827021404,0.0,0.020473812281890075
*_25,0.5749864146257803,1.0,0.963794665585675,0.3140171197255931,0.0,0.02006036167789503
*_50,0.48883025791290047,1.0,0.9658135586635587,0.27274909185203494,0.0,0.01589632223441494
*_100,0.2875948148019666,1.0,0.965975415812258,0.112843551931818,0.0,0.014834903401773866
