SERVICES_SDS,AVG_RELEVANT_CHANGES_OUR,AVG_APPLICATION_STABILITY_OUR,AVG_SERVICE_STABILITY_OUR,STD_RELEVANT_CHANGE_OUR,STD_APPLICATION_STABILITY_OUR,STD_SERVICE_STABILITY_OUR
10_*,0.39583333333333337,0.9916666666666667,0.9632691409897292,0.29443225318397326,0.016666666666666666,0.048296408192872696
25_*,0.9770127146675135,0.9948412698412699,0.8897563182530117,0.03351110456731368,0.0063492063492063535,0.06591233078749804
50_*,0.9871362433862434,1.0,0.9240839840972386,0.0173941798941799,0.0,0.03508960287807442
100_*,0.9874569590337784,1.0,0.9635737263517719,0.016853488022622192,0.0,0.019029589956746435
*_10,0.8256395390323962,1.0,0.9530530572445843,0.137843502041413,0.0,0.03969033505843246
*_25,0.8982058001397624,1.0,0.9362735105144209,0.1035883997204752,0.0,0.04480681252442193
*_50,0.8791666666666667,0.9916666666666667,0.9286127458290527,0.11391638826988491,0.016666666666666666,0.04675114910447149
*_100,0.7444272445820433,0.9948412698412699,0.9227438561036935,0.0068427356363159,0.0063492063492063535,0.037079635127865704
