SERVICES_SDS,AVG_RELEVANT_CHANGES_OUR,AVG_APPLICATION_STABILITY_OUR,AVG_SERVICE_STABILITY_OUR,STD_RELEVANT_CHANGE_OUR,STD_APPLICATION_STABILITY_OUR,STD_SERVICE_STABILITY_OUR
10_*,0.6791666666666667,1.0,0.9243518518518519,0.32227178977406207,0.0,0.05197883774757409
25_*,0.5905952380952382,1.0,0.9759713412593848,0.21204277542457936,0.0,0.020118806533303366
50_*,0.7372969484076295,1.0,0.9772840808957004,0.18518176147594112,0.0,0.011747148285121531
100_*,0.7050697118395287,1.0,0.9894274287140264,0.14857211280690424,0.0,0.0033153833224993674
*_10,0.5592790688843321,1.0,0.9799638281296204,0.31894497845594405,0.0,0.020399740440975204
*_25,0.590981631113984,1.0,0.9694130870351121,0.26528476726578637,0.0,0.023356264770398594
*_50,0.7020110184259591,1.0,0.9535359189141759,0.1654500539961881,0.0,0.03543528060653291
*_100,0.8598568465847878,1.0,0.964121868642055,0.11838863976356825,0.0,0.007968890070591655
