SERVICES_SDS,AVG_RELEVANT_CHANGES_OUR,AVG_APPLICATION_STABILITY_OUR,AVG_SERVICE_STABILITY_OUR,STD_RELEVANT_CHANGE_OUR,STD_APPLICATION_STABILITY_OUR,STD_SERVICE_STABILITY_OUR
10_*,0.35416666666666663,1.0,0.9531944444444445,0.3709011454535067,0.0,0.046747874420736094
25_*,0.569484126984127,1.0,0.9651742424242424,0.26683648666842696,0.0,0.01754651750221777
50_*,0.5134580941933883,1.0,0.9789130651094937,0.25764131104456445,0.0,0.010665478298939813
100_*,0.43906517215362795,1.0,0.9923759507169887,0.30595646422180056,0.0,0.005521785857696802
*_10,0.5082573676323676,1.0,0.9711221081034705,0.37795654732125394,0.0,0.026898414832738037
*_25,0.5954233873543336,1.0,0.9701139438739954,0.2734675226221781,0.0,0.019376784082443366
*_50,0.4119043156992932,1.0,0.9603421052631579,0.2733001198085499,0.0,0.016733548303990355
*_100,0.3605889893118154,1.0,0.9880795454545455,0.27661121763631674,0.0,0.017472908860418725
