SERVICES_SDS,AVG_RELEVANT_CHANGES_OUR,AVG_APPLICATION_STABILITY_OUR,AVG_SERVICE_STABILITY_OUR,STD_RELEVANT_CHANGE_OUR,STD_APPLICATION_STABILITY_OUR,STD_SERVICE_STABILITY_OUR
10_*,0.6108333333333333,0.9728571428571429,0.9359292328042328,0.2734143444144176,0.05428571428571429,0.05833516861910191
25_*,0.7129359202888614,1.0,0.9214645049849675,0.16716439434056551,0.0,0.026442839054094974
50_*,0.716896596824093,1.0,0.9771989464870604,0.18556448083542715,0.0,0.01456750303304354
100_*,0.8010300179067472,1.0,0.9845937181757978,0.14624043655105798,0.0,0.00810842461340478
*_10,0.6094529921832554,1.0,0.9558407927989756,0.18986913650509038,0.0,0.02589799206418776
*_25,0.6309586717660721,1.0,0.9561731682947847,0.24735805497525565,0.0,0.026755466178028924
*_50,0.8166098166225904,0.98,0.9491111731536477,0.1666035781168829,0.04,0.026230421581700435
*_100,0.7846743877811172,0.9928571428571429,0.9580612682046505,0.16855288654423928,0.01428571428571429,0.028570055495728084
