SERVICES_SDS,AVG_RELEVANT_CHANGES_OUR,AVG_APPLICATION_STABILITY_OUR,AVG_SERVICE_STABILITY_OUR,STD_RELEVANT_CHANGE_OUR,STD_APPLICATION_STABILITY_OUR,STD_SERVICE_STABILITY_OUR
10_*,0.385,1.0,0.9513888888888888,0.3277273241969482,0.0,0.042810723155476405
25_*,0.28849206349206347,1.0,0.9868888888888889,0.31198954038368004,0.0,0.017373517275029077
50_*,0.3367155067155067,1.0,0.9835120578913032,0.2603960561533988,0.0,0.008743939435443247
100_*,0.317674053552332,1.0,0.991335555028314,0.20064307854663757,0.0,0.0038511664751826476
*_10,0.43558170995671,1.0,0.9739544542925302,0.3600256722598615,0.0,0.01996933700340092
*_25,0.4916856021574715,1.0,0.967120936404865,0.3340830466921745,0.0,0.02493046343889434
*_50,0.33103638956779874,1.0,0.97805,0.30606779464177225,0.0,0.02043005615605293
*_100,0.06957792207792207,1.0,0.994,0.10057948568685637,0.0,0.007449489742783184
