SERVICES_SDS,AVG_RELEVANT_CHANGES_OUR,AVG_APPLICATION_STABILITY_OUR,AVG_SERVICE_STABILITY_OUR,STD_RELEVANT_CHANGE_OUR,STD_APPLICATION_STABILITY_OUR,STD_SERVICE_STABILITY_OUR
10_*,0.13333333333333333,1.0,0.9607142857142857,0.199887159250228,0.0,0.06411516145403014
25_*,0.91,0.996875,0.8938338798821577,0.15830951894845302,0.0062499999999999995,0.05788586604926271
50_*,0.9845238095238096,0.9984848484848485,0.9265202230836413,0.030952380952380957,0.0030303030303030277,0.023391373632573872
100_*,0.9972222222222222,1.0,0.9559843301868869,0.005555555555555558,0.0,0.017092193165152973
*_10,0.7595238095238095,1.0,0.9340255135412523,0.2114682458664693,0.0,0.054611582992424614
*_25,0.7405555555555556,1.0,0.9372387368196637,0.13323636884014822,0.0,0.041120362446627895
*_50,0.75,0.996875,0.9329897412520494,0.0,0.0062499999999999995,0.02712961511589506
*_100,0.775,0.9984848484848485,0.9327987272540061,0.05,0.0030303030303030277,0.03962303374607214
