SERVICES_SDS,AVG_RELEVANT_CHANGES_OUR,AVG_APPLICATION_STABILITY_OUR,AVG_SERVICE_STABILITY_OUR,STD_RELEVANT_CHANGE_OUR,STD_APPLICATION_STABILITY_OUR,STD_SERVICE_STABILITY_OUR
10_*,0.825,1.0,0.8521765873015873,0.24354143466934858,0.0,0.0893763266951278
25_*,0.9402380952380953,1.0,0.9485015065248761,0.07327751012873301,0.0,0.03270661862259466
50_*,0.9207534132534132,1.0,0.971445684309117,0.08739409816899861,0.0,0.011475683809933655
100_*,0.93015333789018,1.0,0.9820620068968857,0.08172792424887257,0.0,0.007433926141664726
*_10,0.7938030303030303,1.0,0.9316837040232906,0.20613270588251192,0.0,0.04485530298035283
*_25,0.907092731829574,1.0,0.941976994244053,0.1322770812593907,0.0,0.033570372487921586
*_50,0.9247728937728937,1.0,0.9399029086567892,0.12848356102643108,0.0,0.034994976284230914
*_100,0.9904761904761905,1.0,0.9406221781083333,0.019047619047619056,0.0,0.027571903516815505
