Setting,SERVICES,SERVICE_DATA,AVG_RELEVANT_CHANGES_OUR,AVG_APPLICATION_STABILITY_OUR,AVG_SERVICE_STABILITY_OUR
GX.X.1,46.25,46.25,0.6976931964635337,0.9991351540616247,0.9515807303552708
GX.X.2,46.25,46.25,0.7044765617834591,0.9995796247749373,0.9464728841960975
GX.X.3,46.25,46.25,0.7150877612781987,0.9987183901338312,0.9449516046573057
