SERVICE_DATA,AVG_SUCC_RATE_OUR_10,AVG_SUCC_RATE_OUR_25,AVG_SUCC_RATE_OUR_50,AVG_SUCC_RATE_OUR_100,AVG_SUCC_RATE_SOA_10,AVG_SUCC_RATE_SOA_25,AVG_SUCC_RATE_SOA_50,AVG_SUCC_RATE_SOA_100,AVG_SATISFACTION_10,AVG_SATISFACTION_25,AVG_SATISFACTION_50,AVG_SATISFACTION_100
10,0.8266666666666668,0.8933333333333334,0.8866666666666667,0.8713333333333333,0.0,0.0,0.0,0.0,0.683420634920635,0.7087657757701237,0.7063479675088381,0.712255509325281
25,0.9266666666666667,0.9413333333333332,0.9359999999999999,0.9279999999999999,0.0,0.0,0.0,0.0,0.6721925925925926,0.7076027755819062,0.7048113030027792,0.7054641611139587
50,0.9333333333333332,0.9813333333333333,0.9773333333333333,0.9793333333333333,0.0,0.0,0.0,0.0,0.6589730158730162,0.6986554589371984,0.7001965986394559,0.6931807680726866
100,0.9533333333333333,0.9813333333333333,0.9906666666666667,0.992,0.0,0.0,0.0,0.0,0.6505439153439156,0.692348550724638,0.6942134013605447,0.6942584400283079
