SERVICE_DATA,AVG_RELEVANT_CHANGES_OUR_10,AVG_RELEVANT_CHANGES_OUR_25,AVG_RELEVANT_CHANGES_OUR_50,AVG_RELEVANT_CHANGES_OUR_100,AVG_APPLICATION_STABILITY_OUR_10,AVG_APPLICATION_STABILITY_OUR_25,AVG_APPLICATION_STABILITY_OUR_50,AVG_APPLICATION_STABILITY_OUR_100,AVG_SERVICE_STABILITY_OUR_10,AVG_SERVICE_STABILITY_OUR_25,AVG_SERVICE_STABILITY_OUR_50,AVG_SERVICE_STABILITY_OUR_100
10,0.5881457431457432,0.7317763781547907,0.7348197835099305,0.7965749735527727,1.0,1.0,1.0,1.0,0.8999859307359308,0.939351833978224,0.9641202097876728,0.9819753437643755
25,0.5904545454545455,0.7975501653801682,0.7639110060257657,0.7884754025634204,1.0,1.0,1.0,1.0,0.9036381444833825,0.9341738657712323,0.966898185973162,0.9827149744967596
50,0.5820202020202021,0.7776031006864106,0.7713567427505807,0.7360714105827949,0.9896969696969697,1.0,1.0,1.0,0.9046910461154158,0.9358185335254838,0.9664051701667077,0.9836159117602882
100,0.5175757575757576,0.7162232983347412,0.7104143976470352,0.6838525068965988,0.9919480519480519,0.9981240981240981,1.0,1.0,0.903549212731031,0.9297851348622834,0.9658792789259384,0.9799943683464943
