setting_name,n_services,n_trust_attributes,avg_negotiation_success_rate,avg_trust_value,avg_relevant_change_rate,avg_global_application_stability,avg_global_service_stability,avg_global_action_stability,avg_avg_application_stability,avg_std_application_stability,avg_avg_service_stability,avg_std_service_stability,avg_avg_action_stability,avg_std_action_stability,avg_sota1_success_rate,avg_sota1_trust_value,avg_sota1_unsupported_service_rate,avg_sota1_requirement_violation_rate,avg_sota2_success_rate,avg_sota2_trust_value,avg_sota2_unsupported_service_rate,avg_sota2_requirement_violation_rate,avg_sota3_success_rate,avg_sota3_trust_value,avg_sota3_unsupported_service_rate,avg_sota3_requirement_violation_rate,std_negotiation_success_rate,std_trust_value,std_relevant_change_rate,std_global_application_stability,std_global_service_stability,std_global_action_stability,std_avg_application_stability,std_std_application_stability,std_avg_service_stability,std_std_service_stability,std_avg_action_stability,std_std_action_stability,std_sota1_success_rate,std_sota1_trust_value,std_sota1_unsupported_service_rate,std_sota1_requirement_violation_rate,std_sota2_success_rate,std_sota2_trust_value,std_sota2_unsupported_service_rate,std_sota2_requirement_violation_rate,std_sota3_success_rate,std_sota3_trust_value,std_sota3_unsupported_service_rate,std_sota3_requirement_violation_rate
G1.1.1,10,10,0.8800000000000001,0.5570555555555556,0.007407407407407407,1.0,0.9800000000000001,0.9800000000000001,1.0,0.0,0.9992592592592592,0.0037770514915502103,0.9992592592592592,0.0037770514915502103,0.0,0.0,0.0,0.0,0.62,0.5922592592592593,0.025,0.4385,0.0,0.0,0.0,0.0,0.08366600265340753,0.03532346123442958,0.01656346649999844,0.0,0.04472135954999581,0.04472135954999581,0.0,0.0,0.0016563466499998523,0.008445743889623243,0.0016563466499998523,0.008445743889623243,0.0,0.0,0.0,0.0,0.10954451150103323,0.04869215466505795,0.05590169943749475,0.06683416458335925,0.0,0.0,0.0,0.0
G1.1.1,10,25,0.6199999999999999,0.6217142857142858,0.06634343434343434,0.8476190476190476,0.86,0.7076190476190476,0.9944883758217091,0.024607042086893766,0.9942320987654322,0.024125449793593955,0.9887204745871413,0.039953426890170604,0.0,0.0,0.0,0.0,0.42000000000000004,0.5888592592592593,0.05,0.3908,0.0,0.0,0.0,0.0,0.08366600265340753,0.06072278185185256,0.05002878469472163,0.17544888978038609,0.14220486005134358,0.19833776362741826,0.006068278294434837,0.024995184808509954,0.006141490768156985,0.022981057406465534,0.007937664217598419,0.02395896095689309,0.0,0.0,0.0,0.0,0.08366600265340755,0.02820392135321288,0.1118033988749895,0.0736423791033397,0.0,0.0,0.0,0.0
G1.1.1,10,50,0.76,0.5931111111111113,0.05107692307692309,0.9527777777777778,0.8992063492063492,0.8519841269841268,0.9982977207977208,0.00879670327594009,0.9960559625559625,0.01674257908532659,0.9943536833536835,0.022024064068288263,0.0,0.0,0.0,0.0,0.54,0.5819375661375663,0.05,0.40153333333333335,0.0,0.0,0.0,0.0,0.11401754250991386,0.02064395406665529,0.054473271226414426,0.06484787516627086,0.10542419323391772,0.15880206704529512,0.0023633955465447404,0.012132012437467317,0.00432228542281395,0.016276244385065936,0.006253540327374475,0.02284195040396589,0.0,0.0,0.0,0.0,0.11401754250991376,0.007903561598307652,0.1118033988749895,0.03619515007413135,0.0,0.0,0.0,0.0
G1.1.1,10,100,0.76,0.5955436507936511,0.03205128205128205,0.9416666666666668,0.9416666666666668,0.8833333333333334,0.9976495726495728,0.011468569423404415,0.997371794871795,0.012800744846546835,0.9950213675213675,0.016841446209603074,0.0,0.0,0.0,0.0,0.6199999999999999,0.5872899470899473,0.03333333333333333,0.4086380952380953,0.0,0.0,0.0,0.0,0.11401754250991382,0.021361703060541807,0.043946503848724644,0.08122328620674134,0.08122328620674134,0.16244657241348268,0.003305929155291784,0.016042048722063933,0.003808577122439184,0.01841042172402861,0.007105142650617,0.023884929786967372,0.0,0.0,0.0,0.0,0.08366600265340753,0.014478006437972068,0.07453559924999298,0.02122895383022031,0.0,0.0,0.0,0.0
G1.1.1,25,10,0.776,0.6351466366450886,0.0,1.0,1.0,1.0,1.0,0.0,1.0,0.0,1.0,0.0,0.0,0.0,0.0,0.0,0.488,0.6416085372960373,0.02857142857142857,0.3891313686313686,0.0,0.0,0.0,0.0,0.07266360849833978,0.017220232297631272,0.0,0.0,0.0,0.0,0.0,0.0,0.0,0.0,0.0,0.0,0.0,0.0,0.0,0.0,0.11099549540409287,0.017163152164291012,0.06388765649999399,0.03095086297595224,0.0,0.0,0.0,0.0
G1.1.1,25,25,0.744,0.619405695611578,0.0,1.0,1.0,1.0,1.0,0.0,1.0,0.0,1.0,0.0,0.0,0.0,0.0,0.0,0.52,0.5841396011396011,0.015384615384615385,0.3991794871794872,0.0,0.0,0.0,0.0,0.09208691546577068,0.018937378049920052,0.0,0.0,0.0,0.0,0.0,0.0,0.0,0.0,0.0,0.0,0.0,0.0,0.0,0.0,0.11999999999999998,0.011774855447171204,0.034401045807689073,0.033740316262386535,0.0,0.0,0.0,0.0
G1.1.1,25,50,0.736,0.6073290707587385,0.014285714285714285,0.9749019607843138,1.0,0.9749019607843138,0.9991036414565826,0.004657615616991939,1.0,0.0,0.9991036414565826,0.004657615616991939,0.0,0.0,0.0,0.0,0.488,0.5917399572649575,0.05818181818181818,0.41520326340326336,0.0,0.0,0.0,0.0,0.12521980673998823,0.03454581102107853,0.019561519910898786,0.03447859551424825,0.0,0.03447859551424825,0.0012313784112231527,0.006398429914745826,0.0,0.0,0.0012313784112231527,0.006398429914745826,0.0,0.0,0.0,0.0,0.07694153624668539,0.017135453544377677,0.08851390141554971,0.037620377817637315,0.0,0.0,0.0,0.0
G1.1.1,25,100,0.728,0.5949804179566567,0.0,1.0,1.0,1.0,1.0,0.0,1.0,0.0,1.0,0.0,0.0,0.0,0.0,0.0,0.48,0.5879366161616164,0.02,0.41978181818181814,0.0,0.0,0.0,0.0,0.06572670690061991,0.0058239354486075146,0.0,0.0,0.0,0.0,0.0,0.0,0.0,0.0,0.0,0.0,0.0,0.0,0.0,0.0,0.09380831519646858,0.00543367485255844,0.0447213595499958,0.010800329043043866,0.0,0.0,0.0,0.0
G1.1.1,50,10,0.72,0.6308119658119657,0.0,1.0,1.0,1.0,1.0,0.0,1.0,0.0,1.0,0.0,0.0,0.0,0.0,0.0,0.42000000000000004,0.6032339742637225,0.046099438319117954,0.4057187434990639,0.0,0.0,0.0,0.0,0.03464101615137759,0.02341777289783663,0.0,0.0,0.0,0.0,0.0,0.0,0.0,0.0,0.0,0.0,0.0,0.0,0.0,0.0,0.03741657386773943,0.01732715157302831,0.030975636045644055,0.03249992093297419,0.0,0.0,0.0,0.0
G1.1.1,50,25,0.788,0.6144827421900593,0.0,1.0,1.0,1.0,1.0,0.0,1.0,0.0,1.0,0.0,0.0,0.0,0.0,0.0,0.496,0.5898632241149223,0.0,0.4000113952593082,0.0,0.0,0.0,0.0,0.04604345773288532,0.012368687514905026,0.0,0.0,0.0,0.0,0.0,0.0,0.0,0.0,0.0,0.0,0.0,0.0,0.0,0.0,0.09316651759081691,0.00441370350455912,0.0,0.012784356028008183,0.0,0.0,0.0,0.0
G1.1.1,50,50,0.72,0.6086164343786298,0.0,1.0,1.0,1.0,1.0,0.0,1.0,0.0,1.0,0.0,0.0,0.0,0.0,0.0,0.496,0.5861661299760181,0.0,0.4135093929196393,0.0,0.0,0.0,0.0,0.06480740698407858,0.016391312699330068,0.0,0.0,0.0,0.0,0.0,0.0,0.0,0.0,0.0,0.0,0.0,0.0,0.0,0.0,0.11171392035015155,0.008848834122704607,0.0,0.014407650708499782,0.0,0.0,0.0,0.0
G1.1.1,50,100,0.692,0.5955493180654474,0.0,1.0,1.0,1.0,1.0,0.0,1.0,0.0,1.0,0.0,0.0,0.0,0.0,0.0,0.496,0.5818007560296848,0.0,0.41916748159735,0.0,0.0,0.0,0.0,0.09230384607371458,0.009713281538939755,0.0,0.0,0.0,0.0,0.0,0.0,0.0,0.0,0.0,0.0,0.0,0.0,0.0,0.0,0.09736529155710469,0.00562052918842044,0.0,0.009413282915970938,0.0,0.0,0.0,0.0
G1.1.1,100,10,0.774,0.6296594676453893,0.0,1.0,1.0,1.0,1.0,0.0,1.0,0.0,1.0,0.0,0.0,0.0,0.0,0.0,0.384,0.6011143682052772,0.038337428337428335,0.4228794313794314,0.0,0.0,0.0,0.0,0.06066300355241241,0.00830125660406434,0.0,0.0,0.0,0.0,0.0,0.0,0.0,0.0,0.0,0.0,0.0,0.0,0.0,0.0,0.035071355833500364,0.01806065994543017,0.032204208707190235,0.027667461473309563,0.0,0.0,0.0,0.0
G1.1.1,100,25,0.74,0.6091928931162733,0.0,1.0,1.0,1.0,1.0,0.0,1.0,0.0,1.0,0.0,0.0,0.0,0.0,0.0,0.45999999999999996,0.586079006667465,0.008893280632411068,0.42102166007905134,0.0,0.0,0.0,0.0,0.033166247903554026,0.015558029994907525,0.0,0.0,0.0,0.0,0.0,0.0,0.0,0.0,0.0,0.0,0.0,0.0,0.0,0.0,0.024494897427831782,0.0042123130005994325,0.012182636369503907,0.019053823483709872,0.0,0.0,0.0,0.0
G1.1.1,100,50,0.734,0.6086460551342243,0.0,1.0,1.0,1.0,1.0,0.0,1.0,0.0,1.0,0.0,0.0,0.0,0.0,0.0,0.47000000000000003,0.5909327358060915,0.0,0.4093589368770765,0.0,0.0,0.0,0.0,0.030495901363953838,0.009991137581410365,0.0,0.0,0.0,0.0,0.0,0.0,0.0,0.0,0.0,0.0,0.0,0.0,0.0,0.0,0.03674234614174766,0.0035417902214232686,0.0,0.014322980847422246,0.0,0.0,0.0,0.0
G1.1.1,100,100,0.674,0.5933200919283822,0.0,1.0,1.0,1.0,1.0,0.0,1.0,0.0,1.0,0.0,0.0,0.0,0.0,0.0,0.48200000000000004,0.5838207681207683,0.0,0.42106414776712653,0.0,0.0,0.0,0.0,0.0364691650576209,0.007839112909366668,0.0,0.0,0.0,0.0,0.0,0.0,0.0,0.0,0.0,0.0,0.0,0.0,0.0,0.0,0.03898717737923587,0.004383934964267824,0.0,0.01074020477343843,0.0,0.0,0.0,0.0
G1.1.2,10,10,0.8400000000000001,0.6344444444444444,0.05776215421376711,0.8861111111111111,0.8805555555555555,0.7666666666666666,0.995437638493194,0.019424713261467687,0.9947223188665841,0.024792715221665176,0.9901599573597781,0.03844023404033374,0.0,0.0,0.0,0.0,0.58,0.6014179894179894,0.06190476190476191,0.4099047619047619,0.0,0.0,0.0,0.0,0.05477225575051661,0.05147702651920818,0.018362995368288323,0.1925502980624819,0.007607257743127267,0.1887560807621608,0.007797216776112387,0.03175170367776592,0.001413293730484529,0.004155633679093033,0.007269849790936487,0.024428333713018016,0.0,0.0,0.0,0.0,0.08366600265340753,0.016619880581973376,0.08518354199999198,0.07947275235794302,0.0,0.0,0.0,0.0
G1.1.2,10,25,0.74,0.6104761904761905,0.10092209012452838,0.8178571428571428,0.8714285714285716,0.6892857142857143,0.9893617923181267,0.03573046579318985,0.9942311592741641,0.024848591958906045,0.9835929515922908,0.051897692306894685,0.0,0.0,0.0,0.0,0.5599999999999999,0.5929259259259259,0.08333333333333333,0.4103333333333333,0.0,0.0,0.0,0.0,0.0894427190999916,0.02902077213685922,0.051840965048670556,0.21294221693948345,0.08874838314135125,0.15131228688796328,0.015299075647780176,0.04199195824218151,0.0037686951710338723,0.015388525637799588,0.012575343449467478,0.03062297800343664,0.0,0.0,0.0,0.0,0.1673320053068151,0.02797534677952792,0.11785113019775792,0.01157103663847319,0.0,0.0,0.0,0.0
G1.1.2,10,50,0.82,0.5998666666666669,0.062424879402808095,0.93,0.8544444444444445,0.7844444444444444,0.9964619883040935,0.015305483817298807,0.9937944323173525,0.0233122354271375,0.990256420621446,0.03682059896959809,0.0,0.0,0.0,0.0,0.64,0.6021098765432101,0.02222222222222222,0.4088,0.0,0.0,0.0,0.0,0.14832396974191325,0.011071986673081263,0.03139650337074125,0.06471089552772392,0.09577494195337753,0.11624593448353633,0.003401519308621036,0.014378217036869825,0.004957489948501087,0.014664818417293661,0.006473196442377765,0.016065987906397263,0.0,0.0,0.0,0.0,0.19493588689617924,0.012450946579313815,0.049690399499995326,0.01947305831142095,0.0,0.0,0.0,0.0
G1.1.2,10,100,0.72,0.5795619047619052,0.06898136645962732,0.9264285714285714,0.843095238095238,0.7695238095238095,0.9969295918367347,0.014670003617579575,0.9927213595583162,0.026265033708354618,0.9896509513950509,0.03327798444327528,0.0,0.0,0.0,0.0,0.62,0.5877518518518522,0.03333333333333333,0.4283166666666666,0.0,0.0,0.0,0.0,0.19235384061671348,0.018258269334550034,0.05500058043189523,0.06886470023731689,0.1375821749911065,0.1829030200385686,0.002913601253012796,0.013720191530828594,0.0069707131794574766,0.01679920935887832,0.00915839538856814,0.02292293061745996,0.0,0.0,0.0,0.0,0.10954451150103325,0.01499285152023529,0.07453559924999298,0.015435843928265715,0.0,0.0,0.0,0.0
G1.1.2,25,10,0.76,0.6283048128342246,0.0,1.0,1.0,1.0,1.0,0.0,1.0,0.0,1.0,0.0,0.0,0.0,0.0,0.0,0.568,0.6128649918300654,0.07759803921568628,0.41004411764705884,0.0,0.0,0.0,0.0,0.09797958971132714,0.03477289740432533,0.0,0.0,0.0,0.0,0.0,0.0,0.0,0.0,0.0,0.0,0.0,0.0,0.0,0.0,0.12132600710482482,0.029607334481045463,0.0613126351978909,0.05303569993059417,0.0,0.0,0.0,0.0
G1.1.2,25,25,0.752,0.6125676691729323,0.0,1.0,1.0,1.0,1.0,0.0,1.0,0.0,1.0,0.0,0.0,0.0,0.0,0.0,0.52,0.592074381174381,0.028717948717948714,0.4081970029970031,0.0,0.0,0.0,0.0,0.07155417527999325,0.02034965045162462,0.0,0.0,0.0,0.0,0.0,0.0,0.0,0.0,0.0,0.0,0.0,0.0,0.0,0.0,0.06324555320336761,0.018473914475642835,0.03949050935010965,0.02452685174001236,0.0,0.0,0.0,0.0
G1.1.2,25,50,0.744,0.6042341057635177,0.016666666666666666,1.0,0.9777777777777779,0.9777777777777779,1.0,0.0,0.999074074074074,0.003070948879958705,0.999074074074074,0.003070948879958705,0.0,0.0,0.0,0.0,0.576,0.5875613782051285,0.0,0.4102846153846154,0.0,0.0,0.0,0.0,0.07797435475847173,0.013693397080388265,0.03726779962499649,0.0,0.04969039949999535,0.04969039949999535,0.0,0.0,0.002070433312499813,0.006866850451014506,0.002070433312499813,0.006866850451014506,0.0,0.0,0.0,0.0,0.1512613632095123,0.01894683212119401,0.0,0.022881667554161562,0.0,0.0,0.0,0.0
G1.1.2,25,100,0.648,0.6018360054548137,0.020689655172413793,0.9714285714285713,0.9857142857142858,0.9571428571428571,0.9989768851837818,0.003761932139747131,0.9994694960212203,0.00280716319476349,0.9984463812050018,0.004576763667111554,0.0,0.0,0.0,0.0,0.392,0.5801151515151519,0.02222222222222222,0.42047676767676767,0.0,0.0,0.0,0.0,0.07694153624668537,0.015326903632537064,0.04626347539654737,0.06388765649999402,0.03194382824999699,0.095831484749991,0.0022877542778511925,0.008411935991215824,0.001186242958885808,0.006277007727426646,0.003473997236737092,0.010233954676612653,0.0,0.0,0.0,0.0,0.03346640106136305,0.00601655074845825,0.049690399499995326,0.013183188906633466,0.0,0.0,0.0,0.0
G1.1.2,50,10,0.796,0.6403288099860927,0.0,1.0,1.0,1.0,1.0,0.0,1.0,0.0,1.0,0.0,0.0,0.0,0.0,0.0,0.45999999999999996,0.6083771848283827,0.01,0.376735679779158,0.0,0.0,0.0,0.0,0.05176871642217914,0.027292154115295675,0.0,0.0,0.0,0.0,0.0,0.0,0.0,0.0,0.0,0.0,0.0,0.0,0.0,0.0,0.05477225575051662,0.02107896518653783,0.022360679774997897,0.05186559473396655,0.0,0.0,0.0,0.0
G1.1.2,50,25,0.748,0.6192911307441248,0.0,1.0,1.0,1.0,1.0,0.0,1.0,0.0,1.0,0.0,0.0,0.0,0.0,0.0,0.45599999999999996,0.578172151657866,0.0,0.4000685314685315,0.0,0.0,0.0,0.0,0.05215361924162119,0.011498673346110367,0.0,0.0,0.0,0.0,0.0,0.0,0.0,0.0,0.0,0.0,0.0,0.0,0.0,0.0,0.045607017003965515,0.005791248493992175,0.0,0.017440789641876665,0.0,0.0,0.0,0.0
G1.1.2,50,50,0.764,0.6099656474739918,0.0,1.0,1.0,1.0,1.0,0.0,1.0,0.0,1.0,0.0,0.0,0.0,0.0,0.0,0.476,0.5849400686086402,0.0,0.4099977207977208,0.0,0.0,0.0,0.0,0.04774934554525329,0.008815136445451944,0.0,0.0,0.0,0.0,0.0,0.0,0.0,0.0,0.0,0.0,0.0,0.0,0.0,0.0,0.09939818911831343,0.009769172735439473,0.0,0.01024393955364602,0.0,0.0,0.0,0.0
G1.1.2,50,100,0.708,0.5952004392004395,0.0,1.0,1.0,1.0,1.0,0.0,1.0,0.0,1.0,0.0,0.0,0.0,0.0,0.0,0.488,0.5812243802456051,0.0,0.4192252813852814,0.0,0.0,0.0,0.0,0.052153619241621194,0.006893407051266725,0.0,0.0,0.0,0.0,0.0,0.0,0.0,0.0,0.0,0.0,0.0,0.0,0.0,0.0,0.07014271166700074,0.00343733829482954,0.0,0.0133131641092323,0.0,0.0,0.0,0.0
G1.1.2,100,10,0.776,0.6385564228874573,0.0,1.0,1.0,1.0,1.0,0.0,1.0,0.0,1.0,0.0,0.0,0.0,0.0,0.0,0.344,0.6017548850065486,0.029118773946360154,0.4045352802067866,0.0,0.0,0.0,0.0,0.06188699378706324,0.019481708233410472,0.0,0.0,0.0,0.0,0.0,0.0,0.0,0.0,0.0,0.0,0.0,0.0,0.0,0.0,0.03507135583350037,0.011949687809750698,0.03415258059105008,0.03078303574481231,0.0,0.0,0.0,0.0
G1.1.2,100,25,0.738,0.6077608188776373,0.0,1.0,1.0,1.0,1.0,0.0,1.0,0.0,1.0,0.0,0.0,0.0,0.0,0.0,0.47400000000000003,0.5911980329840419,0.0047619047619047615,0.4206279266832458,0.0,0.0,0.0,0.0,0.043817804600413304,0.013432551422464996,0.0,0.0,0.0,0.0,0.0,0.0,0.0,0.0,0.0,0.0,0.0,0.0,0.0,0.0,0.04827007354458871,0.005713411644286529,0.010647942749998997,0.023025317622591836,0.0,0.0,0.0,0.0
G1.1.2,100,50,0.744,0.6057520448079661,0.0,1.0,1.0,1.0,1.0,0.0,1.0,0.0,1.0,0.0,0.0,0.0,0.0,0.0,0.508,0.5843285349295022,0.0,0.41303514570535843,0.0,0.0,0.0,0.0,0.06188699378706322,0.006421886442298479,0.0,0.0,0.0,0.0,0.0,0.0,0.0,0.0,0.0,0.0,0.0,0.0,0.0,0.0,0.0516720427310553,0.006759971500345013,0.0,0.012011311184438295,0.0,0.0,0.0,0.0
G1.1.2,100,100,0.726,0.5952420716112535,0.0,1.0,1.0,1.0,1.0,0.0,1.0,0.0,1.0,0.0,0.0,0.0,0.0,0.0,0.554,0.581607447858735,0.0,0.41658112188003804,0.0,0.0,0.0,0.0,0.058991524815010514,0.004347572666377057,0.0,0.0,0.0,0.0,0.0,0.0,0.0,0.0,0.0,0.0,0.0,0.0,0.0,0.0,0.06268971207462995,0.004415110131481091,0.0,0.005464046710847703,0.0,0.0,0.0,0.0
G1.1.3,10,10,0.78,0.6062301587301586,0.0258526999316473,0.8539682539682539,0.8380952380952381,0.692063492063492,0.9980462621651531,0.013948631703119727,0.9975924660135187,0.017116940654980616,0.9956387281786718,0.024549717519788794,0.0,0.0,0.0,0.0,0.54,0.6066190476190476,0.11333333333333333,0.4288095238095238,0.0,0.0,0.0,0.0,0.13038404810405302,0.07064099536924265,0.015730401117708487,0.13580475959496782,0.124681504042257,0.17979299986849678,0.001805917200079555,0.01390036533665658,0.0016289155567448396,0.010294213350715037,0.0025649570581799406,0.014832722042540594,0.0,0.0,0.0,0.0,0.11401754250991378,0.02524593069943807,0.1043498389499902,0.09456008659748712,0.0,0.0,0.0,0.0
G1.1.3,10,25,0.7,0.5781333333333334,0.02237871674491393,0.7466666666666667,0.9333333333333333,0.6799999999999999,0.9952419144496609,0.02307334995170459,0.9981220657276996,0.012368018659454924,0.9933639801773605,0.0296374840196637,0.0,0.0,0.0,0.0,0.5,0.5805185185185184,0.0,0.4533333333333333,0.0,0.0,0.0,0.0,0.18708286933869708,0.026455459890629255,0.030644568667683957,0.3476907949441413,0.14907119849998596,0.4604345773288535,0.006554734138485781,0.031741300747738344,0.00419918869014041,0.02765573046952703,0.009943508996238953,0.04314719530483532,0.0,0.0,0.0,0.0,0.1414213562373095,0.03505394627598856,0.0,0.03559026084010434,0.0,0.0,0.0,0.0
G1.1.3,10,50,0.64,0.5936142857142859,0.0380368334408364,0.8933333333333333,0.7866666666666667,0.6799999999999999,0.9985213032581454,0.01041483693457688,0.9966264091727398,0.020370109226741866,0.9951477124308852,0.023909748116668867,0.0,0.0,0.0,0.0,0.5,0.5992518518518521,0.05,0.4022,0.0,0.0,0.0,0.0,0.11401754250991378,0.022334884198361025,0.04115317655093036,0.1534781924429512,0.22924998485399195,0.29495762407505255,0.0021603370365423816,0.0144447359193388,0.0034099748689949204,0.019052624718505426,0.00449561618419497,0.022247105069558282,0.0,0.0,0.0,0.0,0.09999999999999998,0.015312707544574812,0.1118033988749895,0.03733898766704851,0.0,0.0,0.0,0.0
G1.1.3,10,100,0.76,0.600987301587302,0.018007462094149402,0.9466666666666667,0.8936507936507937,0.8403174603174604,0.9993261093911249,0.005954863243533256,0.9986156630893473,0.010566578246213987,0.9979417724804722,0.014260484026987447,0.0,0.0,0.0,0.0,0.58,0.596650793650794,0.07857142857142857,0.41958571428571434,0.0,0.0,0.0,0.0,0.1816590212458495,0.021208981872511686,0.01504849647073619,0.07673909622147555,0.10126436766816875,0.12590613867924652,0.000990279295738303,0.008655184840647279,0.0013112317814723243,0.009693545203320122,0.001665034169547433,0.009806218254573918,0.0,0.0,0.0,0.0,0.13038404810405296,0.0059471935067900595,0.11406228159050935,0.010212837060108585,0.0,0.0,0.0,0.0
G1.1.3,25,10,0.792,0.6030389610389609,0.0,1.0,1.0,1.0,1.0,0.0,1.0,0.0,1.0,0.0,0.0,0.0,0.0,0.0,0.52,0.5906810134310134,0.03428571428571429,0.41915750915750916,0.0,0.0,0.0,0.0,0.09121403400793106,0.013606522698421287,0.0,0.0,0.0,0.0,0.0,0.0,0.0,0.0,0.0,0.0,0.0,0.0,0.0,0.0,0.07483314773547883,0.01583757852115022,0.048022103754204605,0.01576717790707486,0.0,0.0,0.0,0.0
G1.1.3,25,25,0.784,0.6218359761295823,0.0,1.0,1.0,1.0,1.0,0.0,1.0,0.0,1.0,0.0,0.0,0.0,0.0,0.0,0.488,0.600014705882353,0.014285714285714285,0.4090812324929972,0.0,0.0,0.0,0.0,0.09208691546577072,0.021198284263666753,0.0,0.0,0.0,0.0,0.0,0.0,0.0,0.0,0.0,0.0,0.0,0.0,0.0,0.0,0.16099689437998488,0.022108726535302183,0.031943828249996996,0.030514118452974224,0.0,0.0,0.0,0.0
G1.1.3,25,50,0.728,0.5944863408521306,0.0024691358024691358,0.9866666666666667,1.0,0.9866666666666667,0.9998353909465021,0.0014723081333331948,1.0,0.0,0.9998353909465021,0.0014723081333331948,0.0,0.0,0.0,0.0,0.528,0.5862722862105217,0.01818181818181818,0.4208174413821473,0.0,0.0,0.0,0.0,0.10353743284435829,0.01120736110271568,0.005521155499999481,0.029814239699997195,0.0,0.029814239699997195,0.00036807703333328754,0.0032921810699588472,0.0,0.0,0.00036807703333328754,0.0032921810699588472,0.0,0.0,0.0,0.0,0.11454256850621085,0.0204175800190803,0.040655781409087086,0.013355286462694191,0.0,0.0,0.0,0.0
G1.1.3,25,100,0.736,0.6038836797877049,0.0,1.0,1.0,1.0,1.0,0.0,1.0,0.0,1.0,0.0,0.0,0.0,0.0,0.0,0.472,0.5814338203463206,0.0,0.41376839826839823,0.0,0.0,0.0,0.0,0.0779743547584717,0.012216615957449417,0.0,0.0,0.0,0.0,0.0,0.0,0.0,0.0,0.0,0.0,0.0,0.0,0.0,0.0,0.05932958789676531,0.009562907017478613,0.0,0.019594080974116065,0.0,0.0,0.0,0.0
G1.1.3,50,10,0.728,0.6384586645468999,0.0,1.0,1.0,1.0,1.0,0.0,1.0,0.0,1.0,0.0,0.0,0.0,0.0,0.0,0.356,0.5962677702660011,0.022291021671826623,0.3865967492260062,0.0,0.0,0.0,0.0,0.050199601592044556,0.01511571338496498,0.0,0.0,0.0,0.0,0.0,0.0,0.0,0.0,0.0,0.0,0.0,0.0,0.0,0.0,0.032863353450309954,0.025821257799364228,0.03060164406972524,0.017893306386124203,0.0,0.0,0.0,0.0
G1.1.3,50,25,0.748,0.6231552123552124,0.0,1.0,1.0,1.0,1.0,0.0,1.0,0.0,1.0,0.0,0.0,0.0,0.0,0.0,0.45600000000000007,0.5886858137426016,0.0,0.40368832616658706,0.0,0.0,0.0,0.0,0.050199601592044577,0.015736854340910756,0.0,0.0,0.0,0.0,0.0,0.0,0.0,0.0,0.0,0.0,0.0,0.0,0.0,0.0,0.04774934554525328,0.005085075001902397,0.0,0.028585826029228344,0.0,0.0,0.0,0.0
G1.1.3,50,50,0.752,0.6064201585043694,0.0,1.0,1.0,1.0,1.0,0.0,1.0,0.0,1.0,0.0,0.0,0.0,0.0,0.0,0.532,0.5868921600895002,0.0,0.41016268788682586,0.0,0.0,0.0,0.0,0.03633180424916994,0.009888338160815396,0.0,0.0,0.0,0.0,0.0,0.0,0.0,0.0,0.0,0.0,0.0,0.0,0.0,0.0,0.04604345773288536,0.008735994825537273,0.0,0.013032335903576423,0.0,0.0,0.0,0.0
G1.1.3,50,100,0.736,0.5931530030030034,0.0,1.0,1.0,1.0,1.0,0.0,1.0,0.0,1.0,0.0,0.0,0.0,0.0,0.0,0.508,0.5857586923658354,0.0,0.4217936507936508,0.0,0.0,0.0,0.0,0.03847076812334273,0.0038453015342016965,0.0,0.0,0.0,0.0,0.0,0.0,0.0,0.0,0.0,0.0,0.0,0.0,0.0,0.0,0.05761944116355177,0.0038708301942420105,0.0,0.003461991731256929,0.0,0.0,0.0,0.0
G1.1.3,100,10,0.794,0.6269689673705738,0.0,1.0,1.0,1.0,1.0,0.0,1.0,0.0,1.0,0.0,0.0,0.0,0.0,0.0,0.394,0.5998297796088494,0.009779367918902802,0.40186752136752146,0.0,0.0,0.0,0.0,0.025099800796022247,0.01903531963333846,0.0,0.0,0.0,0.0,0.0,0.0,0.0,0.0,0.0,0.0,0.0,0.0,0.0,0.0,0.025099800796022274,0.011525949404386523,0.013417478284840563,0.02342526347358917,0.0,0.0,0.0,0.0
G1.1.3,100,25,0.754,0.6115741131015103,0.0,1.0,1.0,1.0,1.0,0.0,1.0,0.0,1.0,0.0,0.0,0.0,0.0,0.0,0.45200000000000007,0.5873197336699312,0.004347826086956522,0.41207205837640626,0.0,0.0,0.0,0.0,0.03361547262794325,0.007711216790954284,0.0,0.0,0.0,0.0,0.0,0.0,0.0,0.0,0.0,0.0,0.0,0.0,0.0,0.0,0.04381780460041327,0.004392383517789111,0.009722034684781694,0.009279600408731024,0.0,0.0,0.0,0.0
G1.1.3,100,50,0.75,0.6005142703857352,0.0,1.0,1.0,1.0,1.0,0.0,1.0,0.0,1.0,0.0,0.0,0.0,0.0,0.0,0.516,0.5804049903422946,0.0,0.4199693237796686,0.0,0.0,0.0,0.0,0.05291502622129185,0.01215280726193668,0.0,0.0,0.0,0.0,0.0,0.0,0.0,0.0,0.0,0.0,0.0,0.0,0.0,0.0,0.06985699678629194,0.004433803583876794,0.0,0.01575721998920051,0.0,0.0,0.0,0.0
G1.1.3,100,100,0.688,0.5987060291137162,0.0,1.0,1.0,1.0,1.0,0.0,1.0,0.0,1.0,0.0,0.0,0.0,0.0,0.0,0.462,0.5847985109097398,0.0,0.41660866181191764,0.0,0.0,0.0,0.0,0.04658325879540846,0.006923526296443796,0.0,0.0,0.0,0.0,0.0,0.0,0.0,0.0,0.0,0.0,0.0,0.0,0.0,0.0,0.05674504383644444,0.0022917215114495234,0.0,0.00806477966952693,0.0,0.0,0.0,0.0
G1.2.1,10,10,0.96,0.728,0.0,1.0,1.0,1.0,1.0,0.0,1.0,0.0,1.0,0.0,0.0,0.0,0.0,0.0,0.54,0.5311481481481481,0.03333333333333333,0.2733333333333333,0.0,0.0,0.0,0.0,0.05477225575051663,0.046043457732885394,0.0,0.0,0.0,0.0,0.0,0.0,0.0,0.0,0.0,0.0,0.0,0.0,0.0,0.0,0.08944271909999157,0.035002547428360446,0.07453559924999298,0.04503085362035431,0.0,0.0,0.0,0.0
G1.2.1,10,25,0.9199999999999999,0.6910984126984128,0.014250000000000002,0.9714285714285715,0.9800000000000001,0.9514285714285714,0.9991071428571429,0.004971218181098235,0.9992000000000001,0.0039191835884530846,0.9983071428571428,0.008890401769551314,0.0,0.0,0.0,0.0,0.6199999999999999,0.5292613756613755,0.0,0.33371428571428574,0.0,0.0,0.0,0.0,0.130384048104053,0.028133483071608685,0.01975632810013035,0.06388765649999398,0.04472135954999578,0.06821335077893324,0.00199648926562478,0.011115981783918514,0.0017888543819998349,0.008763560920082656,0.0023238448962959496,0.012314920188351142,0.0,0.0,0.0,0.0,0.08366600265340753,0.02465766327802846,0.0,0.03467111431437492,0.0,0.0,0.0,0.0
G1.2.1,10,50,0.9400000000000001,0.6954222222222226,0.008333333333333333,0.9800000000000001,1.0,0.9800000000000001,0.9991666666666668,0.0039965262694272655,1.0,0.0,0.9991666666666668,0.0039965262694272655,0.0,0.0,0.0,0.0,0.6799999999999999,0.5398915343915346,0.0,0.3133571428571429,0.0,0.0,0.0,0.0,0.08944271909999156,0.021620520659323822,0.018633899812498245,0.04472135954999581,0.0,0.04472135954999581,0.0018633899812499082,0.008936504412303006,0.0,0.0,0.0018633899812499082,0.008936504412303006,0.0,0.0,0.0,0.0,0.0836660026534076,0.005630171011681916,0.0,0.01857379411063872,0.0,0.0,0.0,0.0
G1.2.1,10,100,1.0,0.6808000000000003,0.020833333333333332,0.96,1.0,0.96,0.9979166666666666,0.008837755452186536,1.0,0.0,0.9979166666666666,0.008837755452186536,0.0,0.0,0.0,0.0,0.52,0.5405395061728397,0.0,0.3442333333333333,0.0,0.0,0.0,0.0,0.0,0.009884331034521321,0.02946278254943948,0.05477225575051658,0.0,0.05477225575051658,0.0029462782549439497,0.012193373696318534,0.0,0.0,0.0029462782549439497,0.012193373696318534,0.0,0.0,0.0,0.0,0.21679483388678802,0.008818952412746361,0.0,0.018507355894946797,0.0,0.0,0.0,0.0
G1.2.1,25,10,0.9279999999999999,0.7296574440052701,0.0,1.0,1.0,1.0,1.0,0.0,1.0,0.0,1.0,0.0,0.0,0.0,0.0,0.0,0.488,0.5458867521367521,0.0,0.2617948717948718,0.0,0.0,0.0,0.0,0.03346640106136296,0.028153334063223685,0.0,0.0,0.0,0.0,0.0,0.0,0.0,0.0,0.0,0.0,0.0,0.0,0.0,0.0,0.017888543819998333,0.017229210068458126,0.0,0.022729760487834413,0.0,0.0,0.0,0.0
G1.2.1,25,25,0.976,0.7081808695652174,0.0,1.0,1.0,1.0,1.0,0.0,1.0,0.0,1.0,0.0,0.0,0.0,0.0,0.0,0.68,0.5506892648287385,0.0,0.29222243844906387,0.0,0.0,0.0,0.0,0.03577708763999661,0.02641468801464736,0.0,0.0,0.0,0.0,0.0,0.0,0.0,0.0,0.0,0.0,0.0,0.0,0.0,0.0,0.10198039027185568,0.017212984647971476,0.0,0.02225860259103389,0.0,0.0,0.0,0.0
G1.2.1,25,50,0.992,0.701706666666667,0.0,1.0,1.0,1.0,1.0,0.0,1.0,0.0,1.0,0.0,0.0,0.0,0.0,0.0,0.64,0.5402731237816767,0.0,0.2981719298245614,0.0,0.0,0.0,0.0,0.017888543819998333,0.016190642015957508,0.0,0.0,0.0,0.0,0.0,0.0,0.0,0.0,0.0,0.0,0.0,0.0,0.0,0.0,0.10954451150103323,0.006507586080796172,0.0,0.034991416966324324,0.0,0.0,0.0,0.0
G1.2.1,25,100,0.992,0.6893833333333338,0.0,1.0,1.0,1.0,1.0,0.0,1.0,0.0,1.0,0.0,0.0,0.0,0.0,0.0,0.64,0.5432098397034255,0.0,0.31384473684210523,0.0,0.0,0.0,0.0,0.017888543819998333,0.0075796694445660635,0.0,0.0,0.0,0.0,0.0,0.0,0.0,0.0,0.0,0.0,0.0,0.0,0.0,0.0,0.0748331477354788,0.008590364572665644,0.0,0.01152361235870192,0.0,0.0,0.0,0.0
G1.2.1,50,10,0.9559999999999998,0.7133798306556665,0.0,1.0,1.0,1.0,1.0,0.0,1.0,0.0,1.0,0.0,0.0,0.0,0.0,0.0,0.528,0.5506289588996356,0.013468013468013467,0.2989345547240284,0.0,0.0,0.0,0.0,0.016733200530681523,0.007414026333690916,0.0,0.0,0.0,0.0,0.0,0.0,0.0,0.0,0.0,0.0,0.0,0.0,0.0,0.0,0.09959919678390987,0.021840775457460045,0.01859488386731862,0.03179000544524086,0.0,0.0,0.0,0.0
G1.2.1,50,25,0.976,0.7031462585034014,0.0,1.0,1.0,1.0,1.0,0.0,1.0,0.0,1.0,0.0,0.0,0.0,0.0,0.0,0.596,0.5383066679206244,0.0,0.305105376344086,0.0,0.0,0.0,0.0,0.008944271909999166,0.012331949166448962,0.0,0.0,0.0,0.0,0.0,0.0,0.0,0.0,0.0,0.0,0.0,0.0,0.0,0.0,0.021908902300206624,0.009238344710186336,0.0,0.015788986034867763,0.0,0.0,0.0,0.0
G1.2.1,50,50,0.992,0.6976914285714289,0.0,1.0,1.0,1.0,1.0,0.0,1.0,0.0,1.0,0.0,0.0,0.0,0.0,0.0,0.688,0.5308906036722476,0.0,0.3031217460095863,0.0,0.0,0.0,0.0,0.010954451150103338,0.006099110346769805,0.0,0.0,0.0,0.0,0.0,0.0,0.0,0.0,0.0,0.0,0.0,0.0,0.0,0.0,0.09230384607371464,0.007666619969501008,0.0,0.004825046015658727,0.0,0.0,0.0,0.0
G1.2.1,50,100,1.0,0.6915600000000003,0.0,1.0,1.0,1.0,1.0,0.0,1.0,0.0,1.0,0.0,0.0,0.0,0.0,0.0,0.6799999999999999,0.5405235516652571,0.0,0.31219967603233734,0.0,0.0,0.0,0.0,0.0,0.004559385923564745,0.0,0.0,0.0,0.0,0.0,0.0,0.0,0.0,0.0,0.0,0.0,0.0,0.0,0.0,0.05656854249492377,0.004824870727229395,0.0,0.005623067017179974,0.0,0.0,0.0,0.0
G1.2.1,100,10,0.9560000000000001,0.701977105436136,0.0,1.0,1.0,1.0,1.0,0.0,1.0,0.0,1.0,0.0,0.0,0.0,0.0,0.0,0.442,0.5498303220364726,0.005128205128205128,0.3042217182840725,0.0,0.0,0.0,0.0,0.02073644135332769,0.009416956040021119,0.0,0.0,0.0,0.0,0.0,0.0,0.0,0.0,0.0,0.0,0.0,0.0,0.0,0.0,0.043243496620879306,0.006122651311921931,0.011467015269229691,0.02049354657235095,0.0,0.0,0.0,0.0
G1.2.1,100,25,0.958,0.695081396146965,0.0,1.0,1.0,1.0,1.0,0.0,1.0,0.0,1.0,0.0,0.0,0.0,0.0,0.0,0.518,0.5413528143941997,0.0,0.3152587260358689,0.0,0.0,0.0,0.0,0.017888543819998343,0.006633495439725743,0.0,0.0,0.0,0.0,0.0,0.0,0.0,0.0,0.0,0.0,0.0,0.0,0.0,0.0,0.05805170109479997,0.006090667226642674,0.0,0.008829653022254132,0.0,0.0,0.0,0.0
G1.2.1,100,50,0.986,0.6950889878375597,0.0,1.0,1.0,1.0,1.0,0.0,1.0,0.0,1.0,0.0,0.0,0.0,0.0,0.0,0.6020000000000001,0.5376137605647784,0.0,0.31259795627258313,0.0,0.0,0.0,0.0,0.01140175425099139,0.007393931658432434,0.0,0.0,0.0,0.0,0.0,0.0,0.0,0.0,0.0,0.0,0.0,0.0,0.0,0.0,0.06418722614352487,0.0034435415533587356,0.0,0.015614835139556292,0.0,0.0,0.0,0.0
G1.2.1,100,100,0.998,0.6981050505050508,0.0,1.0,1.0,1.0,1.0,0.0,1.0,0.0,1.0,0.0,0.0,0.0,0.0,0.0,0.658,0.539940990703286,0.0,0.302776216497528,0.0,0.0,0.0,0.0,0.004472135954999583,0.005458084196269042,0.0,0.0,0.0,0.0,0.0,0.0,0.0,0.0,0.0,0.0,0.0,0.0,0.0,0.0,0.057183913821983186,0.0014103809595817048,0.0,0.007513550510008264,0.0,0.0,0.0,0.0
G1.2.2,10,10,0.9800000000000001,0.7106666666666666,0.04996549344375431,0.96,0.9199999999999999,0.8800000000000001,0.9976543209876543,0.006644911921381674,0.9961145617667355,0.014530721351773041,0.99376888275439,0.020165868614952037,0.0,0.0,0.0,0.0,0.6799999999999999,0.5683033509700176,0.03333333333333333,0.2902857142857143,0.0,0.0,0.0,0.0,0.04472135954999578,0.0422558345741219,0.052018218658896005,0.08944271909999156,0.08366600265340753,0.130384048104053,0.005245097724999513,0.014858474760708161,0.004030743905798535,0.013661433531649465,0.007317912575083177,0.02152675118366552,0.0,0.0,0.0,0.0,0.14832396974191325,0.032865520870754616,0.07453559924999298,0.039471566160305734,0.0,0.0,0.0,0.0
G1.2.2,10,25,0.9800000000000001,0.6898666666666666,0.024233766233766236,0.9800000000000001,0.9577777777777777,0.9377777777777778,0.9992857142857142,0.0037115374447904497,0.9981898989898991,0.008548047926792318,0.9974756132756133,0.012259585371582768,0.0,0.0,0.0,0.0,0.6599999999999999,0.5532148148148147,0.0,0.30238095238095236,0.0,0.0,0.0,0.0,0.04472135954999578,0.019968864653644083,0.022390002105833025,0.04472135954999578,0.05794846582402355,0.05698169513314702,0.0015971914124998875,0.008299250027587319,0.002506255819511138,0.011771937072706276,0.002366435168914125,0.011319896358349834,0.0,0.0,0.0,0.0,0.11401754250991379,0.02346179278581463,0.0,0.029791413942127747,0.0,0.0,0.0,0.0
G1.2.2,10,50,0.9400000000000001,0.7021333333333336,0.01111111111111111,0.9777777777777779,1.0,0.9777777777777779,0.9987654320987656,0.005090253858787238,1.0,0.0,0.9987654320987656,0.005090253858787238,0.0,0.0,0.0,0.0,0.6599999999999999,0.5512105820105822,0.0,0.3028047619047619,0.0,0.0,0.0,0.0,0.08944271909999156,0.009734246532503474,0.024845199749997663,0.049690399499995354,0.0,0.049690399499995354,0.002760577749999759,0.011382153650978881,0.0,0.0,0.002760577749999759,0.011382153650978881,0.0,0.0,0.0,0.0,0.11401754250991378,0.01714160554579268,0.0,0.008707068309640869,0.0,0.0,0.0,0.0
G1.2.2,10,100,0.9400000000000001,0.6941111111111115,0.008333333333333333,1.0,0.9800000000000001,0.9800000000000001,1.0,0.0,0.9991666666666668,0.0039965262694272655,0.9991666666666668,0.0039965262694272655,0.0,0.0,0.0,0.0,0.8400000000000001,0.5386885361552031,0.0,0.30625238095238094,0.0,0.0,0.0,0.0,0.05477225575051658,0.016281853869633565,0.018633899812498245,0.0,0.04472135954999578,0.04472135954999578,0.0,0.0,0.0018633899812498615,0.008936504412303006,0.0018633899812498615,0.008936504412303006,0.0,0.0,0.0,0.0,0.11401754250991378,0.011458307145923639,0.0,0.021345549157162982,0.0,0.0,0.0,0.0
G1.2.2,25,10,0.976,0.7173565217391303,0.0,1.0,1.0,1.0,1.0,0.0,1.0,0.0,1.0,0.0,0.0,0.0,0.0,0.0,0.5439999999999999,0.5598075494766672,0.0,0.2920655423008364,0.0,0.0,0.0,0.0,0.03577708763999661,0.016789770942975374,0.0,0.0,0.0,0.0,0.0,0.0,0.0,0.0,0.0,0.0,0.0,0.0,0.0,0.0,0.09633275663033838,0.027473637738721052,0.0,0.020004490032917082,0.0,0.0,0.0,0.0
G1.2.2,25,25,0.968,0.7140266666666667,0.0,1.0,1.0,1.0,1.0,0.0,1.0,0.0,1.0,0.0,0.0,0.0,0.0,0.0,0.64,0.5494751984126983,0.0,0.3056825396825397,0.0,0.0,0.0,0.0,0.017888543819998333,0.012732862120425922,0.0,0.0,0.0,0.0,0.0,0.0,0.0,0.0,0.0,0.0,0.0,0.0,0.0,0.0,0.07999999999999996,0.00886494602439791,0.0,0.009018611254200774,0.0,0.0,0.0,0.0
G1.2.2,25,50,0.984,0.6945333333333337,0.0,1.0,1.0,1.0,1.0,0.0,1.0,0.0,1.0,0.0,0.0,0.0,0.0,0.0,0.6,0.544549636912795,0.0,0.3097720454983613,0.0,0.0,0.0,0.0,0.021908902300206676,0.0136475476022455,0.0,0.0,0.0,0.0,0.0,0.0,0.0,0.0,0.0,0.0,0.0,0.0,0.0,0.0,0.09380831519646857,0.008725080368514278,0.0,0.017731735210819017,0.0,0.0,0.0,0.0
G1.2.2,25,100,0.992,0.6912866666666669,0.0,1.0,1.0,1.0,1.0,0.0,1.0,0.0,1.0,0.0,0.0,0.0,0.0,0.0,0.6719999999999999,0.5442248015873018,0.0,0.30976785714285715,0.0,0.0,0.0,0.0,0.017888543819998333,0.005494016947755206,0.0,0.0,0.0,0.0,0.0,0.0,0.0,0.0,0.0,0.0,0.0,0.0,0.0,0.0,0.09549869109050654,0.009334657818898516,0.0,0.01300980655544029,0.0,0.0,0.0,0.0
G1.2.2,50,10,0.952,0.6909379649732232,0.0,1.0,1.0,1.0,1.0,0.0,1.0,0.0,1.0,0.0,0.0,0.0,0.0,0.0,0.44400000000000006,0.5440531373388516,0.0,0.3166699966699967,0.0,0.0,0.0,0.0,0.03898717737923588,0.015179535525344675,0.0,0.0,0.0,0.0,0.0,0.0,0.0,0.0,0.0,0.0,0.0,0.0,0.0,0.0,0.04560701700396551,0.021470206682790986,0.0,0.02023927632060869,0.0,0.0,0.0,0.0
G1.2.2,50,25,0.968,0.7079187291938053,0.0,1.0,1.0,1.0,1.0,0.0,1.0,0.0,1.0,0.0,0.0,0.0,0.0,0.0,0.5519999999999999,0.5453402562995642,0.0,0.3037987486182213,0.0,0.0,0.0,0.0,0.017888543819998333,0.011510266214117451,0.0,0.0,0.0,0.0,0.0,0.0,0.0,0.0,0.0,0.0,0.0,0.0,0.0,0.0,0.09338094023943004,0.00989692427413741,0.0,0.013043293906435547,0.0,0.0,0.0,0.0
G1.2.2,50,50,0.9800000000000001,0.6948438095238098,0.0,1.0,1.0,1.0,1.0,0.0,1.0,0.0,1.0,0.0,0.0,0.0,0.0,0.0,0.712,0.5438819453977017,0.0,0.30269734043998753,0.0,0.0,0.0,0.0,0.014142135623730963,0.005045064208490006,0.0,0.0,0.0,0.0,0.0,0.0,0.0,0.0,0.0,0.0,0.0,0.0,0.0,0.0,0.054037024344425165,0.003623183786779794,0.0,0.008125949107794008,0.0,0.0,0.0,0.0
G1.2.2,50,100,1.0,0.6929600000000005,0.0,1.0,1.0,1.0,1.0,0.0,1.0,0.0,1.0,0.0,0.0,0.0,0.0,0.0,0.664,0.5419776534269625,0.0,0.30806614532420984,0.0,0.0,0.0,0.0,0.0,0.006645900992341028,0.0,0.0,0.0,0.0,0.0,0.0,0.0,0.0,0.0,0.0,0.0,0.0,0.0,0.0,0.03577708763999662,0.00371168188110623,0.0,0.007937082594338271,0.0,0.0,0.0,0.0
G1.2.2,100,10,0.9460000000000001,0.710848217653596,0.0,1.0,1.0,1.0,1.0,0.0,1.0,0.0,1.0,0.0,0.0,0.0,0.0,0.0,0.45,0.5601944561996322,0.0,0.2888816891425587,0.0,0.0,0.0,0.0,0.020736441353327688,0.007733184296840797,0.0,0.0,0.0,0.0,0.0,0.0,0.0,0.0,0.0,0.0,0.0,0.0,0.0,0.0,0.04743416490252569,0.0119678120112191,0.0,0.01648164355591737,0.0,0.0,0.0,0.0
G1.2.2,100,25,0.9719999999999999,0.7010711496407371,0.0,1.0,1.0,1.0,1.0,0.0,1.0,0.0,1.0,0.0,0.0,0.0,0.0,0.0,0.5599999999999999,0.5418070314309595,0.0,0.3006583211404747,0.0,0.0,0.0,0.0,0.010954451150103338,0.006986202878886449,0.0,0.0,0.0,0.0,0.0,0.0,0.0,0.0,0.0,0.0,0.0,0.0,0.0,0.0,0.033166247903554,0.0059734010012374135,0.0,0.010676893328773874,0.0,0.0,0.0,0.0
G1.2.2,100,50,0.976,0.6965166508004741,0.0,1.0,1.0,1.0,1.0,0.0,1.0,0.0,1.0,0.0,0.0,0.0,0.0,0.0,0.64,0.5340410006179506,0.0,0.30804257804893875,0.0,0.0,0.0,0.0,0.016733200530681547,0.006473859790137662,0.0,0.0,0.0,0.0,0.0,0.0,0.0,0.0,0.0,0.0,0.0,0.0,0.0,0.0,0.06892024376045108,0.002630528282026518,0.0,0.009825592635012585,0.0,0.0,0.0,0.0
G1.2.2,100,100,0.99,0.6952623335394768,0.0,1.0,1.0,1.0,1.0,0.0,1.0,0.0,1.0,0.0,0.0,0.0,0.0,0.0,0.6599999999999999,0.5383544608195737,0.0,0.30445341799873693,0.0,0.0,0.0,0.0,0.010000000000000009,0.004554301218145691,0.0,0.0,0.0,0.0,0.0,0.0,0.0,0.0,0.0,0.0,0.0,0.0,0.0,0.0,0.06633249580710798,0.002069946593782385,0.0,0.007688474491665765,0.0,0.0,0.0,0.0
G1.2.3,10,10,0.9199999999999999,0.698031746031746,0.013299475759843546,0.9777777777777779,0.9114285714285714,0.8892063492063492,0.9996996996996996,0.0025657668904857465,0.9988275407393987,0.008724466106518109,0.9985272404390985,0.011290232997003855,0.0,0.0,0.0,0.0,0.6,0.5301851851851851,0.04,0.354,0.0,0.0,0.0,0.0,0.130384048104053,0.03146434552080587,0.009850493024123372,0.04969039949999535,0.08829449794492822,0.07310553501056641,0.0006714918851350848,0.005737229181544387,0.0012070215975432247,0.008269004129130335,0.0010136951310019259,0.006732745523630451,0.0,0.0,0.0,0.0,0.12247448713915891,0.050213194315856066,0.0894427190999916,0.04245258793315459,0.0,0.0,0.0,0.0
G1.2.3,10,25,0.9800000000000001,0.6877333333333333,0.016029486375981138,0.96,0.9400000000000001,0.9,0.9994791138170134,0.00453319682307885,0.9991648511256355,0.0055876166979633365,0.9986439649426488,0.008807544698814587,0.0,0.0,0.0,0.0,0.6199999999999999,0.5278412698412699,0.0,0.3466666666666667,0.0,0.0,0.0,0.0,0.04472135954999578,0.04186114613284686,0.01687990162766185,0.0547722557505166,0.08944271909999156,0.09999999999999998,0.0007148549679700858,0.006210737511165651,0.0012929915624375287,0.007926103368484195,0.001362857286608648,0.008269365683790969,0.0,0.0,0.0,0.0,0.13038404810405294,0.03682259157350238,0.0,0.06075862060090127,0.0,0.0,0.0,0.0
G1.2.3,10,50,0.9199999999999999,0.7031555555555559,0.011821337794685065,1.0,0.9155555555555555,0.9155555555555555,1.0,0.0,0.998998744773503,0.007721635113617721,0.998998744773503,0.007721635113617721,0.0,0.0,0.0,0.0,0.6199999999999999,0.532088183421517,0.0,0.32123809523809527,0.0,0.0,0.0,0.0,0.08366600265340753,0.021732606213694335,0.014257130163600888,0.0,0.0918264600506417,0.0918264600506417,0.0,0.0,0.0010739507610852679,0.007443020378874677,0.0010739507610852679,0.007443020378874677,0.0,0.0,0.0,0.0,0.21679483388678802,0.02359664319757568,0.0,0.03204234726327939,0.0,0.0,0.0,0.0
G1.2.3,10,100,1.0,0.7018000000000004,0.002666666666666667,1.0,0.9800000000000001,0.9800000000000001,1.0,0.0,0.9997333333333334,0.0022939534045447,0.9997333333333334,0.0022939534045447,0.0,0.0,0.0,0.0,0.6,0.54378835978836,0.0,0.31723809523809526,0.0,0.0,0.0,0.0,0.0,0.007259476565152636,0.0059628479399994406,0.0,0.04472135954999579,0.04472135954999579,0.0,0.0,0.0005962847939999144,0.005129435749779024,0.0005962847939999144,0.005129435749779024,0.0,0.0,0.0,0.0,0.12247448713915887,0.02090184334535153,0.0,0.03411191066152105,0.0,0.0,0.0,0.0
G1.2.3,25,10,0.968,0.6874999999999999,0.0,1.0,1.0,1.0,1.0,0.0,1.0,0.0,1.0,0.0,0.0,0.0,0.0,0.0,0.624,0.545797210550887,0.0,0.3251470588235294,0.0,0.0,0.0,0.0,0.017888543819998333,0.034736108334443905,0.0,0.0,0.0,0.0,0.0,0.0,0.0,0.0,0.0,0.0,0.0,0.0,0.0,0.0,0.04560701700396546,0.030539629663649374,0.0,0.04381683599693166,0.0,0.0,0.0,0.0
G1.2.3,25,25,0.976,0.7008150724637682,0.0,1.0,1.0,1.0,1.0,0.0,1.0,0.0,1.0,0.0,0.0,0.0,0.0,0.0,0.6,0.547025974025974,0.0,0.31276190476190474,0.0,0.0,0.0,0.0,0.03577708763999663,0.012614092864505622,0.0,0.0,0.0,0.0,0.0,0.0,0.0,0.0,0.0,0.0,0.0,0.0,0.0,0.0,0.11999999999999995,0.0306235027864884,0.0,0.012790144858154155,0.0,0.0,0.0,0.0
G1.2.3,25,50,0.968,0.689546666666667,0.0,1.0,1.0,1.0,1.0,0.0,1.0,0.0,1.0,0.0,0.0,0.0,0.0,0.0,0.712,0.5433989400584798,0.0,0.3101798245614035,0.0,0.0,0.0,0.0,0.017888543819998326,0.006406359687407893,0.0,0.0,0.0,0.0,0.0,0.0,0.0,0.0,0.0,0.0,0.0,0.0,0.0,0.0,0.04381780460041327,0.011431536243229345,0.0,0.014394991418256266,0.0,0.0,0.0,0.0
G1.2.3,25,100,0.984,0.6897600000000004,0.0,1.0,1.0,1.0,1.0,0.0,1.0,0.0,1.0,0.0,0.0,0.0,0.0,0.0,0.648,0.5416837397352106,0.0,0.3133209527400704,0.0,0.0,0.0,0.0,0.021908902300206676,0.01365134608747434,0.0,0.0,0.0,0.0,0.0,0.0,0.0,0.0,0.0,0.0,0.0,0.0,0.0,0.0,0.07694153624668539,0.007291301151718607,0.0,0.015032242931951802,0.0,0.0,0.0,0.0
G1.2.3,50,10,0.9400000000000001,0.7127819148936171,0.0,1.0,1.0,1.0,1.0,0.0,1.0,0.0,1.0,0.0,0.0,0.0,0.0,0.0,0.488,0.55487705884197,0.0,0.2992397849462366,0.0,0.0,0.0,0.0,0.02449489742783176,0.022273583233504632,0.0,0.0,0.0,0.0,0.0,0.0,0.0,0.0,0.0,0.0,0.0,0.0,0.0,0.0,0.08197560612767679,0.02417535377288414,0.0,0.03567730209537184,0.0,0.0,0.0,0.0
G1.2.3,50,25,0.984,0.7082220408163266,0.0,1.0,1.0,1.0,1.0,0.0,1.0,0.0,1.0,0.0,0.0,0.0,0.0,0.0,0.576,0.5404060641399416,0.0,0.29603809523809527,0.0,0.0,0.0,0.0,0.008944271909999166,0.021086457278304736,0.0,0.0,0.0,0.0,0.0,0.0,0.0,0.0,0.0,0.0,0.0,0.0,0.0,0.0,0.08876936408468855,0.01682178467371901,0.0,0.027106040193395735,0.0,0.0,0.0,0.0
G1.2.3,50,50,0.984,0.6996326530612247,0.0,1.0,1.0,1.0,1.0,0.0,1.0,0.0,1.0,0.0,0.0,0.0,0.0,0.0,0.624,0.5471896567717998,0.0,0.30457748917748917,0.0,0.0,0.0,0.0,0.008944271909999175,0.006543991397221821,0.0,0.0,0.0,0.0,0.0,0.0,0.0,0.0,0.0,0.0,0.0,0.0,0.0,0.0,0.062289646009589736,0.0037681726439858574,0.0,0.009328847438943478,0.0,0.0,0.0,0.0
G1.2.3,50,100,0.9960000000000001,0.6952751020408167,0.0,1.0,1.0,1.0,1.0,0.0,1.0,0.0,1.0,0.0,0.0,0.0,0.0,0.0,0.664,0.5418769786862115,0.0,0.3026828818369453,0.0,0.0,0.0,0.0,0.008944271909999166,0.010096859359702665,0.0,0.0,0.0,0.0,0.0,0.0,0.0,0.0,0.0,0.0,0.0,0.0,0.0,0.0,0.060663003552412414,0.004523322543472931,0.0,0.010452658431815634,0.0,0.0,0.0,0.0
G1.2.3,100,10,0.9400000000000001,0.7112326526717406,0.0,1.0,1.0,1.0,1.0,0.0,1.0,0.0,1.0,0.0,0.0,0.0,0.0,0.0,0.45,0.5519338628046614,0.00425531914893617,0.2960086046136,0.0,0.0,0.0,0.0,0.027386127875258296,0.017198491235157702,0.0,0.0,0.0,0.0,0.0,0.0,0.0,0.0,0.0,0.0,0.0,0.0,0.0,0.0,0.01870828693386971,0.015037850322090696,0.009515182882977829,0.023275478926382435,0.0,0.0,0.0,0.0
G1.2.3,100,25,0.96,0.7036735180270977,0.0,1.0,1.0,1.0,1.0,0.0,1.0,0.0,1.0,0.0,0.0,0.0,0.0,0.0,0.564,0.5493166156556462,0.0,0.3046915460736668,0.0,0.0,0.0,0.0,0.018708286933869687,0.008339640041801925,0.0,0.0,0.0,0.0,0.0,0.0,0.0,0.0,0.0,0.0,0.0,0.0,0.0,0.0,0.0723187389270582,0.003659177605922357,0.0,0.009233255793981135,0.0,0.0,0.0,0.0
G1.2.3,100,50,0.992,0.6961742955326463,0.0,1.0,1.0,1.0,1.0,0.0,1.0,0.0,1.0,0.0,0.0,0.0,0.0,0.0,0.696,0.5425665461336051,0.0,0.30264543848308556,0.0,0.0,0.0,0.0,0.013038404810405298,0.002935797161382323,0.0,0.0,0.0,0.0,0.0,0.0,0.0,0.0,0.0,0.0,0.0,0.0,0.0,0.0,0.03646916505762094,0.006223791946787611,0.0,0.006205236738494343,0.0,0.0,0.0,0.0
G1.2.3,100,100,0.9960000000000001,0.6958812121212125,0.0,1.0,1.0,1.0,1.0,0.0,1.0,0.0,1.0,0.0,0.0,0.0,0.0,0.0,0.624,0.5389364499930436,0.0,0.3074053658285175,0.0,0.0,0.0,0.0,0.0054772255750516665,0.004229470760748837,0.0,0.0,0.0,0.0,0.0,0.0,0.0,0.0,0.0,0.0,0.0,0.0,0.0,0.0,0.047222875812470394,0.0029744198980672016,0.0,0.004900721632376625,0.0,0.0,0.0,0.0
G1.3.1,10,10,0.9199999999999999,0.7170555555555554,0.011764705882352941,1.0,0.9577777777777777,0.9577777777777777,1.0,0.0,0.9987581699346405,0.007133770606811932,0.9987581699346405,0.007133770606811932,0.0,0.0,0.0,0.0,0.48,0.5398148148148147,0.0,0.30333333333333334,0.0,0.0,0.0,0.0,0.08366600265340753,0.054968986766838285,0.016109486985446064,0.0,0.057948465824023555,0.057948465824023555,0.0,0.0,0.0017043666418830746,0.009790840946966802,0.0017043666418830746,0.009790840946966802,0.0,0.0,0.0,0.0,0.1095445115010332,0.031934378446260216,0.0,0.07918859345469734,0.0,0.0,0.0,0.0
G1.3.1,10,25,0.96,0.7083555555555556,0.0,1.0,1.0,1.0,1.0,0.0,1.0,0.0,1.0,0.0,0.0,0.0,0.0,0.0,0.4,0.5732888888888887,0.0,0.28159999999999996,0.0,0.0,0.0,0.0,0.05477225575051659,0.03219447080815715,0.0,0.0,0.0,0.0,0.0,0.0,0.0,0.0,0.0,0.0,0.0,0.0,0.0,0.0,0.1224744871391589,0.0189622106332243,0.0,0.035394914889006285,0.0,0.0,0.0,0.0
G1.3.1,10,50,0.96,0.6917000000000003,0.017857142857142856,0.9550000000000001,1.0,0.9550000000000001,0.9979761904761905,0.009320497644426764,1.0,0.0,0.9979761904761905,0.009320497644426764,0.0,0.0,0.0,0.0,0.33999999999999997,0.5612962962962965,0.0,0.33766666666666667,0.0,0.0,0.0,0.0,0.08944271909999157,0.012823805987303497,0.02454229539058131,0.062249497989943704,0.0,0.062249497989943704,0.002842222949122274,0.012976555339361852,0.0,0.0,0.002842222949122274,0.012976555339361852,0.0,0.0,0.0,0.0,0.054772255750516634,0.016883364918579967,0.0,0.03328329577697765,0.0,0.0,0.0,0.0
G1.3.1,10,100,1.0,0.6868000000000004,0.007142857142857143,1.0,0.9800000000000001,0.9800000000000001,1.0,0.0,0.9992857142857142,0.0037115374447904506,0.9992857142857142,0.0037115374447904506,0.0,0.0,0.0,0.0,0.32,0.5506296296296298,0.0,0.36833333333333335,0.0,0.0,0.0,0.0,0.0,0.014652644812456267,0.015971914124998498,0.0,0.04472135954999579,0.04472135954999579,0.0,0.0,0.001597191412499893,0.008299250027587319,0.001597191412499893,0.008299250027587319,0.0,0.0,0.0,0.0,0.1643167672515498,0.013643260092564457,0.0,0.06459274125025366,0.0,0.0,0.0,0.0
G1.3.1,25,10,0.9359999999999999,0.7025619047619047,0.0,1.0,1.0,1.0,1.0,0.0,1.0,0.0,1.0,0.0,0.0,0.0,0.0,0.0,0.344,0.5776107804232804,0.050793650793650794,0.33063492063492067,0.0,0.0,0.0,0.0,0.06066300355241239,0.027434614083063476,0.0,0.0,0.0,0.0,0.0,0.0,0.0,0.0,0.0,0.0,0.0,0.0,0.0,0.0,0.0456070170039655,0.024745014015540037,0.07045187625768935,0.056898728953404344,0.0,0.0,0.0,0.0
G1.3.1,25,25,0.8960000000000001,0.7064488612836438,0.0,1.0,1.0,1.0,1.0,0.0,1.0,0.0,1.0,0.0,0.0,0.0,0.0,0.0,0.272,0.5563050505050505,0.0,0.2812181818181818,0.0,0.0,0.0,0.0,0.07266360849833976,0.016967699531590857,0.0,0.0,0.0,0.0,0.0,0.0,0.0,0.0,0.0,0.0,0.0,0.0,0.0,0.0,0.11099549540409288,0.02218349453369687,0.0,0.02251588970607642,0.0,0.0,0.0,0.0
G1.3.1,25,50,0.944,0.6940800000000003,0.0,1.0,1.0,1.0,1.0,0.0,1.0,0.0,1.0,0.0,0.0,0.0,0.0,0.0,0.384,0.5439235209235211,0.0,0.3148946608946609,0.0,0.0,0.0,0.0,0.06066300355241243,0.019181770860203028,0.0,0.0,0.0,0.0,0.0,0.0,0.0,0.0,0.0,0.0,0.0,0.0,0.0,0.0,0.11865917579353062,0.012168503406907791,0.0,0.02442196792435691,0.0,0.0,0.0,0.0
G1.3.1,25,100,0.984,0.6931633333333338,0.0,1.0,1.0,1.0,1.0,0.0,1.0,0.0,1.0,0.0,0.0,0.0,0.0,0.0,0.304,0.541516666666667,0.0,0.31205714285714287,0.0,0.0,0.0,0.0,0.02190890230020667,0.006933317307673781,0.0,0.0,0.0,0.0,0.0,0.0,0.0,0.0,0.0,0.0,0.0,0.0,0.0,0.0,0.07266360849833979,0.00641738361795521,0.0,0.024062294260981037,0.0,0.0,0.0,0.0
G1.3.1,50,10,0.8560000000000001,0.729284906308162,0.0,1.0,1.0,1.0,1.0,0.0,1.0,0.0,1.0,0.0,0.0,0.0,0.0,0.0,0.27999999999999997,0.5690127284680105,0.030952380952380953,0.297937675070028,0.0,0.0,0.0,0.0,0.04560701700396552,0.013258454050575685,0.0,0.0,0.0,0.0,0.0,0.0,0.0,0.0,0.0,0.0,0.0,0.0,0.0,0.0,0.05099019513592786,0.022737546324710138,0.04259177099999599,0.03286005291302293,0.0,0.0,0.0,0.0
G1.3.1,50,25,0.9279999999999999,0.7170450621718708,0.0,1.0,1.0,1.0,1.0,0.0,1.0,0.0,1.0,0.0,0.0,0.0,0.0,0.0,0.284,0.5455663751214772,0.0,0.28967619047619053,0.0,0.0,0.0,0.0,0.06723094525588645,0.0077649808625866595,0.0,0.0,0.0,0.0,0.0,0.0,0.0,0.0,0.0,0.0,0.0,0.0,0.0,0.0,0.029664793948382652,0.020152097771431166,0.0,0.025827844490402378,0.0,0.0,0.0,0.0
G1.3.1,50,50,0.9560000000000001,0.7025676870748303,0.0,1.0,1.0,1.0,1.0,0.0,1.0,0.0,1.0,0.0,0.0,0.0,0.0,0.0,0.38,0.5446774042909959,0.0,0.3037872480460716,0.0,0.0,0.0,0.0,0.032863353450309954,0.00706510160720071,0.0,0.0,0.0,0.0,0.0,0.0,0.0,0.0,0.0,0.0,0.0,0.0,0.0,0.0,0.0812403840463596,0.006965287870937484,0.0,0.009704438771020854,0.0,0.0,0.0,0.0
G1.3.1,50,100,0.992,0.6925714285714291,0.0,1.0,1.0,1.0,1.0,0.0,1.0,0.0,1.0,0.0,0.0,0.0,0.0,0.0,0.392,0.5427825675724838,0.0,0.3136567354214413,0.0,0.0,0.0,0.0,0.010954451150103333,0.005614195579362399,0.0,0.0,0.0,0.0,0.0,0.0,0.0,0.0,0.0,0.0,0.0,0.0,0.0,0.0,0.048166378315169144,0.006768387547245231,0.0,0.00719842802734623,0.0,0.0,0.0,0.0
G1.3.1,100,10,0.9099999999999999,0.7240083759667001,0.0,1.0,1.0,1.0,1.0,0.0,1.0,0.0,1.0,0.0,0.0,0.0,0.0,0.0,0.20800000000000002,0.5618954859600792,0.010526315789473684,0.31790430622009574,0.0,0.0,0.0,0.0,0.04301162633521312,0.011474884718536613,0.0,0.0,0.0,0.0,0.0,0.0,0.0,0.0,0.0,0.0,0.0,0.0,0.0,0.0,0.02167948338867879,0.009855060194245037,0.023537557657892522,0.033585763051832175,0.0,0.0,0.0,0.0
G1.3.1,100,25,0.9179999999999999,0.7109070881226053,0.0,1.0,1.0,1.0,1.0,0.0,1.0,0.0,1.0,0.0,0.0,0.0,0.0,0.0,0.28200000000000003,0.5459193429686188,0.0,0.2972266453610307,0.0,0.0,0.0,0.0,0.034205262752974155,0.011389647681367928,0.0,0.0,0.0,0.0,0.0,0.0,0.0,0.0,0.0,0.0,0.0,0.0,0.0,0.0,0.05718391382198319,0.00833543243085308,0.0,0.019703381149900258,0.0,0.0,0.0,0.0
G1.3.1,100,50,0.9719999999999999,0.7018001498144436,0.0,1.0,1.0,1.0,1.0,0.0,1.0,0.0,1.0,0.0,0.0,0.0,0.0,0.0,0.34199999999999997,0.5428139599389601,0.0,0.3029349445599446,0.0,0.0,0.0,0.0,0.014832396974191343,0.004131034835089287,0.0,0.0,0.0,0.0,0.0,0.0,0.0,0.0,0.0,0.0,0.0,0.0,0.0,0.0,0.047644516998286375,0.005269222476046623,0.0,0.009766333229254513,0.0,0.0,0.0,0.0
G1.3.1,100,100,0.986,0.6975122983251412,0.0,1.0,1.0,1.0,1.0,0.0,1.0,0.0,1.0,0.0,0.0,0.0,0.0,0.0,0.33999999999999997,0.5450252569735297,0.0,0.30727479674796754,0.0,0.0,0.0,0.0,0.01140175425099139,0.004103567154500007,0.0,0.0,0.0,0.0,0.0,0.0,0.0,0.0,0.0,0.0,0.0,0.0,0.0,0.0,0.062048368229954264,0.002666589027279671,0.0,0.008965736222952637,0.0,0.0,0.0,0.0
G1.3.2,10,10,0.8800000000000001,0.7249523809523809,0.023717948717948717,0.96,0.9514285714285714,0.9114285714285714,0.9983760683760684,0.005633898631684444,0.9979548229548229,0.009982827515543224,0.9963308913308913,0.01494048815916757,0.0,0.0,0.0,0.0,0.42000000000000004,0.5725396825396826,0.0,0.24071428571428571,0.0,0.0,0.0,0.0,0.10954451150103324,0.05565279471949906,0.03478708602875676,0.08944271909999156,0.06821335077893323,0.13340134319918576,0.0036312215019227846,0.012597780318789468,0.002862688074490962,0.013903201433646512,0.005516101906621237,0.02138444825136761,0.0,0.0,0.0,0.0,0.16431676725154984,0.03255279986823712,0.0,0.0567346530938368,0.0,0.0,0.0,0.0
G1.3.2,10,25,0.9,0.6871746031746031,0.017424242424242425,0.9777777777777779,0.9714285714285715,0.9492063492063492,0.999074074074074,0.004440584743808076,0.9987012987012986,0.0059513970064361535,0.9977753727753728,0.01039198175024423,0.0,0.0,0.0,0.0,0.4,0.5228444444444443,0.05,0.3416,0.0,0.0,0.0,0.0,0.1224744871391589,0.025899392534105434,0.023896682266041674,0.04969039949999534,0.06388765649999395,0.07045187625768935,0.0020704333124998233,0.009929449347003344,0.002903984386363369,0.013307728267479993,0.003116659495597521,0.014478273001224203,0.0,0.0,0.0,0.0,0.1224744871391589,0.02678833355800274,0.1118033988749895,0.05738292428937375,0.0,0.0,0.0,0.0
G1.3.2,10,50,1.0,0.7052000000000003,0.01,1.0,0.9800000000000001,0.9800000000000001,1.0,0.0,0.999,0.004358898943540673,0.999,0.004358898943540673,0.0,0.0,0.0,0.0,0.32,0.5511407407407409,0.0,0.35373333333333334,0.0,0.0,0.0,0.0,0.0,0.012377398757412648,0.0223606797749979,0.0,0.04472135954999579,0.04472135954999579,0.0,0.0,0.0022360679774998315,0.009746794344808962,0.0022360679774998315,0.009746794344808962,0.0,0.0,0.0,0.0,0.10954451150103323,0.025459378872336277,0.0,0.04787390845869084,0.0,0.0,0.0,0.0
G1.3.2,10,100,0.9800000000000001,0.6945333333333338,0.0,1.0,1.0,1.0,1.0,0.0,1.0,0.0,1.0,0.0,0.0,0.0,0.0,0.0,0.33999999999999997,0.4310888888888892,0.0,0.28026666666666666,0.0,0.0,0.0,0.0,0.04472135954999578,0.011056923421800246,0.0,0.0,0.0,0.0,0.0,0.0,0.0,0.0,0.0,0.0,0.0,0.0,0.0,0.0,0.23021728866442676,0.24169695226720145,0.0,0.1619304377399958,0.0,0.0,0.0,0.0
G1.3.2,25,10,0.9199999999999999,0.7268150009410879,0.0,1.0,1.0,1.0,1.0,0.0,1.0,0.0,1.0,0.0,0.0,0.0,0.0,0.0,0.344,0.5610486111111112,0.04722222222222222,0.28355555555555556,0.0,0.0,0.0,0.0,0.06324555320336757,0.029886602646196997,0.0,0.0,0.0,0.0,0.0,0.0,0.0,0.0,0.0,0.0,0.0,0.0,0.0,0.0,0.03577708763999662,0.024082713571738388,0.06484787516627084,0.02588063173041632,0.0,0.0,0.0,0.0
G1.3.2,25,25,0.9359999999999999,0.7140474308300396,0.0,1.0,1.0,1.0,1.0,0.0,1.0,0.0,1.0,0.0,0.0,0.0,0.0,0.0,0.33599999999999997,0.5448759259259258,0.0,0.29973333333333335,0.0,0.0,0.0,0.0,0.03577708763999665,0.007913831408199769,0.0,0.0,0.0,0.0,0.0,0.0,0.0,0.0,0.0,0.0,0.0,0.0,0.0,0.0,0.0606630035524124,0.02427124173961833,0.0,0.03355275926538662,0.0,0.0,0.0,0.0
G1.3.2,25,50,0.976,0.6967127272727277,0.0,1.0,1.0,1.0,1.0,0.0,1.0,0.0,1.0,0.0,0.0,0.0,0.0,0.0,0.376,0.5370761904761906,0.0,0.3254121212121212,0.0,0.0,0.0,0.0,0.05366563145999494,0.012629902861106716,0.0,0.0,0.0,0.0,0.0,0.0,0.0,0.0,0.0,0.0,0.0,0.0,0.0,0.0,0.09208691546577069,0.010804886775496248,0.0,0.015199522090727453,0.0,0.0,0.0,0.0
G1.3.2,25,100,0.992,0.6923000000000005,0.0,1.0,1.0,1.0,1.0,0.0,1.0,0.0,1.0,0.0,0.0,0.0,0.0,0.0,0.296,0.5430893939393941,0.0,0.34588939393939394,0.0,0.0,0.0,0.0,0.017888543819998326,0.006339558344238179,0.0,0.0,0.0,0.0,0.0,0.0,0.0,0.0,0.0,0.0,0.0,0.0,0.0,0.0,0.1344618905117729,0.01225216214450884,0.0,0.031083596258830823,0.0,0.0,0.0,0.0
G1.3.2,50,10,0.884,0.7224272757912799,0.0,1.0,1.0,1.0,1.0,0.0,1.0,0.0,1.0,0.0,0.0,0.0,0.0,0.0,0.304,0.5781181613767543,0.025910931174089068,0.293228021978022,0.0,0.0,0.0,0.0,0.026076809620810614,0.008742956836739361,0.0,0.0,0.0,0.0,0.0,0.0,0.0,0.0,0.0,0.0,0.0,0.0,0.0,0.0,0.047749345545253286,0.011870831655079656,0.03650466098412907,0.043192949068490145,0.0,0.0,0.0,0.0
G1.3.2,50,25,0.9359999999999999,0.7040500184296767,0.0,1.0,1.0,1.0,1.0,0.0,1.0,0.0,1.0,0.0,0.0,0.0,0.0,0.0,0.372,0.5423687768553411,0.0,0.29676520174460685,0.0,0.0,0.0,0.0,0.05176871642217914,0.01289845593164532,0.0,0.0,0.0,0.0,0.0,0.0,0.0,0.0,0.0,0.0,0.0,0.0,0.0,0.0,0.07293833011524188,0.011439486074480849,0.0,0.026741463767622303,0.0,0.0,0.0,0.0
G1.3.2,50,50,0.968,0.69567201042119,0.0,1.0,1.0,1.0,1.0,0.0,1.0,0.0,1.0,0.0,0.0,0.0,0.0,0.0,0.332,0.5475179333271771,0.0,0.3032217194570136,0.0,0.0,0.0,0.0,0.026832815729997513,0.0034946998092255837,0.0,0.0,0.0,0.0,0.0,0.0,0.0,0.0,0.0,0.0,0.0,0.0,0.0,0.0,0.050199601592044535,0.007754507685257255,0.0,0.018071376549565435,0.0,0.0,0.0,0.0
G1.3.2,50,100,0.992,0.6995485714285719,0.0,1.0,1.0,1.0,1.0,0.0,1.0,0.0,1.0,0.0,0.0,0.0,0.0,0.0,0.34,0.5371705825187221,0.0,0.3082106209150327,0.0,0.0,0.0,0.0,0.010954451150103319,0.005769283150586085,0.0,0.0,0.0,0.0,0.0,0.0,0.0,0.0,0.0,0.0,0.0,0.0,0.0,0.0,0.04472135954999578,0.006062623718521579,0.0,0.008032587344312983,0.0,0.0,0.0,0.0
G1.3.2,100,10,0.892,0.7256301735461104,0.0,1.0,1.0,1.0,1.0,0.0,1.0,0.0,1.0,0.0,0.0,0.0,0.0,0.0,0.22400000000000003,0.5517663383315556,0.008333333333333333,0.30521014492753623,0.0,0.0,0.0,0.0,0.02588435821108958,0.011517375637120218,0.0,0.0,0.0,0.0,0.0,0.0,0.0,0.0,0.0,0.0,0.0,0.0,0.0,0.0,0.018165902124584944,0.016133258715134376,0.018633899812498245,0.04115457526597028,0.0,0.0,0.0,0.0
G1.3.2,100,25,0.9199999999999999,0.711514145429039,0.0,1.0,1.0,1.0,1.0,0.0,1.0,0.0,1.0,0.0,0.0,0.0,0.0,0.0,0.304,0.5450459127675219,0.0,0.30529586206896553,0.0,0.0,0.0,0.0,0.012247448713915856,0.00814857051643241,0.0,0.0,0.0,0.0,0.0,0.0,0.0,0.0,0.0,0.0,0.0,0.0,0.0,0.0,0.04037325847637269,0.005660527469008977,0.0,0.012490537774180455,0.0,0.0,0.0,0.0
G1.3.2,100,50,0.958,0.6992698442063705,0.0,1.0,1.0,1.0,1.0,0.0,1.0,0.0,1.0,0.0,0.0,0.0,0.0,0.0,0.352,0.5404763845452707,0.0,0.3017959248740757,0.0,0.0,0.0,0.0,0.013038404810405304,0.003082950630560109,0.0,0.0,0.0,0.0,0.0,0.0,0.0,0.0,0.0,0.0,0.0,0.0,0.0,0.0,0.047116875957558986,0.006294630688366719,0.0,0.014598490137236391,0.0,0.0,0.0,0.0
G1.3.2,100,100,0.9879999999999999,0.6942416744767264,0.0,1.0,1.0,1.0,1.0,0.0,1.0,0.0,1.0,0.0,0.0,0.0,0.0,0.0,0.32799999999999996,0.5433798495411402,0.0,0.3035661585726102,0.0,0.0,0.0,0.0,0.010954451150103309,0.004736499470948347,0.0,0.0,0.0,0.0,0.0,0.0,0.0,0.0,0.0,0.0,0.0,0.0,0.0,0.0,0.06058052492344382,0.005537998199062451,0.0,0.009840599700794986,0.0,0.0,0.0,0.0
G1.3.3,10,10,0.8400000000000001,0.737063492063492,0.008188206383216386,0.9800000000000001,0.9464285714285715,0.9264285714285714,0.9997183098591549,0.00235678880713824,0.9992815943969513,0.006161652879542201,0.9989999042561063,0.008518441686680442,0.0,0.0,0.0,0.0,0.38,0.5851851851851853,0.0,0.2783333333333334,0.0,0.0,0.0,0.0,0.11401754250991379,0.03155148723415144,0.007482018131632797,0.04472135954999578,0.07362688617174393,0.06886470023731686,0.0006298783035210294,0.005269939981371746,0.0009854955628569612,0.008459822542430204,0.0009284550300852487,0.007939557828162112,0.0,0.0,0.0,0.0,0.0447213595499958,0.0348485356788126,0.0,0.1043498389499902,0.0,0.0,0.0,0.0
G1.3.3,10,25,0.9400000000000001,0.6860571428571428,0.01022468251383914,0.8942857142857144,0.9800000000000001,0.8742857142857143,0.9984720348575771,0.010514794804139778,0.9997322623828648,0.0024244672391264847,0.9982042972404418,0.011574721966708388,0.0,0.0,0.0,0.0,0.4,0.5374074074074073,0.0,0.32599999999999996,0.0,0.0,0.0,0.0,0.1341640786499874,0.03964866109379502,0.014039011036861228,0.18560436307327677,0.04472135954999581,0.19016641476907126,0.0027922889323442482,0.01804233890817068,0.000598679512048133,0.005421273555908057,0.00281762291301059,0.018226099825240975,0.0,0.0,0.0,0.0,0.1414213562373095,0.02643157690883228,0.0,0.05272570530585628,0.0,0.0,0.0,0.0
G1.3.3,10,50,0.96,0.6903555555555558,0.0,1.0,1.0,1.0,1.0,0.0,1.0,0.0,1.0,0.0,0.0,0.0,0.0,0.0,0.48,0.531688888888889,0.0,0.34540000000000004,0.0,0.0,0.0,0.0,0.054772255750516585,0.014915068194924868,0.0,0.0,0.0,0.0,0.0,0.0,0.0,0.0,0.0,0.0,0.0,0.0,0.0,0.0,0.04472135954999578,0.015580614736124968,0.0,0.039291220393365224,0.0,0.0,0.0,0.0
G1.3.3,10,100,1.0,0.6882000000000004,0.0025,0.9800000000000001,1.0,0.9800000000000001,0.99975,0.0022220486043288967,1.0,0.0,0.99975,0.0022220486043288967,0.0,0.0,0.0,0.0,0.4,0.5568888888888892,0.0,0.3473,0.0,0.0,0.0,0.0,0.0,0.01690266251216068,0.005590169943749475,0.04472135954999578,0.0,0.04472135954999578,0.000559016994374918,0.004968651728587946,0.0,0.0,0.000559016994374918,0.004968651728587946,0.0,0.0,0.0,0.0,0.1224744871391589,0.015718197364680938,0.0,0.019721815332265934,0.0,0.0,0.0,0.0
G1.3.3,25,10,0.9199999999999999,0.7273809523809524,0.0,1.0,1.0,1.0,1.0,0.0,1.0,0.0,1.0,0.0,0.0,0.0,0.0,0.0,0.352,0.5825608465608465,0.02,0.2812142857142857,0.0,0.0,0.0,0.0,0.05656854249492378,0.0377941036985456,0.0,0.0,0.0,0.0,0.0,0.0,0.0,0.0,0.0,0.0,0.0,0.0,0.0,0.0,0.05215361924162119,0.03278495337200423,0.044721359549995794,0.03159816256605784,0.0,0.0,0.0,0.0
G1.3.3,25,25,0.944,0.7136098550724639,0.0,1.0,1.0,1.0,1.0,0.0,1.0,0.0,1.0,0.0,0.0,0.0,0.0,0.0,0.304,0.5357916666666667,0.0,0.2778412698412699,0.0,0.0,0.0,0.0,0.0357770876399966,0.013813352322063342,0.0,0.0,0.0,0.0,0.0,0.0,0.0,0.0,0.0,0.0,0.0,0.0,0.0,0.0,0.04560701700396551,0.023390183719766786,0.0,0.04660164458368134,0.0,0.0,0.0,0.0
G1.3.3,25,50,0.96,0.7024133333333337,0.0,1.0,1.0,1.0,1.0,0.0,1.0,0.0,1.0,0.0,0.0,0.0,0.0,0.0,0.4,0.5459968457468459,0.0,0.30593162393162393,0.0,0.0,0.0,0.0,0.048989794855663585,0.006059042828698219,0.0,0.0,0.0,0.0,0.0,0.0,0.0,0.0,0.0,0.0,0.0,0.0,0.0,0.0,0.09797958971132711,0.017123118250114863,0.0,0.013327798544413497,0.0,0.0,0.0,0.0
G1.3.3,25,100,0.992,0.6956133333333337,0.0,1.0,1.0,1.0,1.0,0.0,1.0,0.0,1.0,0.0,0.0,0.0,0.0,0.0,0.304,0.54168253968254,0.0,0.3176904761904762,0.0,0.0,0.0,0.0,0.017888543819998333,0.005054458977532239,0.0,0.0,0.0,0.0,0.0,0.0,0.0,0.0,0.0,0.0,0.0,0.0,0.0,0.0,0.03577708763999661,0.009983869896001136,0.0,0.006704611402531628,0.0,0.0,0.0,0.0
G1.3.3,50,10,0.8800000000000001,0.7295112805486197,0.0,1.0,1.0,1.0,1.0,0.0,1.0,0.0,1.0,0.0,0.0,0.0,0.0,0.0,0.24,0.5590027829313543,0.03636363636363636,0.28456060606060607,0.0,0.0,0.0,0.0,0.07071067811865475,0.013214567074477764,0.0,0.0,0.0,0.0,0.0,0.0,0.0,0.0,0.0,0.0,0.0,0.0,0.0,0.0,0.0469041575982343,0.021364061311295795,0.08131156281817417,0.045260773846891596,0.0,0.0,0.0,0.0
G1.3.3,50,25,0.924,0.7058417030086781,0.0,1.0,1.0,1.0,1.0,0.0,1.0,0.0,1.0,0.0,0.0,0.0,0.0,0.0,0.264,0.542277680596048,0.0,0.3104,0.0,0.0,0.0,0.0,0.04979959839195491,0.006041677140690726,0.0,0.0,0.0,0.0,0.0,0.0,0.0,0.0,0.0,0.0,0.0,0.0,0.0,0.0,0.04774934554525329,0.01028790243338598,0.0,0.007198639327210724,0.0,0.0,0.0,0.0
G1.3.3,50,50,0.9719999999999999,0.6963589853813869,0.0,1.0,1.0,1.0,1.0,0.0,1.0,0.0,1.0,0.0,0.0,0.0,0.0,0.0,0.348,0.548472262103222,0.0,0.31488264401577093,0.0,0.0,0.0,0.0,0.02280350850198278,0.009859921523833077,0.0,0.0,0.0,0.0,0.0,0.0,0.0,0.0,0.0,0.0,0.0,0.0,0.0,0.0,0.05403702434442518,0.011484955159791786,0.0,0.01293853399355245,0.0,0.0,0.0,0.0
G1.3.3,50,100,0.9800000000000001,0.6969414539007096,0.0,1.0,1.0,1.0,1.0,0.0,1.0,0.0,1.0,0.0,0.0,0.0,0.0,0.0,0.312,0.5422857711737098,0.0,0.29971583029973126,0.0,0.0,0.0,0.0,0.02828427124746194,0.005921510248136242,0.0,0.0,0.0,0.0,0.0,0.0,0.0,0.0,0.0,0.0,0.0,0.0,0.0,0.0,0.04816637831516916,0.0054552002165073705,0.0,0.014383890097199675,0.0,0.0,0.0,0.0
G1.3.3,100,10,0.8800000000000001,0.7171836328963564,0.0,1.0,1.0,1.0,1.0,0.0,1.0,0.0,1.0,0.0,0.0,0.0,0.0,0.0,0.24,0.569687216076105,0.026190476190476188,0.3352116402116402,0.0,0.0,0.0,0.0,0.03937003937005908,0.008958728278186789,0.0,0.0,0.0,0.0,0.0,0.0,0.0,0.0,0.0,0.0,0.0,0.0,0.0,0.0,0.03000000000000001,0.010148136728856255,0.03802076053016979,0.024164099943914608,0.0,0.0,0.0,0.0
G1.3.3,100,25,0.9359999999999999,0.713730662959095,0.0,1.0,1.0,1.0,1.0,0.0,1.0,0.0,1.0,0.0,0.0,0.0,0.0,0.0,0.284,0.54897881007881,0.0,0.30171311514572385,0.0,0.0,0.0,0.0,0.027018512172212572,0.00886687821187702,0.0,0.0,0.0,0.0,0.0,0.0,0.0,0.0,0.0,0.0,0.0,0.0,0.0,0.0,0.04929503017546493,0.004903788225393657,0.0,0.01784111623123944,0.0,0.0,0.0,0.0
G1.3.3,100,50,0.954,0.7014399403755307,0.0,1.0,1.0,1.0,1.0,0.0,1.0,0.0,1.0,0.0,0.0,0.0,0.0,0.0,0.33999999999999997,0.5390305616863758,0.0,0.2947563903796462,0.0,0.0,0.0,0.0,0.01816590212458492,0.005927207629497978,0.0,0.0,0.0,0.0,0.0,0.0,0.0,0.0,0.0,0.0,0.0,0.0,0.0,0.0,0.0644204936336256,0.0063667603852634175,0.0,0.013481605803517921,0.0,0.0,0.0,0.0
G1.3.3,100,100,0.9879999999999999,0.6977001360544222,0.0,1.0,1.0,1.0,1.0,0.0,1.0,0.0,1.0,0.0,0.0,0.0,0.0,0.0,0.362,0.5436869134694449,0.0,0.30961556743909685,0.0,0.0,0.0,0.0,0.008366600265340746,0.006469143220219608,0.0,0.0,0.0,0.0,0.0,0.0,0.0,0.0,0.0,0.0,0.0,0.0,0.0,0.0,0.027748873851023217,0.003429355819739559,0.0,0.005756263658897417,0.0,0.0,0.0,0.0
G2.1.1,10,10,0.86,0.6219444444444444,0.036613272311212815,0.9777777777777779,0.9305555555555556,0.9083333333333332,0.9990338164251208,0.004531802666496069,0.9967518433765573,0.01464602728972804,0.9957856598016781,0.016375809839084977,0.0,0.0,0.0,0.0,0.5599999999999999,0.5998835978835979,0.04,0.36942857142857144,0.0,0.0,0.0,0.0,0.05477225575051657,0.05011945606791042,0.03714572787356505,0.049690399499995354,0.06364688465216446,0.09399402397604793,0.002160452152173718,0.010133418822900017,0.0030498145944754572,0.013540836995196502,0.004218058483659703,0.015263250421625968,0.0,0.0,0.0,0.0,0.08944271909999155,0.0369001324588708,0.08944271909999159,0.050158931082579274,0.0,0.0,0.0,0.0
G2.1.1,10,25,0.6799999999999999,0.6133333333333334,0.03487747035573123,1.0,0.9166666666666666,0.9166666666666666,1.0,0.0,0.9964143610013174,0.016904155865942093,0.9964143610013174,0.016904155865942093,0.0,0.0,0.0,0.0,0.5,0.5779195767195767,0.0,0.41055238095238095,0.0,0.0,0.0,0.0,0.10954451150103323,0.040362936794374436,0.03765843957894687,0.0,0.07795119555779041,0.07795119555779041,0.0,0.0,0.0033730179217759267,0.015846224147088906,0.0033730179217759267,0.015846224147088906,0.0,0.0,0.0,0.0,0.15811388300841894,0.034040911595776886,0.0,0.03211984361327897,0.0,0.0,0.0,0.0
G2.1.1,10,50,0.6599999999999999,0.5970142857142859,0.03344155844155844,0.9199999999999999,0.9349999999999999,0.8550000000000001,0.9961904761904762,0.0170367083999984,0.9977462121212121,0.011852450866471815,0.9939366883116882,0.028889159266470215,0.0,0.0,0.0,0.0,0.5,0.5636259259259261,0.0,0.4051666666666667,0.0,0.0,0.0,0.0,0.15165750888103102,0.02363867032415063,0.03915670563976603,0.1788854381999832,0.09287087810503354,0.1662077013859466,0.008518354199999162,0.0380952380952381,0.0031008016270035136,0.016559757238138108,0.00779183435026855,0.0349378856290056,0.0,0.0,0.0,0.0,0.18708286933869708,0.011006034010327669,0.0,0.024122373201840824,0.0,0.0,0.0,0.0
G2.1.1,10,100,0.6,0.5899047619047623,0.07674176108426725,0.7452380952380953,0.8547619047619047,0.6,0.9877966776980174,0.049061420562911615,0.9945320437812096,0.027569041470005783,0.982328721479227,0.0675276399558841,0.0,0.0,0.0,0.0,0.42000000000000004,0.5672074074074077,0.06666666666666667,0.4171,0.0,0.0,0.0,0.0,0.12247448713915887,0.019892426115988144,0.02230125575197259,0.3537136959248358,0.09082014820362215,0.29325369976575555,0.01988573357748478,0.07068915451863375,0.00321698999344273,0.01655144083357875,0.016970747941470608,0.05899779585210525,0.0,0.0,0.0,0.0,0.130384048104053,0.013562627177913443,0.14907119849998596,0.008520889364118964,0.0,0.0,0.0,0.0
G2.1.1,25,10,0.8400000000000001,0.6214632034632034,0.0,1.0,1.0,1.0,1.0,0.0,1.0,0.0,1.0,0.0,0.0,0.0,0.0,0.0,0.44800000000000006,0.583984786047286,0.01818181818181818,0.400021978021978,0.0,0.0,0.0,0.0,0.02828427124746187,0.03213693737666328,0.0,0.0,0.0,0.0,0.0,0.0,0.0,0.0,0.0,0.0,0.0,0.0,0.0,0.0,0.09549869109050658,0.029801066978893065,0.040655781409087086,0.04581379174515406,0.0,0.0,0.0,0.0
G2.1.1,25,25,0.8400000000000001,0.5958,0.008,0.99,1.0,0.99,0.9996,0.0019595917942265445,1.0,0.0,0.9996,0.0019595917942265445,0.0,0.0,0.0,0.0,0.584,0.5574845238095237,0.0,0.42242380952380953,0.0,0.0,0.0,0.0,0.06928203230275506,0.016963359206111146,0.01788854381999832,0.022360679774997935,0.0,0.022360679774997935,0.0008944271909999374,0.004381780460041333,0.0,0.0,0.0008944271909999374,0.004381780460041333,0.0,0.0,0.0,0.0,0.06693280212272602,0.006075753270934463,0.0,0.02031813583946445,0.0,0.0,0.0,0.0
G2.1.1,25,50,0.744,0.5958037178507769,0.0,1.0,1.0,1.0,1.0,0.0,1.0,0.0,1.0,0.0,0.0,0.0,0.0,0.0,0.4800000000000001,0.5647487200299702,0.0,0.42171087246087247,0.0,0.0,0.0,0.0,0.11523888232710347,0.012540894532225054,0.0,0.0,0.0,0.0,0.0,0.0,0.0,0.0,0.0,0.0,0.0,0.0,0.0,0.0,0.1523154621172782,0.015087788292507502,0.0,0.01563960126884841,0.0,0.0,0.0,0.0
G2.1.1,25,100,0.72,0.5940083333333337,0.0,1.0,1.0,1.0,1.0,0.0,1.0,0.0,1.0,0.0,0.0,0.0,0.0,0.0,0.48,0.5588363603988606,0.0,0.41825213675213674,0.0,0.0,0.0,0.0,0.08,0.011015866082862289,0.0,0.0,0.0,0.0,0.0,0.0,0.0,0.0,0.0,0.0,0.0,0.0,0.0,0.0,0.06928203230275509,0.00587430805724979,0.0,0.01414930418164098,0.0,0.0,0.0,0.0
G2.1.1,50,10,0.732,0.6416022574474587,0.0,1.0,1.0,1.0,1.0,0.0,1.0,0.0,1.0,0.0,0.0,0.0,0.0,0.0,0.352,0.5883333333333333,0.0475,0.39708333333333334,0.0,0.0,0.0,0.0,0.04147288270665545,0.02978126752688036,0.0,0.0,0.0,0.0,0.0,0.0,0.0,0.0,0.0,0.0,0.0,0.0,0.0,0.0,0.07155417527999326,0.025986049522231186,0.08120190884455857,0.050278736946038044,0.0,0.0,0.0,0.0
G2.1.1,50,25,0.772,0.6044990990990992,0.0,1.0,1.0,1.0,1.0,0.0,1.0,0.0,1.0,0.0,0.0,0.0,0.0,0.0,0.528,0.562479722658294,0.0,0.41721794871794876,0.0,0.0,0.0,0.0,0.030331501776206228,0.005249839508872865,0.0,0.0,0.0,0.0,0.0,0.0,0.0,0.0,0.0,0.0,0.0,0.0,0.0,0.0,0.06572670690061996,0.009924929004460365,0.0,0.014790727322452861,0.0,0.0,0.0,0.0
G2.1.1,50,50,0.744,0.5973058800848277,0.0,1.0,1.0,1.0,1.0,0.0,1.0,0.0,1.0,0.0,0.0,0.0,0.0,0.0,0.536,0.5552114144568312,0.0,0.4182579264899041,0.0,0.0,0.0,0.0,0.04098780306383843,0.013687250600631543,0.0,0.0,0.0,0.0,0.0,0.0,0.0,0.0,0.0,0.0,0.0,0.0,0.0,0.0,0.0606630035524124,0.0047206996253872265,0.0,0.01467984313038692,0.0,0.0,0.0,0.0
G2.1.1,50,100,0.6599999999999999,0.594569666100736,0.0,1.0,1.0,1.0,1.0,0.0,1.0,0.0,1.0,0.0,0.0,0.0,0.0,0.0,0.504,0.5593872675906948,0.0,0.4145765367316342,0.0,0.0,0.0,0.0,0.061644140029689765,0.0038611789279029787,0.0,0.0,0.0,0.0,0.0,0.0,0.0,0.0,0.0,0.0,0.0,0.0,0.0,0.0,0.0456070170039655,0.0030996329095541067,0.0,0.003918163217583545,0.0,0.0,0.0,0.0
G2.1.1,100,10,0.8039999999999999,0.6464354040363116,0.0,1.0,1.0,1.0,1.0,0.0,1.0,0.0,1.0,0.0,0.0,0.0,0.0,0.0,0.368,0.6087706997737957,0.025526315789473685,0.3728345373237014,0.0,0.0,0.0,0.0,0.043931765272977576,0.012055154888287595,0.0,0.0,0.0,0.0,0.0,0.0,0.0,0.0,0.0,0.0,0.0,0.0,0.0,0.0,0.022803508501982758,0.009677821749084617,0.035836849448484615,0.0314223971516516,0.0,0.0,0.0,0.0
G2.1.1,100,25,0.752,0.6072435856794204,0.0,1.0,1.0,1.0,1.0,0.0,1.0,0.0,1.0,0.0,0.0,0.0,0.0,0.0,0.42000000000000004,0.5713410286657039,0.0,0.4136891192530291,0.0,0.0,0.0,0.0,0.03346640106136305,0.006027234564570998,0.0,0.0,0.0,0.0,0.0,0.0,0.0,0.0,0.0,0.0,0.0,0.0,0.0,0.0,0.04847679857416329,0.00683172950345212,0.0,0.010040781795309164,0.0,0.0,0.0,0.0
G2.1.1,100,50,0.734,0.6010768345810601,0.0,1.0,1.0,1.0,1.0,0.0,1.0,0.0,1.0,0.0,0.0,0.0,0.0,0.0,0.5,0.5616860080097652,0.0,0.41754515259458935,0.0,0.0,0.0,0.0,0.01816590212458498,0.006655632057056125,0.0,0.0,0.0,0.0,0.0,0.0,0.0,0.0,0.0,0.0,0.0,0.0,0.0,0.0,0.046368092477478556,0.004889215666244901,0.0,0.011793986441699612,0.0,0.0,0.0,0.0
G2.1.1,100,100,0.712,0.5964079263643629,0.0,1.0,1.0,1.0,1.0,0.0,1.0,0.0,1.0,0.0,0.0,0.0,0.0,0.0,0.532,0.562545256268786,0.0,0.4153849587698327,0.0,0.0,0.0,0.0,0.04438468204234429,0.007188386368055828,0.0,0.0,0.0,0.0,0.0,0.0,0.0,0.0,0.0,0.0,0.0,0.0,0.0,0.0,0.042071367935925245,0.004169498128512698,0.0,0.007496320062424281,0.0,0.0,0.0,0.0
G2.1.2,10,10,0.82,0.6531428571428571,0.0509561191626409,0.925,0.8928571428571429,0.8178571428571428,0.9973999669312169,0.011220454257982706,0.9956967448815275,0.01774314210877557,0.9930967118127445,0.025490884978430557,0.0,0.0,0.0,0.0,0.52,0.5692592592592592,0.03333333333333333,0.3516666666666667,0.0,0.0,0.0,0.0,0.10954451150103321,0.041272334707948145,0.039087571545656535,0.11180339887498948,0.11777594605600818,0.14800975560787213,0.003797975739056581,0.015682376640001282,0.005076621133077097,0.01747360786536575,0.005559624026836091,0.016469525288740582,0.0,0.0,0.0,0.0,0.10954451150103323,0.050898140568255555,0.07453559924999298,0.06411794687223779,0.0,0.0,0.0,0.0
G2.1.2,10,25,0.76,0.5801428571428572,0.03561507936507936,1.0,0.8550000000000001,0.8550000000000001,1.0,0.0,0.994811507936508,0.020615438351928757,0.994811507936508,0.020615438351928757,0.0,0.0,0.0,0.0,0.62,0.5676296296296296,0.0,0.4216666666666667,0.0,0.0,0.0,0.0,0.23021728866442676,0.017528402607174056,0.04543011755851729,0.0,0.1643167672515498,0.1643167672515498,0.0,0.0,0.006078322092864151,0.02164131597616057,0.006078322092864151,0.02164131597616057,0.0,0.0,0.0,0.0,0.17888543819998315,0.012358527264974668,0.0,0.027487370837451057,0.0,0.0,0.0,0.0
G2.1.2,10,50,0.74,0.5992539682539685,0.04302248677248677,0.8638888888888889,0.9492063492063492,0.8130952380952381,0.9938308348030571,0.019076941875106095,0.998181216931217,0.009692532545535995,0.992012051734274,0.02595867199492836,0.0,0.0,0.0,0.0,0.48,0.5651291005291007,0.04,0.40532380952380953,0.0,0.0,0.0,0.0,0.15165750888103102,0.04595551980945735,0.061125433870368735,0.24064278633959496,0.07045187625768935,0.2765007493644329,0.011463229451633474,0.03134288976175739,0.002491157270720782,0.013279397130205374,0.013062501339409307,0.033422004828343656,0.0,0.0,0.0,0.0,0.14832396974191325,0.015387351218823321,0.08944271909999159,0.040762967275871684,0.0,0.0,0.0,0.0
G2.1.2,10,100,0.74,0.5813285714285717,0.07022792022792022,0.8864285714285713,0.9264285714285714,0.8128571428571428,0.9952981277981279,0.01762311796355117,0.9967236467236468,0.01618988378784218,0.9920217745217744,0.02638402568184982,0.0,0.0,0.0,0.0,0.52,0.5584629629629632,0.0,0.4372,0.0,0.0,0.0,0.0,0.1673320053068151,0.02348032176534391,0.09606094488533588,0.12403710768005138,0.06886470023731683,0.17959705465518172,0.0053254738654798465,0.016677847872512364,0.003126508856440694,0.01527856570312238,0.007879297545675325,0.024170006433178293,0.0,0.0,0.0,0.0,0.08366600265340755,0.013670906699494534,0.0,0.013663820841916783,0.0,0.0,0.0,0.0
G2.1.2,25,10,0.8,0.5935353535353535,0.0,1.0,1.0,1.0,1.0,0.0,1.0,0.0,1.0,0.0,0.0,0.0,0.0,0.0,0.4640000000000001,0.5692237762237762,0.05174825174825175,0.44525874125874126,0.0,0.0,0.0,0.0,0.08,0.03867743904912575,0.0,0.0,0.0,0.0,0.0,0.0,0.0,0.0,0.0,0.0,0.0,0.0,0.0,0.0,0.05366563145999494,0.026608904477565552,0.07997750184892753,0.07560146296213296,0.0,0.0,0.0,0.0
G2.1.2,25,25,0.76,0.6097595557521254,0.0,1.0,1.0,1.0,1.0,0.0,1.0,0.0,1.0,0.0,0.0,0.0,0.0,0.0,0.504,0.5614126984126984,0.0,0.410515873015873,0.0,0.0,0.0,0.0,0.06324555320336758,0.02254080691144353,0.0,0.0,0.0,0.0,0.0,0.0,0.0,0.0,0.0,0.0,0.0,0.0,0.0,0.0,0.10430723848324241,0.013982869394202986,0.0,0.025928675888061387,0.0,0.0,0.0,0.0
G2.1.2,25,50,0.792,0.6025734335839601,0.0,1.0,1.0,1.0,1.0,0.0,1.0,0.0,1.0,0.0,0.0,0.0,0.0,0.0,0.608,0.5664449404761907,0.0,0.41167857142857145,0.0,0.0,0.0,0.0,0.033466401061363,0.00980171205511116,0.0,0.0,0.0,0.0,0.0,0.0,0.0,0.0,0.0,0.0,0.0,0.0,0.0,0.0,0.04381780460041325,0.005389304911238914,0.0,0.011542125595630367,0.0,0.0,0.0,0.0
G2.1.2,25,100,0.728,0.5956035087719302,0.017391304347826087,0.9866666666666667,0.9866666666666667,0.9733333333333334,0.9994202898550725,0.00271908159989764,0.9993788819875776,0.0029133017141760413,0.9987991718426501,0.003893660847932961,0.0,0.0,0.0,0.0,0.568,0.5633754734848487,0.0,0.4140668831168831,0.0,0.0,0.0,0.0,0.08671793355471522,0.015443617604541313,0.038888138739126776,0.029814239699997202,0.029814239699997202,0.059628479399994376,0.001296271291304208,0.006080051293740008,0.0013888620978259358,0.006514340671864291,0.002685133389130198,0.008706490337307572,0.0,0.0,0.0,0.0,0.07694153624668534,0.0038511580848212897,0.0,0.017689685247601727,0.0,0.0,0.0,0.0
G2.1.2,50,10,0.784,0.6160543872738995,0.0,1.0,1.0,1.0,1.0,0.0,1.0,0.0,1.0,0.0,0.0,0.0,0.0,0.0,0.396,0.5754829869974876,0.019617224880382776,0.40657477025898076,0.0,0.0,0.0,0.0,0.045607017003965536,0.02511617321791558,0.0,0.0,0.0,0.0,0.0,0.0,0.0,0.0,0.0,0.0,0.0,0.0,0.0,0.0,0.032863353450309975,0.007749430491360516,0.026981573549993653,0.0548835112916307,0.0,0.0,0.0,0.0
G2.1.2,50,25,0.788,0.6154776942355891,0.0,1.0,1.0,1.0,1.0,0.0,1.0,0.0,1.0,0.0,0.0,0.0,0.0,0.0,0.45999999999999996,0.5724775439383387,0.0,0.4040647773279352,0.0,0.0,0.0,0.0,0.059329587896765325,0.010513519134186078,0.0,0.0,0.0,0.0,0.0,0.0,0.0,0.0,0.0,0.0,0.0,0.0,0.0,0.0,0.0761577310586391,0.015736387459524635,0.0,0.011865052471091,0.0,0.0,0.0,0.0
G2.1.2,50,50,0.6679999999999999,0.6066833623946529,0.0,1.0,1.0,1.0,1.0,0.0,1.0,0.0,1.0,0.0,0.0,0.0,0.0,0.0,0.48,0.5614526762592731,0.0,0.41121384762164376,0.0,0.0,0.0,0.0,0.06723094525588642,0.01972684610127604,0.0,0.0,0.0,0.0,0.0,0.0,0.0,0.0,0.0,0.0,0.0,0.0,0.0,0.0,0.05656854249492379,0.005618953314231885,0.0,0.021177467006301236,0.0,0.0,0.0,0.0
G2.1.2,50,100,0.6759999999999999,0.5986089512637902,0.0,1.0,1.0,1.0,1.0,0.0,1.0,0.0,1.0,0.0,0.0,0.0,0.0,0.0,0.4600000000000001,0.563148043785892,0.0,0.41939617836862686,0.0,0.0,0.0,0.0,0.07924645102463579,0.007905803979714021,0.0,0.0,0.0,0.0,0.0,0.0,0.0,0.0,0.0,0.0,0.0,0.0,0.0,0.0,0.0632455532033676,0.008634101423039742,0.0,0.010344860493558282,0.0,0.0,0.0,0.0
G2.1.2,100,10,0.778,0.6321469645062917,0.0,1.0,1.0,1.0,1.0,0.0,1.0,0.0,1.0,0.0,0.0,0.0,0.0,0.0,0.344,0.5732674656007989,0.010810810810810811,0.3903160083160083,0.0,0.0,0.0,0.0,0.038340579025361636,0.005314500658312225,0.0,0.0,0.0,0.0,0.0,0.0,0.0,0.0,0.0,0.0,0.0,0.0,0.0,0.0,0.041593268686170845,0.009778753393900731,0.024173707864862594,0.023171707807316852,0.0,0.0,0.0,0.0
G2.1.2,100,25,0.766,0.6126779686169297,0.0,1.0,1.0,1.0,1.0,0.0,1.0,0.0,1.0,0.0,0.0,0.0,0.0,0.0,0.454,0.5648263041919355,0.0,0.4069245436413138,0.0,0.0,0.0,0.0,0.03911521443121587,0.006040967144492695,0.0,0.0,0.0,0.0,0.0,0.0,0.0,0.0,0.0,0.0,0.0,0.0,0.0,0.0,0.039115214431215885,0.00676533853532009,0.0,0.006961326977114942,0.0,0.0,0.0,0.0
G2.1.2,100,50,0.746,0.5991978539387943,0.0,1.0,1.0,1.0,1.0,0.0,1.0,0.0,1.0,0.0,0.0,0.0,0.0,0.0,0.516,0.5679148211814015,0.0,0.42064472113252604,0.0,0.0,0.0,0.0,0.04393176527297756,0.005500078773121193,0.0,0.0,0.0,0.0,0.0,0.0,0.0,0.0,0.0,0.0,0.0,0.0,0.0,0.0,0.06426507605223855,0.004912718395607086,0.0,0.004547074627630138,0.0,0.0,0.0,0.0
G2.1.2,100,100,0.726,0.6009732633053224,0.0,1.0,1.0,1.0,1.0,0.0,1.0,0.0,1.0,0.0,0.0,0.0,0.0,0.0,0.506,0.5633318623081193,0.0,0.41255600926929203,0.0,0.0,0.0,0.0,0.04878524367060189,0.006203995579380192,0.0,0.0,0.0,0.0,0.0,0.0,0.0,0.0,0.0,0.0,0.0,0.0,0.0,0.0,0.04722287581247041,0.007280684968047363,0.0,0.005262804530292276,0.0,0.0,0.0,0.0
G2.1.3,10,10,0.86,0.6288888888888888,0.002702702702702703,1.0,0.9777777777777779,0.9777777777777779,1.0,0.0,0.9996996996996996,0.002565766890485746,0.9996996996996996,0.002565766890485746,0.0,0.0,0.0,0.0,0.6799999999999999,0.5997433862433861,0.0,0.3702142857142857,0.0,0.0,0.0,0.0,0.151657508881031,0.03176884101221285,0.0060434269662156485,0.0,0.04969039949999535,0.04969039949999535,0.0,0.0,0.0006714918851350941,0.005737229181544387,0.0006714918851350941,0.005737229181544387,0.0,0.0,0.0,0.0,0.13038404810405296,0.017348234327675887,0.0,0.03507971970660367,0.0,0.0,0.0,0.0
G2.1.3,10,25,0.7,0.6137777777777778,0.018872136235149932,0.8777777777777779,0.9166666666666666,0.7944444444444445,0.9980327245053273,0.010747268882596379,0.9988726551226552,0.007882327217519613,0.9969053796279823,0.01862959610011599,0.0,0.0,0.0,0.0,0.36,0.5686814814814813,0.0,0.3672,0.0,0.0,0.0,0.0,0.14142135623730953,0.0398267854528353,0.015847728724297506,0.21659542988464364,0.11785113019775792,0.18798804795209587,0.00367213192065636,0.017945334091317145,0.0016114329351736413,0.01080950195345809,0.0032460397516285407,0.015069725381126754,0.0,0.0,0.0,0.0,0.08944271909999159,0.019834597255435363,0.0,0.05061049517859142,0.0,0.0,0.0,0.0
G2.1.3,10,50,0.8,0.5801444444444447,0.013406353722143197,0.9277777777777778,0.9777777777777779,0.9055555555555556,0.9989797654797655,0.006902375791392147,0.9997076023391813,0.002532238022761518,0.9986873678189468,0.009434613814153664,0.0,0.0,0.0,0.0,0.64,0.5585555555555557,0.0,0.42833333333333334,0.0,0.0,0.0,0.0,0.17320508075688776,0.02890030757237336,0.0165513730426413,0.11041448285750993,0.04969039949999535,0.10318986456114838,0.001588439391395897,0.009975379481608336,0.0006538210460525855,0.005662256354104413,0.001484869082576554,0.009374070447559526,0.0,0.0,0.0,0.0,0.15165750888103102,0.029059299737512097,0.0,0.026700759456531463,0.0,0.0,0.0,0.0
G2.1.3,10,100,0.6599999999999999,0.5813428571428575,0.023905186352443736,0.8892857142857142,0.8814285714285715,0.7707142857142857,0.9983064529267061,0.009560339256112846,0.9981352535888401,0.016038646447959715,0.9964417065155461,0.020186437480837923,0.0,0.0,0.0,0.0,0.48,0.5766000000000002,0.0,0.42713333333333336,0.0,0.0,0.0,0.0,0.15165750888103102,0.02011791769157283,0.021729081198394985,0.18574862319922636,0.07307914356702458,0.2131876628509181,0.0029821390504825014,0.014854066454521633,0.0012464236647556962,0.010760546063586346,0.003928648321002714,0.0158108352214924,0.0,0.0,0.0,0.0,0.08366600265340753,0.016476432851384247,0.0,0.02406686288008658,0.0,0.0,0.0,0.0
G2.1.3,25,10,0.808,0.627176491954524,0.0,1.0,1.0,1.0,1.0,0.0,1.0,0.0,1.0,0.0,0.0,0.0,0.0,0.0,0.44000000000000006,0.5624393939393939,0.0,0.3862727272727272,0.0,0.0,0.0,0.0,0.07694153624668539,0.03732260534723566,0.0,0.0,0.0,0.0,0.0,0.0,0.0,0.0,0.0,0.0,0.0,0.0,0.0,0.0,0.028284271247461888,0.025558578443406216,0.0,0.06549272876175764,0.0,0.0,0.0,0.0
G2.1.3,25,25,0.784,0.6235067669172932,0.0,1.0,1.0,1.0,1.0,0.0,1.0,0.0,1.0,0.0,0.0,0.0,0.0,0.0,0.512,0.568673611111111,0.0,0.398,0.0,0.0,0.0,0.0,0.04560701700396552,0.015484166706562486,0.0,0.0,0.0,0.0,0.0,0.0,0.0,0.0,0.0,0.0,0.0,0.0,0.0,0.0,0.07155417527999328,0.015448236257651644,0.0,0.03753516869402469,0.0,0.0,0.0,0.0
G2.1.3,25,50,0.664,0.5981307189542486,0.0,1.0,1.0,1.0,1.0,0.0,1.0,0.0,1.0,0.0,0.0,0.0,0.0,0.0,0.45600000000000007,0.5749407342657344,0.0,0.4177053613053613,0.0,0.0,0.0,0.0,0.06066300355241239,0.014519633954541197,0.0,0.0,0.0,0.0,0.0,0.0,0.0,0.0,0.0,0.0,0.0,0.0,0.0,0.0,0.045607017003965515,0.009389232570688237,0.0,0.015186600367690475,0.0,0.0,0.0,0.0
G2.1.3,25,100,0.72,0.6047986842105266,0.002531645569620253,1.0,0.99,0.99,1.0,0.0,0.999873417721519,0.0011179444134592216,0.999873417721519,0.0011179444134592216,0.0,0.0,0.0,0.0,0.504,0.5607880952380955,0.0,0.40569523809523816,0.0,0.0,0.0,0.0,0.07483314773547883,0.009141699609216632,0.0056609315886070625,0.0,0.02236067977499793,0.02236067977499793,0.0,0.0,0.00028304657943035777,0.0024997997035609504,0.00028304657943035777,0.0024997997035609504,0.0,0.0,0.0,0.0,0.0779743547584717,0.01165992555421485,0.0,0.015520918880739459,0.0,0.0,0.0,0.0
G2.1.3,50,10,0.768,0.63620745585123,0.0,1.0,1.0,1.0,1.0,0.0,1.0,0.0,1.0,0.0,0.0,0.0,0.0,0.0,0.36,0.5776004296455424,0.031578947368421054,0.4116023391812866,0.0,0.0,0.0,0.0,0.04147288270665548,0.019928863499073784,0.0,0.0,0.0,0.0,0.0,0.0,0.0,0.0,0.0,0.0,0.0,0.0,0.0,0.0,0.034641016151377574,0.00932059660506968,0.047075115315785045,0.03034534423194968,0.0,0.0,0.0,0.0
G2.1.3,50,25,0.744,0.5954081081081082,0.0,1.0,1.0,1.0,1.0,0.0,1.0,0.0,1.0,0.0,0.0,0.0,0.0,0.0,0.476,0.5617569341276883,0.008333333333333333,0.42438886346300536,0.0,0.0,0.0,0.0,0.06542170893518452,0.024854125912455057,0.0,0.0,0.0,0.0,0.0,0.0,0.0,0.0,0.0,0.0,0.0,0.0,0.0,0.0,0.06542170893518451,0.011583991589600669,0.018633899812498245,0.026875042269737023,0.0,0.0,0.0,0.0
G2.1.3,50,50,0.736,0.6077942457954844,0.0,1.0,1.0,1.0,1.0,0.0,1.0,0.0,1.0,0.0,0.0,0.0,0.0,0.0,0.48,0.5652943690373547,0.0,0.40829661451325616,0.0,0.0,0.0,0.0,0.043358966777357594,0.010084932479481936,0.0,0.0,0.0,0.0,0.0,0.0,0.0,0.0,0.0,0.0,0.0,0.0,0.0,0.0,0.0812403840463596,0.009523993240105931,0.0,0.017651662504635807,0.0,0.0,0.0,0.0
G2.1.3,50,100,0.6839999999999999,0.5879463899282034,0.0,1.0,1.0,1.0,1.0,0.0,1.0,0.0,1.0,0.0,0.0,0.0,0.0,0.0,0.524,0.5596664137151788,0.0,0.42361435406698567,0.0,0.0,0.0,0.0,0.1178134118001851,0.011493472646654826,0.0,0.0,0.0,0.0,0.0,0.0,0.0,0.0,0.0,0.0,0.0,0.0,0.0,0.0,0.1366747965061591,0.006999510203579564,0.0,0.01062147668821524,0.0,0.0,0.0,0.0
G2.1.3,100,10,0.7939999999999999,0.6242864815159708,0.0,1.0,1.0,1.0,1.0,0.0,1.0,0.0,1.0,0.0,0.0,0.0,0.0,0.0,0.382,0.5915862144480031,0.011428571428571429,0.409430894308943,0.0,0.0,0.0,0.0,0.026076809620810572,0.009033662716824323,0.0,0.0,0.0,0.0,0.0,0.0,0.0,0.0,0.0,0.0,0.0,0.0,0.0,0.0,0.046043457732885366,0.01676070614377251,0.01564921592871903,0.02252465847369279,0.0,0.0,0.0,0.0
G2.1.3,100,25,0.736,0.61703774539571,0.0,1.0,1.0,1.0,1.0,0.0,1.0,0.0,1.0,0.0,0.0,0.0,0.0,0.0,0.43,0.571497324979162,0.0,0.40365724257135777,0.0,0.0,0.0,0.0,0.019493588689617945,0.007909737200789892,0.0,0.0,0.0,0.0,0.0,0.0,0.0,0.0,0.0,0.0,0.0,0.0,0.0,0.0,0.04527692569068707,0.014002125654982775,0.0,0.009342728306840197,0.0,0.0,0.0,0.0
G2.1.3,100,50,0.762,0.6035454016549909,0.0,1.0,1.0,1.0,1.0,0.0,1.0,0.0,1.0,0.0,0.0,0.0,0.0,0.0,0.524,0.5632837348713655,0.0,0.4113142470598369,0.0,0.0,0.0,0.0,0.027748873851023252,0.0068142158958673605,0.0,0.0,0.0,0.0,0.0,0.0,0.0,0.0,0.0,0.0,0.0,0.0,0.0,0.0,0.03847076812334268,0.0054693048028149225,0.0,0.00862718582321016,0.0,0.0,0.0,0.0
G2.1.3,100,100,0.736,0.5990215832435003,0.0,1.0,1.0,1.0,1.0,0.0,1.0,0.0,1.0,0.0,0.0,0.0,0.0,0.0,0.526,0.5665576876860511,0.0,0.4142761602689221,0.0,0.0,0.0,0.0,0.04159326868617083,0.003591855767770152,0.0,0.0,0.0,0.0,0.0,0.0,0.0,0.0,0.0,0.0,0.0,0.0,0.0,0.0,0.03646916505762093,0.004210911973889692,0.0,0.0055125061265839225,0.0,0.0,0.0,0.0
G2.2.1,10,10,0.9400000000000001,0.6749444444444445,0.014285714285714285,1.0,0.975,0.975,1.0,0.0,0.9991071428571429,0.004639421805988065,0.9991071428571429,0.004639421805988065,0.0,0.0,0.0,0.0,0.62,0.568568783068783,0.04,0.33133333333333337,0.0,0.0,0.0,0.0,0.08944271909999155,0.07476826338679092,0.031943828249996996,0.0,0.055901699437494734,0.055901699437494734,0.0,0.0,0.0019964892656248114,0.010374062534484153,0.0019964892656248114,0.010374062534484153,0.0,0.0,0.0,0.0,0.130384048104053,0.037746029984588265,0.0894427190999916,0.050420454403170785,0.0,0.0,0.0,0.0
G2.2.1,10,25,0.9800000000000001,0.6873777777777776,0.03739750445632799,0.96,0.8955555555555555,0.8555555555555555,0.9987450980392157,0.006969264369386547,0.996136660724896,0.016736858584861968,0.9948817587641118,0.021514779727101106,0.0,0.0,0.0,0.0,0.6,0.5564973544973544,0.0,0.34076190476190477,0.0,0.0,0.0,0.0,0.04472135954999578,0.00998566874309947,0.04056196635911106,0.054772255750516585,0.1058767044406364,0.13698697784375505,0.0017239297757124252,0.009550341891758367,0.004275413445609163,0.016460426851176203,0.004830826897170196,0.021779013358908358,0.0,0.0,0.0,0.0,0.1224744871391589,0.038367092900587166,0.0,0.046935088093355726,0.0,0.0,0.0,0.0
G2.2.1,10,50,1.0,0.6912000000000003,0.006896551724137931,1.0,0.9800000000000001,0.9800000000000001,1.0,0.0,0.9993103448275862,0.003649312153192538,0.9993103448275862,0.003649312153192538,0.0,0.0,0.0,0.0,0.6399999999999999,0.5685238095238098,0.0,0.31700000000000006,0.0,0.0,0.0,0.0,0.0,0.009230384607371472,0.015421158465515792,0.0,0.04472135954999578,0.04472135954999578,0.0,0.0,0.00154211584655159,0.008160110045654641,0.00154211584655159,0.008160110045654641,0.0,0.0,0.0,0.0,0.13416407864998736,0.021422368296751745,0.0,0.016447194413687458,0.0,0.0,0.0,0.0
G2.2.1,10,100,1.0,0.6916000000000004,0.01380952380952381,1.0,0.96,0.96,1.0,0.0,0.9986190476190476,0.007301647316213451,0.9986190476190476,0.007301647316213451,0.0,0.0,0.0,0.0,0.6799999999999999,0.5696373015873017,0.0,0.30160714285714285,0.0,0.0,0.0,0.0,0.0,0.02286482013924453,0.018928197061287417,0.0,0.0547722557505166,0.0547722557505166,0.0,0.0,0.0018928197061287785,0.010000496358586746,0.0018928197061287785,0.010000496358586746,0.0,0.0,0.0,0.0,0.10954451150103321,0.012163633667659051,0.0,0.02111149338775503,0.0,0.0,0.0,0.0
G2.2.1,25,10,0.9359999999999999,0.7112666666666666,0.0,1.0,1.0,1.0,1.0,0.0,1.0,0.0,1.0,0.0,0.0,0.0,0.0,0.0,0.568,0.5761130952380952,0.0,0.28534523809523804,0.0,0.0,0.0,0.0,0.0779743547584717,0.026045526380636765,0.0,0.0,0.0,0.0,0.0,0.0,0.0,0.0,0.0,0.0,0.0,0.0,0.0,0.0,0.09959919678390985,0.022982010201028337,0.0,0.02642938919798728,0.0,0.0,0.0,0.0
G2.2.1,25,25,0.952,0.7081878787878788,0.0,1.0,1.0,1.0,1.0,0.0,1.0,0.0,1.0,0.0,0.0,0.0,0.0,0.0,0.656,0.5695243697478991,0.0,0.29596190476190476,0.0,0.0,0.0,0.0,0.04381780460041327,0.01958740389088287,0.0,0.0,0.0,0.0,0.0,0.0,0.0,0.0,0.0,0.0,0.0,0.0,0.0,0.0,0.1117139203501515,0.018505412927508527,0.0,0.026654555072678426,0.0,0.0,0.0,0.0
G2.2.1,25,50,0.984,0.6978400000000002,0.0,1.0,1.0,1.0,1.0,0.0,1.0,0.0,1.0,0.0,0.0,0.0,0.0,0.0,0.584,0.5645033882783884,0.0,0.30732087912087913,0.0,0.0,0.0,0.0,0.021908902300206656,0.02015423032516997,0.0,0.0,0.0,0.0,0.0,0.0,0.0,0.0,0.0,0.0,0.0,0.0,0.0,0.0,0.12198360545581524,0.015026666137210386,0.0,0.034978027501872476,0.0,0.0,0.0,0.0
G2.2.1,25,100,0.984,0.6971033333333339,0.0,1.0,1.0,1.0,1.0,0.0,1.0,0.0,1.0,0.0,0.0,0.0,0.0,0.0,0.624,0.5656095133667505,0.0,0.30130108604845446,0.0,0.0,0.0,0.0,0.021908902300206656,0.004460293961413518,0.0,0.0,0.0,0.0,0.0,0.0,0.0,0.0,0.0,0.0,0.0,0.0,0.0,0.0,0.11523888232710346,0.011097856337962295,0.0,0.007226295448859973,0.0,0.0,0.0,0.0
G2.2.1,50,10,0.9480000000000001,0.7030220349009169,0.0,1.0,1.0,1.0,1.0,0.0,1.0,0.0,1.0,0.0,0.0,0.0,0.0,0.0,0.504,0.5649622652479795,0.023433048433048432,0.31862279202279203,0.0,0.0,0.0,0.0,0.026832815729997468,0.023968950904299773,0.0,0.0,0.0,0.0,0.0,0.0,0.0,0.0,0.0,0.0,0.0,0.0,0.0,0.0,0.026076809620810618,0.020563415162725217,0.021456959069812282,0.029060029072408153,0.0,0.0,0.0,0.0
G2.2.1,50,25,0.976,0.7017176870748301,0.0,1.0,1.0,1.0,1.0,0.0,1.0,0.0,1.0,0.0,0.0,0.0,0.0,0.0,0.612,0.558980470737332,0.0,0.30401519124183196,0.0,0.0,0.0,0.0,0.008944271909999175,0.015596610448597767,0.0,0.0,0.0,0.0,0.0,0.0,0.0,0.0,0.0,0.0,0.0,0.0,0.0,0.0,0.04147288270665545,0.008481631089823955,0.0,0.02160053514239308,0.0,0.0,0.0,0.0
G2.2.1,50,50,0.968,0.6957857142857146,0.0,1.0,1.0,1.0,1.0,0.0,1.0,0.0,1.0,0.0,0.0,0.0,0.0,0.0,0.6799999999999999,0.561968332271677,0.0,0.30994709482622373,0.0,0.0,0.0,0.0,0.010954451150103333,0.011077860747407482,0.0,0.0,0.0,0.0,0.0,0.0,0.0,0.0,0.0,0.0,0.0,0.0,0.0,0.0,0.08366600265340755,0.007840832105894724,0.0,0.007808727645214336,0.0,0.0,0.0,0.0
G2.2.1,50,100,0.984,0.6973858843537418,0.0,1.0,1.0,1.0,1.0,0.0,1.0,0.0,1.0,0.0,0.0,0.0,0.0,0.0,0.6519999999999999,0.5630775439395361,0.0,0.3008494341838369,0.0,0.0,0.0,0.0,0.016733200530681537,0.0056346269653533496,0.0,0.0,0.0,0.0,0.0,0.0,0.0,0.0,0.0,0.0,0.0,0.0,0.0,0.0,0.07155417527999329,0.0031895084768578767,0.0,0.009044144329482877,0.0,0.0,0.0,0.0
G2.2.1,100,10,0.96,0.7142602432252896,0.0,1.0,1.0,1.0,1.0,0.0,1.0,0.0,1.0,0.0,0.0,0.0,0.0,0.0,0.438,0.5732346481637777,0.0,0.301512455188896,0.0,0.0,0.0,0.0,0.019999999999999997,0.008074810684257841,0.0,0.0,0.0,0.0,0.0,0.0,0.0,0.0,0.0,0.0,0.0,0.0,0.0,0.0,0.024899799195977464,0.010862263149282483,0.0,0.011857455089123083,0.0,0.0,0.0,0.0
G2.2.1,100,25,0.978,0.6960133291679682,0.0,1.0,1.0,1.0,1.0,0.0,1.0,0.0,1.0,0.0,0.0,0.0,0.0,0.0,0.5900000000000001,0.5625768363673865,0.0,0.3082398376912588,0.0,0.0,0.0,0.0,0.010954451150103331,0.004829455193163767,0.0,0.0,0.0,0.0,0.0,0.0,0.0,0.0,0.0,0.0,0.0,0.0,0.0,0.0,0.08717797887081348,0.004517675346605455,0.0,0.010604091689757613,0.0,0.0,0.0,0.0
G2.2.1,100,50,0.994,0.6931050917336635,0.0,1.0,1.0,1.0,1.0,0.0,1.0,0.0,1.0,0.0,0.0,0.0,0.0,0.0,0.702,0.5633222227215969,0.0,0.3104770910945279,0.0,0.0,0.0,0.0,0.008944271909999172,0.006158902813407481,0.0,0.0,0.0,0.0,0.0,0.0,0.0,0.0,0.0,0.0,0.0,0.0,0.0,0.0,0.021679483388678762,0.004809831572632102,0.0,0.00587043245244177,0.0,0.0,0.0,0.0
G2.2.1,100,100,0.9960000000000001,0.6942187755102045,0.0,1.0,1.0,1.0,1.0,0.0,1.0,0.0,1.0,0.0,0.0,0.0,0.0,0.0,0.6679999999999999,0.5622367188553732,0.0,0.3057082519104526,0.0,0.0,0.0,0.0,0.008944271909999175,0.0022148449401980714,0.0,0.0,0.0,0.0,0.0,0.0,0.0,0.0,0.0,0.0,0.0,0.0,0.0,0.0,0.03563705936241088,0.0035877313212708027,0.0,0.003185734760969565,0.0,0.0,0.0,0.0
G2.2.2,10,10,0.96,0.7348888888888888,0.012549019607843137,1.0,0.96,0.96,1.0,0.0,0.9987450980392157,0.006969264369386547,0.9987450980392157,0.006969264369386547,0.0,0.0,0.0,0.0,0.6799999999999999,0.590010582010582,0.0,0.26317460317460317,0.0,0.0,0.0,0.0,0.05477225575051661,0.033998910657930245,0.017239297757124128,0.0,0.054772255750516585,0.054772255750516585,0.0,0.0,0.0017239297757124202,0.009550341891758367,0.0017239297757124202,0.009550341891758367,0.0,0.0,0.0,0.0,0.14832396974191325,0.012133279989398565,0.0,0.06067562831984572,0.0,0.0,0.0,0.0
G2.2.2,10,25,0.9400000000000001,0.7008888888888889,0.041233766233766234,0.9355555555555555,0.9800000000000001,0.9155555555555555,0.9973713323713322,0.012730493142524998,0.9990476190476191,0.004259177099999597,0.9964189514189513,0.016989670242524596,0.0,0.0,0.0,0.0,0.5599999999999999,0.5752465608465609,0.04,0.2921142857142857,0.0,0.0,0.0,0.0,0.05477225575051658,0.02785500376176431,0.02583952368445335,0.05900408021045225,0.04472135954999578,0.047531665858238745,0.0024130996445897277,0.011637191552969493,0.002129588549999845,0.00952380952380952,0.002024713519933286,0.009517017018238878,0.0,0.0,0.0,0.0,0.08944271909999155,0.015252297907948272,0.0894427190999916,0.05598017141664302,0.0,0.0,0.0,0.0
G2.2.2,10,50,1.0,0.7036000000000003,0.008,1.0,0.9800000000000001,0.9800000000000001,1.0,0.0,0.9992000000000001,0.0039191835884530846,0.9992000000000001,0.0039191835884530846,0.0,0.0,0.0,0.0,0.68,0.5514444444444446,0.0,0.3005,0.0,0.0,0.0,0.0,0.0,0.030146309890266863,0.017888543819998316,0.0,0.04472135954999578,0.04472135954999578,0.0,0.0,0.0017888543819998349,0.008763560920082656,0.0017888543819998349,0.008763560920082656,0.0,0.0,0.0,0.0,0.1788854381999832,0.014070205364966996,0.0,0.028853076092506993,0.0,0.0,0.0,0.0
G2.2.2,10,100,1.0,0.6964000000000004,0.014250000000000002,0.9800000000000001,0.9800000000000001,0.96,0.999375,0.0034798527267687627,0.9992000000000001,0.0039191835884530846,0.998575,0.007399036315221846,0.0,0.0,0.0,0.0,0.54,0.5742370370370373,0.0,0.31352222222222226,0.0,0.0,0.0,0.0,0.0,0.01613381541979449,0.01975632810013035,0.04472135954999579,0.04472135954999578,0.0547722557505166,0.001397542485937395,0.007781187248742955,0.0017888543819998349,0.008763560920082656,0.0019756328100130277,0.010161270627118212,0.0,0.0,0.0,0.0,0.23021728866442676,0.028377399767390593,0.0,0.017099725649376667,0.0,0.0,0.0,0.0
G2.2.2,25,10,0.9359999999999999,0.7088504611330698,0.0,1.0,1.0,1.0,1.0,0.0,1.0,0.0,1.0,0.0,0.0,0.0,0.0,0.0,0.52,0.5779322344322344,0.015384615384615385,0.29843223443223443,0.0,0.0,0.0,0.0,0.035777087639996596,0.03622198743446666,0.0,0.0,0.0,0.0,0.0,0.0,0.0,0.0,0.0,0.0,0.0,0.0,0.0,0.0,0.07483314773547883,0.01312702090972217,0.034401045807689073,0.030237461804721765,0.0,0.0,0.0,0.0
G2.2.2,25,25,0.96,0.7069849802371542,0.0,1.0,1.0,1.0,1.0,0.0,1.0,0.0,1.0,0.0,0.0,0.0,0.0,0.0,0.6,0.5605264876463406,0.0,0.2975765998707175,0.0,0.0,0.0,0.0,0.05656854249492378,0.018797721392429592,0.0,0.0,0.0,0.0,0.0,0.0,0.0,0.0,0.0,0.0,0.0,0.0,0.0,0.0,0.06324555320336758,0.008334858627833936,0.0,0.017307004598136628,0.0,0.0,0.0,0.0
G2.2.2,25,50,0.984,0.7051066666666669,0.0,1.0,1.0,1.0,1.0,0.0,1.0,0.0,1.0,0.0,0.0,0.0,0.0,0.0,0.616,0.5632776388085601,0.0,0.3032367939078465,0.0,0.0,0.0,0.0,0.021908902300206666,0.011333073526433913,0.0,0.0,0.0,0.0,0.0,0.0,0.0,0.0,0.0,0.0,0.0,0.0,0.0,0.0,0.0920869154657707,0.00904286193767406,0.0,0.016179289723606338,0.0,0.0,0.0,0.0
G2.2.2,25,100,1.0,0.6933600000000004,0.0,1.0,1.0,1.0,1.0,0.0,1.0,0.0,1.0,0.0,0.0,0.0,0.0,0.0,0.648,0.568687944329779,0.0,0.30420130718954247,0.0,0.0,0.0,0.0,0.0,0.008017979795434772,0.0,0.0,0.0,0.0,0.0,0.0,0.0,0.0,0.0,0.0,0.0,0.0,0.0,0.0,0.11099549540409284,0.01138567293199531,0.0,0.014559359672646736,0.0,0.0,0.0,0.0
G2.2.2,50,10,0.9559999999999998,0.7032389145852606,0.0,1.0,1.0,1.0,1.0,0.0,1.0,0.0,1.0,0.0,0.0,0.0,0.0,0.0,0.532,0.5701327312534209,0.006896551724137931,0.3109195402298851,0.0,0.0,0.0,0.0,0.029664793948382652,0.01997848074383351,0.0,0.0,0.0,0.0,0.0,0.0,0.0,0.0,0.0,0.0,0.0,0.0,0.0,0.0,0.050199601592044486,0.009425136838466403,0.01542115846551579,0.027860229065611117,0.0,0.0,0.0,0.0
G2.2.2,50,25,0.968,0.6939285714285715,0.0,1.0,1.0,1.0,1.0,0.0,1.0,0.0,1.0,0.0,0.0,0.0,0.0,0.0,0.652,0.5634037587733213,0.0,0.31137012388944874,0.0,0.0,0.0,0.0,0.010954451150103319,0.009118842405971026,0.0,0.0,0.0,0.0,0.0,0.0,0.0,0.0,0.0,0.0,0.0,0.0,0.0,0.0,0.08074651695274539,0.004369600369115185,0.0,0.017003553310244245,0.0,0.0,0.0,0.0
G2.2.2,50,50,0.984,0.696936666666667,0.0,1.0,1.0,1.0,1.0,0.0,1.0,0.0,1.0,0.0,0.0,0.0,0.0,0.0,0.656,0.5618756892230578,0.0,0.30731973684210534,0.0,0.0,0.0,0.0,0.021908902300206666,0.008472065208016865,0.0,0.0,0.0,0.0,0.0,0.0,0.0,0.0,0.0,0.0,0.0,0.0,0.0,0.0,0.0606630035524124,0.006275359321504502,0.0,0.012719214912007672,0.0,0.0,0.0,0.0
G2.2.2,50,100,1.0,0.6961600000000004,0.0,1.0,1.0,1.0,1.0,0.0,1.0,0.0,1.0,0.0,0.0,0.0,0.0,0.0,0.648,0.5622766014952992,0.0,0.3013387736718619,0.0,0.0,0.0,0.0,0.0,0.0057225868276505835,0.0,0.0,0.0,0.0,0.0,0.0,0.0,0.0,0.0,0.0,0.0,0.0,0.0,0.0,0.09011104260855042,0.0030574988253646855,0.0,0.00643218584352977,0.0,0.0,0.0,0.0
G2.2.2,100,10,0.944,0.7043206521739129,0.0,1.0,1.0,1.0,1.0,0.0,1.0,0.0,1.0,0.0,0.0,0.0,0.0,0.0,0.462,0.5797395142030941,0.0,0.3107312252964427,0.0,0.0,0.0,0.0,0.03507135583350036,0.023883242063331502,0.0,0.0,0.0,0.0,0.0,0.0,0.0,0.0,0.0,0.0,0.0,0.0,0.0,0.0,0.017888543819998295,0.0176193846743811,0.0,0.02924129932500335,0.0,0.0,0.0,0.0
G2.2.2,100,25,0.958,0.7012435520982441,0.0,1.0,1.0,1.0,1.0,0.0,1.0,0.0,1.0,0.0,0.0,0.0,0.0,0.0,0.586,0.5649387245519513,0.0,0.2999423801176774,0.0,0.0,0.0,0.0,0.03271085446759222,0.00692144002350437,0.0,0.0,0.0,0.0,0.0,0.0,0.0,0.0,0.0,0.0,0.0,0.0,0.0,0.0,0.06877499545619763,0.009028726609849089,0.0,0.014157111123171586,0.0,0.0,0.0,0.0
G2.2.2,100,50,0.976,0.7012791070817583,0.0,1.0,1.0,1.0,1.0,0.0,1.0,0.0,1.0,0.0,0.0,0.0,0.0,0.0,0.64,0.5584185140126177,0.0,0.3011658873956521,0.0,0.0,0.0,0.0,0.008944271909999156,0.006144186613877981,0.0,0.0,0.0,0.0,0.0,0.0,0.0,0.0,0.0,0.0,0.0,0.0,0.0,0.0,0.044721359549995836,0.0028062938809983746,0.0,0.01147936283617088,0.0,0.0,0.0,0.0
G2.2.2,100,100,0.99,0.6946201814058961,0.0,1.0,1.0,1.0,1.0,0.0,1.0,0.0,1.0,0.0,0.0,0.0,0.0,0.0,0.65,0.5595576424309225,0.0,0.3071960668908776,0.0,0.0,0.0,0.0,0.010000000000000038,0.0038133487573554143,0.0,0.0,0.0,0.0,0.0,0.0,0.0,0.0,0.0,0.0,0.0,0.0,0.0,0.0,0.027386127875258296,0.003269291337373759,0.0,0.005182954944332717,0.0,0.0,0.0,0.0
G2.2.3,10,10,0.9,0.7507777777777778,0.002702702702702703,1.0,0.95,0.95,1.0,0.0,0.9993243243243242,0.0057729755035929265,0.9993243243243242,0.0057729755035929265,0.0,0.0,0.0,0.0,0.6,0.5965185185185184,0.0,0.26366666666666666,0.0,0.0,0.0,0.0,0.07071067811865472,0.025213899752730466,0.0060434269662156485,0.0,0.11180339887498948,0.11180339887498948,0.0,0.0,0.0015108567415539184,0.012908765658474866,0.0015108567415539184,0.012908765658474866,0.0,0.0,0.0,0.0,0.12247448713915891,0.039841593062061476,0.0,0.07286212245665705,0.0,0.0,0.0,0.0
G2.2.3,10,25,0.9800000000000001,0.7064,0.005171838505171838,0.9800000000000001,0.9800000000000001,0.96,0.9997297297297297,0.0023091902014371704,0.999753086419753,0.002208462199999791,0.9994828161494829,0.004517652401436961,0.0,0.0,0.0,0.0,0.64,0.5599492063492063,0.0,0.27451428571428577,0.0,0.0,0.0,0.0,0.04472135954999578,0.03459479729670353,0.0070938577328893224,0.04472135954999578,0.04472135954999579,0.0547722557505166,0.0006043426966215183,0.005163506263389945,0.0005521155499999417,0.004938271604938269,0.0007093857732888949,0.006188612541999786,0.0,0.0,0.0,0.0,0.1341640786499874,0.03620546612424527,0.0,0.054913066732419746,0.0,0.0,0.0,0.0
G2.2.3,10,50,0.96,0.6879555555555559,0.005519604111153408,1.0,0.9577777777777777,0.9577777777777777,1.0,0.0,0.9994167406843463,0.004927844431590773,0.9994167406843463,0.004927844431590773,0.0,0.0,0.0,0.0,0.64,0.5661481481481483,0.0,0.32966666666666666,0.0,0.0,0.0,0.0,0.05477225575051663,0.007954189826906941,0.007560724806258548,0.0,0.05794846582402355,0.05794846582402355,0.0,0.0,0.0008022229882590842,0.0067698685433704876,0.0008022229882590842,0.0067698685433704876,0.0,0.0,0.0,0.0,0.21908902300206645,0.011060378003993383,0.0,0.022496913368529277,0.0,0.0,0.0,0.0
G2.2.3,10,100,1.0,0.7078000000000004,0.0,1.0,1.0,1.0,1.0,0.0,1.0,0.0,1.0,0.0,0.0,0.0,0.0,0.0,0.76,0.5673351851851856,0.0,0.2958888888888889,0.0,0.0,0.0,0.0,0.0,0.017725687574816372,0.0,0.0,0.0,0.0,0.0,0.0,0.0,0.0,0.0,0.0,0.0,0.0,0.0,0.0,0.15165750888103102,0.012607899193959639,0.0,0.0319959729333336,0.0,0.0,0.0,0.0
G2.2.3,25,10,0.96,0.7077159420289855,0.0,1.0,1.0,1.0,1.0,0.0,1.0,0.0,1.0,0.0,0.0,0.0,0.0,0.0,0.536,0.5626669719169719,0.0,0.2879560439560439,0.0,0.0,0.0,0.0,0.02828427124746189,0.02966556853882601,0.0,0.0,0.0,0.0,0.0,0.0,0.0,0.0,0.0,0.0,0.0,0.0,0.0,0.0,0.08294576541331086,0.02786811699613609,0.0,0.030935908224743576,0.0,0.0,0.0,0.0
G2.2.3,25,25,0.944,0.6991418181818182,0.0,1.0,1.0,1.0,1.0,0.0,1.0,0.0,1.0,0.0,0.0,0.0,0.0,0.0,0.6719999999999999,0.557910119047619,0.0,0.3062047619047619,0.0,0.0,0.0,0.0,0.05366563145999495,0.015567376416285021,0.0,0.0,0.0,0.0,0.0,0.0,0.0,0.0,0.0,0.0,0.0,0.0,0.0,0.0,0.09549869109050657,0.01876125399221879,0.0,0.017183513297684503,0.0,0.0,0.0,0.0
G2.2.3,25,50,0.96,0.6935539130434786,0.0,1.0,1.0,1.0,1.0,0.0,1.0,0.0,1.0,0.0,0.0,0.0,0.0,0.0,0.6799999999999999,0.5629744338378628,0.0,0.3099079291365669,0.0,0.0,0.0,0.0,0.02828427124746189,0.010590815761399714,0.0,0.0,0.0,0.0,0.0,0.0,0.0,0.0,0.0,0.0,0.0,0.0,0.0,0.0,0.06324555320336755,0.014675056416495792,0.0,0.012929047204252472,0.0,0.0,0.0,0.0
G2.2.3,25,100,1.0,0.6940800000000005,0.0,1.0,1.0,1.0,1.0,0.0,1.0,0.0,1.0,0.0,0.0,0.0,0.0,0.0,0.64,0.561407943469786,0.0,0.3081678362573099,0.0,0.0,0.0,0.0,0.0,0.01285737142653975,0.0,0.0,0.0,0.0,0.0,0.0,0.0,0.0,0.0,0.0,0.0,0.0,0.0,0.0,0.10954451150103323,0.00801870009723075,0.0,0.01761699978156468,0.0,0.0,0.0,0.0
G2.2.3,50,10,0.9719999999999999,0.7094568027210884,0.0,1.0,1.0,1.0,1.0,0.0,1.0,0.0,1.0,0.0,0.0,0.0,0.0,0.0,0.504,0.5582677935820792,0.00909090909090909,0.303410101010101,0.0,0.0,0.0,0.0,0.017888543819998326,0.006909428150828872,0.0,0.0,0.0,0.0,0.0,0.0,0.0,0.0,0.0,0.0,0.0,0.0,0.0,0.0,0.04098780306383841,0.011773242058327313,0.020327890704543543,0.018189865783527177,0.0,0.0,0.0,0.0
G2.2.3,50,25,0.9480000000000001,0.6974565168305992,0.0,1.0,1.0,1.0,1.0,0.0,1.0,0.0,1.0,0.0,0.0,0.0,0.0,0.0,0.592,0.5665824950847071,0.0,0.30574434995112415,0.0,0.0,0.0,0.0,0.04147288270665545,0.010318170013657379,0.0,0.0,0.0,0.0,0.0,0.0,0.0,0.0,0.0,0.0,0.0,0.0,0.0,0.0,0.06870225614927067,0.014638209334931752,0.0,0.012190228158152442,0.0,0.0,0.0,0.0
G2.2.3,50,50,0.9879999999999999,0.6968698639455784,0.0,1.0,1.0,1.0,1.0,0.0,1.0,0.0,1.0,0.0,0.0,0.0,0.0,0.0,0.72,0.5560127396413111,0.0,0.31011457431457434,0.0,0.0,0.0,0.0,0.017888543819998333,0.0044882367139041455,0.0,0.0,0.0,0.0,0.0,0.0,0.0,0.0,0.0,0.0,0.0,0.0,0.0,0.0,0.050990195135927854,0.005469524285494815,0.0,0.007350185870261841,0.0,0.0,0.0,0.0
G2.2.3,50,100,0.9960000000000001,0.6907967346938779,0.0,1.0,1.0,1.0,1.0,0.0,1.0,0.0,1.0,0.0,0.0,0.0,0.0,0.0,0.6599999999999999,0.5610626516332361,0.0,0.30972354176836936,0.0,0.0,0.0,0.0,0.008944271909999166,0.004435438482902158,0.0,0.0,0.0,0.0,0.0,0.0,0.0,0.0,0.0,0.0,0.0,0.0,0.0,0.0,0.08366600265340754,0.009137824816589861,0.0,0.007139755455053841,0.0,0.0,0.0,0.0
G2.2.3,100,10,0.9400000000000001,0.7074533653154459,0.0,1.0,1.0,1.0,1.0,0.0,1.0,0.0,1.0,0.0,0.0,0.0,0.0,0.0,0.462,0.5685269255704039,0.008465608465608464,0.3065613066482632,0.0,0.0,0.0,0.0,0.017320508075688752,0.002031343831212572,0.0,0.0,0.0,0.0,0.0,0.0,0.0,0.0,0.0,0.0,0.0,0.0,0.0,0.0,0.04604345773288537,0.01458041201971917,0.011741979376281558,0.01322619275072491,0.0,0.0,0.0,0.0
G2.2.3,100,25,0.9560000000000001,0.6985049484815259,0.0,1.0,1.0,1.0,1.0,0.0,1.0,0.0,1.0,0.0,0.0,0.0,0.0,0.0,0.584,0.5649080087589178,0.0,0.30971659673659674,0.0,0.0,0.0,0.0,0.020736441353327695,0.007753523968539674,0.0,0.0,0.0,0.0,0.0,0.0,0.0,0.0,0.0,0.0,0.0,0.0,0.0,0.0,0.07127411872482182,0.006444751129038877,0.0,0.008933930090506536,0.0,0.0,0.0,0.0
G2.2.3,100,50,0.976,0.6939737712173283,0.0,1.0,1.0,1.0,1.0,0.0,1.0,0.0,1.0,0.0,0.0,0.0,0.0,0.0,0.6719999999999999,0.5611488485920411,0.0,0.30990435573906316,0.0,0.0,0.0,0.0,0.01341640786499876,0.008478502859071351,0.0,0.0,0.0,0.0,0.0,0.0,0.0,0.0,0.0,0.0,0.0,0.0,0.0,0.0,0.061806148561449795,0.004933758962637875,0.0,0.009769835627193937,0.0,0.0,0.0,0.0
G2.2.3,100,100,0.9960000000000001,0.6968024242424247,0.0,1.0,1.0,1.0,1.0,0.0,1.0,0.0,1.0,0.0,0.0,0.0,0.0,0.0,0.664,0.5617664608846775,0.0,0.30418823958901,0.0,0.0,0.0,0.0,0.0054772255750516665,0.0052246965105334844,0.0,0.0,0.0,0.0,0.0,0.0,0.0,0.0,0.0,0.0,0.0,0.0,0.0,0.0,0.0304959013639538,0.004082221373838319,0.0,0.0037609705426676337,0.0,0.0,0.0,0.0
G2.3.1,10,10,0.8800000000000001,0.7093015873015872,0.0,1.0,1.0,1.0,1.0,0.0,1.0,0.0,1.0,0.0,0.0,0.0,0.0,0.0,0.48,0.545,0.05,0.34800000000000003,0.0,0.0,0.0,0.0,0.10954451150103324,0.012371587830070096,0.0,0.0,0.0,0.0,0.0,0.0,0.0,0.0,0.0,0.0,0.0,0.0,0.0,0.0,0.04472135954999579,0.04631814299354378,0.1118033988749895,0.07563068160475617,0.0,0.0,0.0,0.0
G2.3.1,10,25,0.9400000000000001,0.6788222222222222,0.02374074074074074,0.9577777777777777,0.9800000000000001,0.9377777777777778,0.9983333333333333,0.008217636235358285,0.9992000000000001,0.0039191835884530846,0.9975333333333334,0.01213681982381137,0.0,0.0,0.0,0.0,0.38,0.49041481481481475,0.0,0.41306666666666664,0.0,0.0,0.0,0.0,0.08944271909999156,0.029967430880545074,0.021735566296962612,0.057948465824023555,0.04472135954999578,0.056981695133147034,0.0023055369625905437,0.011313432772988267,0.001788854381999827,0.008763560920082656,0.00227643742557047,0.011147990780189541,0.0,0.0,0.0,0.0,0.08366600265340757,0.021836378702574495,0.0,0.04769486345509334,0.0,0.0,0.0,0.0
G2.3.1,10,50,0.8800000000000001,0.6851000000000003,0.0,1.0,1.0,1.0,1.0,0.0,1.0,0.0,1.0,0.0,0.0,0.0,0.0,0.0,0.34,0.47171111111111125,0.0,0.4182,0.0,0.0,0.0,0.0,0.10954451150103317,0.016133815419794556,0.0,0.0,0.0,0.0,0.0,0.0,0.0,0.0,0.0,0.0,0.0,0.0,0.0,0.0,0.1341640786499874,0.023395631121120822,0.0,0.056799647886232506,0.0,0.0,0.0,0.0
G2.3.1,10,100,1.0,0.6712000000000004,0.013793103448275862,0.9400000000000001,1.0,0.9400000000000001,0.9977777777777778,0.008773193429187257,1.0,0.0,0.9977777777777778,0.008773193429187257,0.0,0.0,0.0,0.0,0.33999999999999997,0.4749592592592595,0.0,0.4599333333333333,0.0,0.0,0.0,0.0,0.0,0.010034938963441644,0.03084231693103158,0.1341640786499874,0.0,0.1341640786499874,0.004969039949999524,0.019617456887417194,0.0,0.0,0.004969039949999524,0.019617456887417194,0.0,0.0,0.0,0.0,0.1140175425099138,0.011725077178519951,0.0,0.052329299207571636,0.0,0.0,0.0,0.0
G2.3.1,25,10,0.9279999999999999,0.7127974025974024,0.010526315789473684,1.0,0.9916666666666666,0.9916666666666666,1.0,0.0,0.9995614035087719,0.0018608073189119658,0.9995614035087719,0.0018608073189119658,0.0,0.0,0.0,0.0,0.296,0.4903492063492063,0.0,0.3215079365079365,0.0,0.0,0.0,0.0,0.06572670690061992,0.03220045045028838,0.023537557657892522,0.0,0.018633899812498238,0.018633899812498238,0.0,0.0,0.0009807315690787898,0.004160891658116285,0.0009807315690787898,0.004160891658116285,0.0,0.0,0.0,0.0,0.060663003552412394,0.0382365796498767,0.0,0.0504710973146725,0.0,0.0,0.0,0.0
G2.3.1,25,25,0.9199999999999999,0.7037130434782609,0.0,1.0,1.0,1.0,1.0,0.0,1.0,0.0,1.0,0.0,0.0,0.0,0.0,0.0,0.32,0.4711521164021164,0.0,0.3460952380952381,0.0,0.0,0.0,0.0,0.06928203230275501,0.01569858390594399,0.0,0.0,0.0,0.0,0.0,0.0,0.0,0.0,0.0,0.0,0.0,0.0,0.0,0.0,0.028284271247461888,0.028454275176375422,0.0,0.05097312661774054,0.0,0.0,0.0,0.0
G2.3.1,25,50,0.9039999999999999,0.6994727084509696,0.0,1.0,1.0,1.0,1.0,0.0,1.0,0.0,1.0,0.0,0.0,0.0,0.0,0.0,0.272,0.4608450757575759,0.0,0.3718818181818182,0.0,0.0,0.0,0.0,0.04560701700396554,0.013152085015945942,0.0,0.0,0.0,0.0,0.0,0.0,0.0,0.0,0.0,0.0,0.0,0.0,0.0,0.0,0.11099549540409286,0.016024916817049106,0.0,0.043539186301556614,0.0,0.0,0.0,0.0
G2.3.1,25,100,1.0,0.6972800000000003,0.0,1.0,1.0,1.0,1.0,0.0,1.0,0.0,1.0,0.0,0.0,0.0,0.0,0.0,0.328,0.4699018849206351,0.0,0.33090952380952376,0.0,0.0,0.0,0.0,0.0,0.0027914154115788836,0.0,0.0,0.0,0.0,0.0,0.0,0.0,0.0,0.0,0.0,0.0,0.0,0.0,0.0,0.07155417527999328,0.010792855314973307,0.0,0.022135254711292254,0.0,0.0,0.0,0.0
G2.3.1,50,10,0.852,0.7481173819877733,0.0,1.0,1.0,1.0,1.0,0.0,1.0,0.0,1.0,0.0,0.0,0.0,0.0,0.0,0.21200000000000002,0.48898808334522614,0.025,0.24787412587412588,0.0,0.0,0.0,0.0,0.04147288270665544,0.01313965405129477,0.0,0.0,0.0,0.0,0.0,0.0,0.0,0.0,0.0,0.0,0.0,0.0,0.0,0.0,0.0363318042491699,0.027596501618759494,0.05590169943749474,0.04578234678805662,0.0,0.0,0.0,0.0
G2.3.1,50,25,0.9199999999999999,0.7034864837085004,0.0,1.0,1.0,1.0,1.0,0.0,1.0,0.0,1.0,0.0,0.0,0.0,0.0,0.0,0.284,0.483197129401211,0.0,0.30940659340659343,0.0,0.0,0.0,0.0,0.019999999999999934,0.010089433316884411,0.0,0.0,0.0,0.0,0.0,0.0,0.0,0.0,0.0,0.0,0.0,0.0,0.0,0.0,0.016733200530681492,0.011017155495341243,0.0,0.017518124207911004,0.0,0.0,0.0,0.0
G2.3.1,50,50,0.9719999999999999,0.6974084845853238,0.0,1.0,1.0,1.0,1.0,0.0,1.0,0.0,1.0,0.0,0.0,0.0,0.0,0.0,0.388,0.463704059468399,0.0,0.3097527151211362,0.0,0.0,0.0,0.0,0.022803508501982782,0.008117410431124357,0.0,0.0,0.0,0.0,0.0,0.0,0.0,0.0,0.0,0.0,0.0,0.0,0.0,0.0,0.022803508501982764,0.008888107157943435,0.0,0.016407500420065734,0.0,0.0,0.0,0.0
G2.3.1,50,100,0.976,0.6959200000000004,0.0,1.0,1.0,1.0,1.0,0.0,1.0,0.0,1.0,0.0,0.0,0.0,0.0,0.0,0.344,0.4692001635819166,0.0,0.3170452488687783,0.0,0.0,0.0,0.0,0.032863353450309996,0.003692853877432985,0.0,0.0,0.0,0.0,0.0,0.0,0.0,0.0,0.0,0.0,0.0,0.0,0.0,0.0,0.07536577472566706,0.010877676271097486,0.0,0.013299022687720864,0.0,0.0,0.0,0.0
G2.3.1,100,10,0.8960000000000001,0.7173912251568797,0.0,1.0,1.0,1.0,1.0,0.0,1.0,0.0,1.0,0.0,0.0,0.0,0.0,0.0,0.182,0.4964346000108032,0.0,0.2944812834224599,0.0,0.0,0.0,0.0,0.03130495168499708,0.013842269661368877,0.0,0.0,0.0,0.0,0.0,0.0,0.0,0.0,0.0,0.0,0.0,0.0,0.0,0.0,0.02683281572999749,0.029800142935196852,0.0,0.023134349104810475,0.0,0.0,0.0,0.0
G2.3.1,100,25,0.95,0.703271332586786,0.0,1.0,1.0,1.0,1.0,0.0,1.0,0.0,1.0,0.0,0.0,0.0,0.0,0.0,0.21200000000000002,0.48093697215065634,0.0,0.30696971659919037,0.0,0.0,0.0,0.0,0.010000000000000031,0.011783121529314586,0.0,0.0,0.0,0.0,0.0,0.0,0.0,0.0,0.0,0.0,0.0,0.0,0.0,0.0,0.04207136793592527,0.007700391834264839,0.0,0.01324996869589006,0.0,0.0,0.0,0.0
G2.3.1,100,50,0.966,0.7028043798424797,0.0,1.0,1.0,1.0,1.0,0.0,1.0,0.0,1.0,0.0,0.0,0.0,0.0,0.0,0.268,0.46917105199327436,0.0,0.30009881969881974,0.0,0.0,0.0,0.0,0.026076809620810607,0.0041689588193133805,0.0,0.0,0.0,0.0,0.0,0.0,0.0,0.0,0.0,0.0,0.0,0.0,0.0,0.0,0.013038404810405309,0.012764282599949658,0.0,0.01024487173809841,0.0,0.0,0.0,0.0
G2.3.1,100,100,0.99,0.6968866171923318,0.0,1.0,1.0,1.0,1.0,0.0,1.0,0.0,1.0,0.0,0.0,0.0,0.0,0.0,0.36,0.47044758549694177,0.0,0.30597683687665755,0.0,0.0,0.0,0.0,0.010000000000000004,0.00240704108673937,0.0,0.0,0.0,0.0,0.0,0.0,0.0,0.0,0.0,0.0,0.0,0.0,0.0,0.0,0.04183300132670377,0.0027613741916583602,0.0,0.008755001964357538,0.0,0.0,0.0,0.0
G2.3.2,10,10,0.9,0.6659999999999999,0.03151046698872786,0.9105555555555555,0.975,0.8855555555555557,0.9963268921095008,0.017739636310108702,0.999074074074074,0.004721314364437764,0.9954009661835748,0.022460950674546464,0.0,0.0,0.0,0.0,0.32,0.4836296296296297,0.0,0.34199999999999997,0.0,0.0,0.0,0.0,0.09999999999999998,0.0270185121722126,0.01781358852090962,0.09354968310943945,0.055901699437494755,0.07928597247999651,0.004019013662742107,0.018953251752515932,0.0020704333124998233,0.010557179862029054,0.0034549385467003424,0.01616458472421841,0.0,0.0,0.0,0.0,0.10954451150103324,0.03903535030441258,0.0,0.09391485505499116,0.0,0.0,0.0,0.0
G2.3.2,10,25,0.8800000000000001,0.6884,0.031407407407407405,0.975,0.9550000000000001,0.93,0.999,0.0048989794855663574,0.9982592592592592,0.008676030977116566,0.9972592592592593,0.010559381474675477,0.0,0.0,0.0,0.0,0.33999999999999997,0.4737925925925926,0.0,0.44333333333333336,0.0,0.0,0.0,0.0,0.10954451150103317,0.03360505914293264,0.05205673806580783,0.055901699437494734,0.06224949798994364,0.10954451150103323,0.0022360679774997513,0.010954451150103324,0.002427268500416423,0.012044556671647473,0.00436345969630315,0.015404141193255007,0.0,0.0,0.0,0.0,0.1140175425099138,0.04358786909177353,0.0,0.09428090415820634,0.0,0.0,0.0,0.0
G2.3.2,10,50,0.9800000000000001,0.6728444444444447,0.029984167580075504,0.96,0.9777777777777779,0.9377777777777778,0.9979539641943734,0.008784504752787635,0.9989417989417989,0.004732418999999556,0.9968957631361723,0.01351692375278719,0.0,0.0,0.0,0.0,0.38,0.4626296296296298,0.0,0.471,0.0,0.0,0.0,0.0,0.04472135954999578,0.0188682239901696,0.027941407218917868,0.0547722557505166,0.04969039949999535,0.05698169513314702,0.0028536973918697967,0.012079679385724284,0.00236620949999974,0.010582010582010585,0.0028861294263555137,0.012408372537342668,0.0,0.0,0.0,0.0,0.14832396974191323,0.032401163419644385,0.0,0.04867123266251729,0.0,0.0,0.0,0.0
G2.3.2,10,100,0.9800000000000001,0.6962000000000004,0.007407407407407407,0.9777777777777779,1.0,0.9777777777777779,0.9991769547325102,0.004196723879500236,1.0,0.0,0.9991769547325102,0.004196723879500236,0.0,0.0,0.0,0.0,0.22000000000000003,0.3835370370370372,0.0,0.34833333333333333,0.0,0.0,0.0,0.0,0.04472135954999579,0.009497368056467004,0.01656346649999844,0.04969039949999534,0.0,0.04969039949999534,0.0018403851666664857,0.009384159877359164,0.0,0.0,0.0018403851666664857,0.009384159877359164,0.0,0.0,0.0,0.0,0.14832396974191325,0.21455698128174552,0.0,0.1958031891693516,0.0,0.0,0.0,0.0
G2.3.2,25,10,0.9119999999999999,0.7446174477696217,0.0,1.0,1.0,1.0,1.0,0.0,1.0,0.0,1.0,0.0,0.0,0.0,0.0,0.0,0.304,0.4916679894179895,0.0,0.28384126984126984,0.0,0.0,0.0,0.0,0.05215361924162121,0.03703110498117377,0.0,0.0,0.0,0.0,0.0,0.0,0.0,0.0,0.0,0.0,0.0,0.0,0.0,0.0,0.07266360849833982,0.029715020537604175,0.0,0.019106193007427913,0.0,0.0,0.0,0.0
G2.3.2,25,25,0.9199999999999999,0.7191212121212123,0.0,1.0,1.0,1.0,1.0,0.0,1.0,0.0,1.0,0.0,0.0,0.0,0.0,0.0,0.312,0.48184656084656086,0.0,0.3281327561327561,0.0,0.0,0.0,0.0,0.039999999999999966,0.01695088242716848,0.0,0.0,0.0,0.0,0.0,0.0,0.0,0.0,0.0,0.0,0.0,0.0,0.0,0.0,0.0867179335547152,0.023919902510119332,0.0,0.01273444317714138,0.0,0.0,0.0,0.0
G2.3.2,25,50,0.968,0.6917533333333337,0.0,1.0,1.0,1.0,1.0,0.0,1.0,0.0,1.0,0.0,0.0,0.0,0.0,0.0,0.368,0.4711336219336221,0.0,0.352456277056277,0.0,0.0,0.0,0.0,0.033466401061363026,0.008508348840991383,0.0,0.0,0.0,0.0,0.0,0.0,0.0,0.0,0.0,0.0,0.0,0.0,0.0,0.0,0.10353743284435828,0.008875280066330123,0.0,0.0272155463918226,0.0,0.0,0.0,0.0
G2.3.2,25,100,0.976,0.6967800000000004,0.0,1.0,1.0,1.0,1.0,0.0,1.0,0.0,1.0,0.0,0.0,0.0,0.0,0.0,0.256,0.4802964285714288,0.0,0.3636142857142858,0.0,0.0,0.0,0.0,0.035777087639996624,0.011945794238978033,0.0,0.0,0.0,0.0,0.0,0.0,0.0,0.0,0.0,0.0,0.0,0.0,0.0,0.0,0.07266360849833982,0.009939799585345771,0.0,0.04623168694251833,0.0,0.0,0.0,0.0
G2.3.2,50,10,0.8800000000000001,0.7299889579020014,0.0,1.0,1.0,1.0,1.0,0.0,1.0,0.0,1.0,0.0,0.0,0.0,0.0,0.0,0.248,0.4925850340136055,0.0,0.29872344322344324,0.0,0.0,0.0,0.0,0.037416573867739465,0.004558162221579546,0.0,0.0,0.0,0.0,0.0,0.0,0.0,0.0,0.0,0.0,0.0,0.0,0.0,0.0,0.054037024344425186,0.025757475067752444,0.0,0.057926216179009976,0.0,0.0,0.0,0.0
G2.3.2,50,25,0.9199999999999999,0.713919806763285,0.0,1.0,1.0,1.0,1.0,0.0,1.0,0.0,1.0,0.0,0.0,0.0,0.0,0.0,0.23600000000000004,0.4848818120654855,0.0,0.3085769230769231,0.0,0.0,0.0,0.0,0.024494897427831765,0.005887598389112246,0.0,0.0,0.0,0.0,0.0,0.0,0.0,0.0,0.0,0.0,0.0,0.0,0.0,0.0,0.0726636084983398,0.024536653874323452,0.0,0.040862465959121366,0.0,0.0,0.0,0.0
G2.3.2,50,50,0.968,0.7016598639455786,0.0,1.0,1.0,1.0,1.0,0.0,1.0,0.0,1.0,0.0,0.0,0.0,0.0,0.0,0.328,0.46609181040837394,0.0,0.30593952528379775,0.0,0.0,0.0,0.0,0.010954451150103338,0.005179707185307107,0.0,0.0,0.0,0.0,0.0,0.0,0.0,0.0,0.0,0.0,0.0,0.0,0.0,0.0,0.03346640106136304,0.007391843408523821,0.0,0.007006684048379473,0.0,0.0,0.0,0.0
G2.3.2,50,100,0.9879999999999999,0.6950313945578235,0.0,1.0,1.0,1.0,1.0,0.0,1.0,0.0,1.0,0.0,0.0,0.0,0.0,0.0,0.344,0.46758137350178186,0.0,0.3090583333333333,0.0,0.0,0.0,0.0,0.01788854381999833,0.007067872809444669,0.0,0.0,0.0,0.0,0.0,0.0,0.0,0.0,0.0,0.0,0.0,0.0,0.0,0.0,0.0456070170039655,0.005242393552714067,0.0,0.006720187364194318,0.0,0.0,0.0,0.0
G2.3.2,100,10,0.89,0.7372666734710078,0.0,1.0,1.0,1.0,1.0,0.0,1.0,0.0,1.0,0.0,0.0,0.0,0.0,0.0,0.17400000000000002,0.5018129012370498,0.0,0.29200530738611236,0.0,0.0,0.0,0.0,0.04527692569068707,0.021489934855453943,0.0,0.0,0.0,0.0,0.0,0.0,0.0,0.0,0.0,0.0,0.0,0.0,0.0,0.0,0.023021728866442673,0.024647354851457883,0.0,0.04856221008824165,0.0,0.0,0.0,0.0
G2.3.2,100,25,0.932,0.7096094151505806,0.0,1.0,1.0,1.0,1.0,0.0,1.0,0.0,1.0,0.0,0.0,0.0,0.0,0.0,0.21400000000000002,0.47102471270202495,0.0,0.3016655750047055,0.0,0.0,0.0,0.0,0.022803508501982726,0.011070264422691848,0.0,0.0,0.0,0.0,0.0,0.0,0.0,0.0,0.0,0.0,0.0,0.0,0.0,0.0,0.033615472627943226,0.01125188186131991,0.0,0.019473374524933557,0.0,0.0,0.0,0.0
G2.3.2,100,50,0.9640000000000001,0.7030341400991241,0.0,1.0,1.0,1.0,1.0,0.0,1.0,0.0,1.0,0.0,0.0,0.0,0.0,0.0,0.288,0.4688575842153594,0.0,0.2985363237639553,0.0,0.0,0.0,0.0,0.024083189157584596,0.004663343265789429,0.0,0.0,0.0,0.0,0.0,0.0,0.0,0.0,0.0,0.0,0.0,0.0,0.0,0.0,0.05630275304103698,0.00899213643248075,0.0,0.01026335592307669,0.0,0.0,0.0,0.0
G2.3.2,100,100,0.974,0.6979484274796426,0.0,1.0,1.0,1.0,1.0,0.0,1.0,0.0,1.0,0.0,0.0,0.0,0.0,0.0,0.356,0.4652209395542731,0.0,0.3028396825396825,0.0,0.0,0.0,0.0,0.015165750888103123,0.004458323818287344,0.0,0.0,0.0,0.0,0.0,0.0,0.0,0.0,0.0,0.0,0.0,0.0,0.0,0.0,0.005477225575051663,0.003728809327371371,0.0,0.007458511263960693,0.0,0.0,0.0,0.0
G2.3.3,10,10,0.96,0.705111111111111,0.013591973244147158,0.8533333333333333,0.9800000000000001,0.8333333333333334,0.997867155067155,0.014201565423680715,0.9997333333333334,0.0022939534045447,0.9976004884004883,0.016495518828225416,0.0,0.0,0.0,0.0,0.28,0.4638888888888889,0.0,0.33999999999999997,0.0,0.0,0.0,0.0,0.05477225575051663,0.025283576868379586,0.013708491170468158,0.14452988925785862,0.04472135954999578,0.15986105077709062,0.002218453183870071,0.013968042441393796,0.0005962847939999325,0.005129435749779024,0.002373388135232009,0.016478123464989978,0.0,0.0,0.0,0.0,0.10954451150103323,0.05241100628920334,0.0,0.08944271909999157,0.0,0.0,0.0,0.0
G2.3.3,10,25,0.9800000000000001,0.6756444444444444,0.01055984555984556,0.9800000000000001,0.9377777777777778,0.9177777777777777,0.9997142857142858,0.0023733211036908782,0.9991996996996997,0.00700986409914354,0.9989139854139854,0.009383185202834418,0.0,0.0,0.0,0.0,0.32,0.4652592592592592,0.0,0.4053333333333334,0.0,0.0,0.0,0.0,0.04472135954999578,0.02373391593125961,0.005950735015399855,0.04472135954999578,0.056981695133147034,0.04621474298463426,0.0006388765649998871,0.005306907320287631,0.0007377506194012163,0.006437449416607383,0.0006170868416113723,0.005292671754061946,0.0,0.0,0.0,0.0,0.08366600265340755,0.04676386115968624,0.0,0.06994442238107498,0.0,0.0,0.0,0.0
G2.3.3,10,50,0.9199999999999999,0.6908000000000003,0.005194805194805195,0.9555555555555555,0.9800000000000001,0.9355555555555556,0.9994227994227994,0.005031917972341324,0.9997402597402598,0.002264363087553596,0.9991630591630593,0.00729628105989492,0.0,0.0,0.0,0.0,0.38,0.38211746031746036,0.0,0.30752380952380953,0.0,0.0,0.0,0.0,0.04472135954999578,0.011308906137407372,0.0071132799675995605,0.09938079899999064,0.04472135954999578,0.09825640430859618,0.0012906597272726392,0.011251710643358106,0.0005807968772726356,0.005063269789511149,0.001276057198812976,0.011124408751606365,0.0,0.0,0.0,0.0,0.2588435821108957,0.21442195422111757,0.0,0.17944939723443054,0.0,0.0,0.0,0.0
G2.3.3,10,100,0.9800000000000001,0.678866666666667,0.0,1.0,1.0,1.0,1.0,0.0,1.0,0.0,1.0,0.0,0.0,0.0,0.0,0.0,0.36,0.4770444444444447,0.0,0.4349333333333334,0.0,0.0,0.0,0.0,0.04472135954999581,0.010210560981432745,0.0,0.0,0.0,0.0,0.0,0.0,0.0,0.0,0.0,0.0,0.0,0.0,0.0,0.0,0.1140175425099138,0.004529975608361032,0.0,0.06505783751572307,0.0,0.0,0.0,0.0
G2.3.3,25,10,0.8880000000000001,0.7084006022962545,0.0,1.0,1.0,1.0,1.0,0.0,1.0,0.0,1.0,0.0,0.0,0.0,0.0,0.0,0.23200000000000004,0.4917896825396825,0.02857142857142857,0.28180952380952384,0.0,0.0,0.0,0.0,0.07694153624668537,0.022924335682941555,0.0,0.0,0.0,0.0,0.0,0.0,0.0,0.0,0.0,0.0,0.0,0.0,0.0,0.0,0.033466401061363026,0.04172418177051829,0.06388765649999399,0.04211311837455194,0.0,0.0,0.0,0.0
G2.3.3,25,25,0.9199999999999999,0.7111366459627331,0.0,1.0,1.0,1.0,1.0,0.0,1.0,0.0,1.0,0.0,0.0,0.0,0.0,0.0,0.296,0.4784523809523809,0.0,0.33242857142857146,0.0,0.0,0.0,0.0,0.04898979485566358,0.027871642223966563,0.0,0.0,0.0,0.0,0.0,0.0,0.0,0.0,0.0,0.0,0.0,0.0,0.0,0.0,0.02190890230020663,0.015557436123469276,0.0,0.06720665661880193,0.0,0.0,0.0,0.0
G2.3.3,25,50,0.968,0.7026808695652178,0.0,1.0,1.0,1.0,1.0,0.0,1.0,0.0,1.0,0.0,0.0,0.0,0.0,0.0,0.32,0.46551488095238114,0.0,0.35886507936507933,0.0,0.0,0.0,0.0,0.033466401061363005,0.01486883534949129,0.0,0.0,0.0,0.0,0.0,0.0,0.0,0.0,0.0,0.0,0.0,0.0,0.0,0.0,0.116619037896906,0.005261239696921579,0.0,0.051363921127090845,0.0,0.0,0.0,0.0
G2.3.3,25,100,0.976,0.6962192753623192,0.0,1.0,1.0,1.0,1.0,0.0,1.0,0.0,1.0,0.0,0.0,0.0,0.0,0.0,0.288,0.46350264550264575,0.0,0.3513174603174603,0.0,0.0,0.0,0.0,0.03577708763999665,0.009442218006716907,0.0,0.0,0.0,0.0,0.0,0.0,0.0,0.0,0.0,0.0,0.0,0.0,0.0,0.0,0.05215361924162119,0.007659628717358149,0.0,0.014525609221482865,0.0,0.0,0.0,0.0
G2.3.3,50,10,0.9,0.7216670021863103,0.0,1.0,1.0,1.0,1.0,0.0,1.0,0.0,1.0,0.0,0.0,0.0,0.0,0.0,0.2,0.4914669140383426,0.0,0.32511111111111113,0.0,0.0,0.0,0.0,0.03162277660168379,0.026790589523108865,0.0,0.0,0.0,0.0,0.0,0.0,0.0,0.0,0.0,0.0,0.0,0.0,0.0,0.0,0.014142135623730958,0.02284560856830839,0.0,0.07021835432385622,0.0,0.0,0.0,0.0
G2.3.3,50,25,0.944,0.7102278187870894,0.0,1.0,1.0,1.0,1.0,0.0,1.0,0.0,1.0,0.0,0.0,0.0,0.0,0.0,0.244,0.46943181081956586,0.0,0.29009523809523813,0.0,0.0,0.0,0.0,0.060663003552412414,0.012141814584909377,0.0,0.0,0.0,0.0,0.0,0.0,0.0,0.0,0.0,0.0,0.0,0.0,0.0,0.0,0.04098780306383841,0.01221118020937869,0.0,0.016379844923804697,0.0,0.0,0.0,0.0
G2.3.3,50,50,0.976,0.6995321233174123,0.0,1.0,1.0,1.0,1.0,0.0,1.0,0.0,1.0,0.0,0.0,0.0,0.0,0.0,0.32,0.4679854941976792,0.0,0.3111186274509804,0.0,0.0,0.0,0.0,0.021908902300206673,0.011630752977019593,0.0,0.0,0.0,0.0,0.0,0.0,0.0,0.0,0.0,0.0,0.0,0.0,0.0,0.0,0.014142135623730963,0.008326610523559859,0.0,0.025770608916540115,0.0,0.0,0.0,0.0
G2.3.3,50,100,0.9879999999999999,0.695355510204082,0.0,1.0,1.0,1.0,1.0,0.0,1.0,0.0,1.0,0.0,0.0,0.0,0.0,0.0,0.332,0.4673051553954918,0.0,0.3065437908496732,0.0,0.0,0.0,0.0,0.017888543819998336,0.0027603421067756845,0.0,0.0,0.0,0.0,0.0,0.0,0.0,0.0,0.0,0.0,0.0,0.0,0.0,0.0,0.022803508501982764,0.007028891220062074,0.0,0.012352897430499691,0.0,0.0,0.0,0.0
G2.3.3,100,10,0.9179999999999999,0.7177127925399002,0.0,1.0,1.0,1.0,1.0,0.0,1.0,0.0,1.0,0.0,0.0,0.0,0.0,0.0,0.168,0.48977578068264344,0.0,0.2937418300653595,0.0,0.0,0.0,0.0,0.028635642126552677,0.009721713212649242,0.0,0.0,0.0,0.0,0.0,0.0,0.0,0.0,0.0,0.0,0.0,0.0,0.0,0.0,0.008366600265340753,0.017641931873306062,0.0,0.02722423704675654,0.0,0.0,0.0,0.0
G2.3.3,100,25,0.9339999999999999,0.7045105252338368,0.0,1.0,1.0,1.0,1.0,0.0,1.0,0.0,1.0,0.0,0.0,0.0,0.0,0.0,0.242,0.48606815174773005,0.0,0.3051909906518603,0.0,0.0,0.0,0.0,0.024083189157584554,0.010292752714694672,0.0,0.0,0.0,0.0,0.0,0.0,0.0,0.0,0.0,0.0,0.0,0.0,0.0,0.0,0.048166378315169185,0.012209964749110468,0.0,0.02701798049004513,0.0,0.0,0.0,0.0
G2.3.3,100,50,0.966,0.6998026599893319,0.0,1.0,1.0,1.0,1.0,0.0,1.0,0.0,1.0,0.0,0.0,0.0,0.0,0.0,0.31,0.4709670681863196,0.0,0.3028805704099822,0.0,0.0,0.0,0.0,0.02302172886644265,0.0052149511480232,0.0,0.0,0.0,0.0,0.0,0.0,0.0,0.0,0.0,0.0,0.0,0.0,0.0,0.0,0.05049752469181039,0.0030061604000264793,0.0,0.006816994525730066,0.0,0.0,0.0,0.0
G2.3.3,100,100,0.99,0.6957353659039377,0.0,1.0,1.0,1.0,1.0,0.0,1.0,0.0,1.0,0.0,0.0,0.0,0.0,0.0,0.33999999999999997,0.47187235169053376,0.0,0.30612940212940215,0.0,0.0,0.0,0.0,0.007071067811865481,0.006623604384249288,0.0,0.0,0.0,0.0,0.0,0.0,0.0,0.0,0.0,0.0,0.0,0.0,0.0,0.0,0.07314369419163898,0.004505727893542802,0.0,0.008965393997105154,0.0,0.0,0.0,0.0
G3.1.1,10,10,0.8200000000000001,0.6397222222222222,0.06936026936026936,0.9027777777777779,0.925,0.8277777777777778,0.9952267382822939,0.01421748646535399,0.9952272727272728,0.016706663872153017,0.9904540110095666,0.023684190687653855,0.0,0.0,0.0,0.0,0.6199999999999999,0.6422328042328042,0.02857142857142857,0.34228571428571425,0.0,0.0,0.0,0.0,0.04472135954999581,0.049725325787684474,0.09374398898829275,0.16256527653777256,0.11180339887498947,0.25994865352437546,0.008560376755272669,0.022022827623330573,0.007889343162595305,0.02543701166684808,0.01606621884486691,0.02920405826465281,0.0,0.0,0.0,0.0,0.08366600265340753,0.021340284518821463,0.06388765649999399,0.03796764346273521,0.0,0.0,0.0,0.0
G3.1.1,10,25,0.6,0.6222095238095238,0.07297979797979798,0.9666666666666666,0.7914285714285715,0.7580952380952382,0.9986111111111111,0.006660877115712107,0.9912493987493989,0.03668205334624546,0.9898605098605099,0.03923402287040946,0.0,0.0,0.0,0.0,0.6,0.6373502645502646,0.15238095238095237,0.3987047619047619,0.0,0.0,0.0,0.0,0.07071067811865475,0.0199911998780053,0.032319286375305366,0.07453559924999298,0.10750731663124938,0.1167103902518699,0.003105649968749655,0.014894174020505005,0.0046084625083936265,0.01075960946348633,0.004961009032496237,0.011259781305751294,0.0,0.0,0.0,0.0,0.07071067811865474,0.01813347487087767,0.17544888978038609,0.03597363610105411,0.0,0.0,0.0,0.0
G3.1.1,10,50,0.86,0.6158746031746034,0.04242424242424243,0.9083333333333334,0.95,0.8583333333333334,0.9965824915824916,0.015017054998490143,0.9983333333333334,0.0062360956446232355,0.9949158249158249,0.01802941765921139,0.0,0.0,0.0,0.0,0.6799999999999999,0.6443343915343919,0.050793650793650794,0.3777015873015873,0.0,0.0,0.0,0.0,0.11401754250991379,0.029092189978801253,0.04333439286689422,0.09399402397604796,0.11180339887498948,0.15969202613116454,0.0034064139217213144,0.013982000768523229,0.0037267799624996394,0.013944333775567927,0.005349209044317825,0.017226602670206665,0.0,0.0,0.0,0.0,0.14832396974191325,0.013122421894764657,0.07045187625768934,0.04357932157380905,0.0,0.0,0.0,0.0
G3.1.1,10,100,0.6599999999999999,0.6151746031746035,0.0709812030075188,1.0,0.6456349206349207,0.6456349206349207,1.0,0.0,0.9846229263635278,0.0520688609773469,0.9846229263635278,0.0520688609773469,0.0,0.0,0.0,0.0,0.6799999999999999,0.6305865079365083,0.13166666666666665,0.38414761904761907,0.0,0.0,0.0,0.0,0.27018512172212594,0.02446674925481542,0.04380216417237285,0.0,0.38946446715537325,0.38946446715537325,0.0,0.0,0.015488863408821215,0.051583548847402225,0.015488863408821215,0.051583548847402225,0.0,0.0,0.0,0.0,0.130384048104053,0.018345079381560242,0.14147045235274003,0.03316089068770339,0.0,0.0,0.0,0.0
G3.1.1,25,10,0.776,0.6522162804515745,0.0,1.0,1.0,1.0,1.0,0.0,1.0,0.0,1.0,0.0,0.0,0.0,0.0,0.0,0.48,0.6474567793317793,0.03484848484848485,0.3478554778554778,0.0,0.0,0.0,0.0,0.07797435475847171,0.03998650715998505,0.0,0.0,0.0,0.0,0.0,0.0,0.0,0.0,0.0,0.0,0.0,0.0,0.0,0.0,0.028284271247461915,0.018506648518528124,0.04779336453208334,0.03065310718768709,0.0,0.0,0.0,0.0
G3.1.1,25,25,0.8,0.5912550466299826,0.0,1.0,1.0,1.0,1.0,0.0,1.0,0.0,1.0,0.0,0.0,0.0,0.0,0.0,0.632,0.635304825270189,0.03855042016806722,0.41996133433130345,0.0,0.0,0.0,0.0,0.10198039027185571,0.017277723996168833,0.0,0.0,0.0,0.0,0.0,0.0,0.0,0.0,0.0,0.0,0.0,0.0,0.0,0.0,0.09549869109050654,0.019173241015562472,0.035488814974265676,0.03784794227136957,0.0,0.0,0.0,0.0
G3.1.1,25,50,0.712,0.5944999066293186,0.0,1.0,1.0,1.0,1.0,0.0,1.0,0.0,1.0,0.0,0.0,0.0,0.0,0.0,0.5359999999999999,0.6333472222222224,0.044848484848484846,0.41236969696969694,0.0,0.0,0.0,0.0,0.09959919678390984,0.015334619664917722,0.0,0.0,0.0,0.0,0.0,0.0,0.0,0.0,0.0,0.0,0.0,0.0,0.0,0.0,0.12198360545581524,0.01284012566762852,0.06321650817166205,0.016145606969887476,0.0,0.0,0.0,0.0
G3.1.1,25,100,0.704,0.5947475060199522,0.006666666666666666,1.0,0.9882352941176471,0.9882352941176471,1.0,0.0,0.9996078431372549,0.0021118293361311784,0.9996078431372549,0.0021118293361311784,0.0,0.0,0.0,0.0,0.568,0.6265434472934477,0.12927350427350426,0.41012606837606835,0.0,0.0,0.0,0.0,0.0357770876399966,0.011434768146689787,0.014907119849998597,0.0,0.02630668208823284,0.02630668208823284,0.0,0.0,0.0008768894029410971,0.004722193952467568,0.0008768894029410971,0.004722193952467568,0.0,0.0,0.0,0.0,0.1073312629199899,0.009816216138638633,0.03835752792952188,0.011045717947722602,0.0,0.0,0.0,0.0
G3.1.1,50,10,0.772,0.6253158904959479,0.0,1.0,1.0,1.0,1.0,0.0,1.0,0.0,1.0,0.0,0.0,0.0,0.0,0.0,0.488,0.6550337213806602,0.08831968031968032,0.39991368631368635,0.0,0.0,0.0,0.0,0.060991802727907586,0.03581161985286763,0.0,0.0,0.0,0.0,0.0,0.0,0.0,0.0,0.0,0.0,0.0,0.0,0.0,0.0,0.057619441163551756,0.013430997140986315,0.07413053454791169,0.038785455358854116,0.0,0.0,0.0,0.0
G3.1.1,50,25,0.768,0.6052473804899992,0.0,1.0,1.0,1.0,1.0,0.0,1.0,0.0,1.0,0.0,0.0,0.0,0.0,0.0,0.52,0.6198798805385717,0.02144681627440248,0.4115394337463303,0.0,0.0,0.0,0.0,0.036331804249169895,0.014486018479078286,0.0,0.0,0.0,0.0,0.0,0.0,0.0,0.0,0.0,0.0,0.0,0.0,0.0,0.0,0.058309518948453015,0.010156190001634539,0.019599000721448507,0.013654789826689101,0.0,0.0,0.0,0.0
G3.1.1,50,50,0.752,0.6007081807081809,0.0,1.0,1.0,1.0,1.0,0.0,1.0,0.0,1.0,0.0,0.0,0.0,0.0,0.0,0.484,0.6287766992014199,0.03341694537346711,0.4195270457079153,0.0,0.0,0.0,0.0,0.03898717737923589,0.008086550143981104,0.0,0.0,0.0,0.0,0.0,0.0,0.0,0.0,0.0,0.0,0.0,0.0,0.0,0.0,0.026076809620810597,0.010479098592806557,0.03603254270253819,0.010292353642087717,0.0,0.0,0.0,0.0
G3.1.1,50,100,0.728,0.593898141074612,0.0,1.0,1.0,1.0,1.0,0.0,1.0,0.0,1.0,0.0,0.0,0.0,0.0,0.0,0.524,0.6268802514867261,0.014358974358974357,0.4166837539472022,0.0,0.0,0.0,0.0,0.06723094525588642,0.011916538887529545,0.0,0.0,0.0,0.0,0.0,0.0,0.0,0.0,0.0,0.0,0.0,0.0,0.0,0.0,0.07127411872482184,0.00409043428799787,0.01974525467505483,0.016802063111647367,0.0,0.0,0.0,0.0
G3.1.1,100,10,0.764,0.623918995581605,0.0,1.0,1.0,1.0,1.0,0.0,1.0,0.0,1.0,0.0,0.0,0.0,0.0,0.0,0.40599999999999997,0.6363408367980362,0.03535166466388634,0.4005886760443911,0.0,0.0,0.0,0.0,0.056833088953531286,0.011039803964692816,0.0,0.0,0.0,0.0,0.0,0.0,0.0,0.0,0.0,0.0,0.0,0.0,0.0,0.0,0.05366563145999494,0.010902149076493589,0.02807632966912621,0.02218235684665199,0.0,0.0,0.0,0.0
G3.1.1,100,25,0.742,0.6034190372026053,0.0,1.0,1.0,1.0,1.0,0.0,1.0,0.0,1.0,0.0,0.0,0.0,0.0,0.0,0.508,0.6311357163074008,0.004347826086956522,0.4191383992741282,0.0,0.0,0.0,0.0,0.06610597552415368,0.01240926179807805,0.0,0.0,0.0,0.0,0.0,0.0,0.0,0.0,0.0,0.0,0.0,0.0,0.0,0.0,0.06760177512462225,0.0081797478189229,0.009722034684781694,0.013893104361685242,0.0,0.0,0.0,0.0
G3.1.1,100,50,0.756,0.602408667458896,0.0,1.0,1.0,1.0,1.0,0.0,1.0,0.0,1.0,0.0,0.0,0.0,0.0,0.0,0.53,0.6283984230469726,0.010909090909090908,0.4158667290156652,0.0,0.0,0.0,0.0,0.03435112807463539,0.006035859567292859,0.0,0.0,0.0,0.0,0.0,0.0,0.0,0.0,0.0,0.0,0.0,0.0,0.0,0.0,0.03674234614174771,0.006188452828218734,0.016262312563634834,0.008208303396139168,0.0,0.0,0.0,0.0
G3.1.1,100,100,0.674,0.5994916548309934,0.0,1.0,1.0,1.0,1.0,0.0,1.0,0.0,1.0,0.0,0.0,0.0,0.0,0.0,0.446,0.629482263659754,0.022665257037134928,0.4159509677987754,0.0,0.0,0.0,0.0,0.039749213828703577,0.006785097889158204,0.0,0.0,0.0,0.0,0.0,0.0,0.0,0.0,0.0,0.0,0.0,0.0,0.0,0.0,0.05683308895353129,0.005140585640334382,0.0157385660285476,0.010086774043668386,0.0,0.0,0.0,0.0
G3.1.2,10,10,0.76,0.6486666666666666,0.05232072275550537,0.8883333333333333,0.9166666666666666,0.805,0.9952995012234143,0.022400807709981572,0.996407867494824,0.016885749485158006,0.9917073687182383,0.03508352701943089,0.0,0.0,0.0,0.0,0.6199999999999999,0.6424761904761904,0.10857142857142858,0.3491428571428571,0.0,0.0,0.0,0.0,0.16733200530681513,0.05093091726381268,0.02003828585157995,0.06861729616746302,0.07795119555779044,0.09603240193925287,0.0029638452224841107,0.01390546851041522,0.0034272891678656207,0.015889227330748282,0.003812947068268854,0.01156356830320751,0.0,0.0,0.0,0.0,0.1095445115010332,0.0461527692052839,0.10182016960688836,0.041324993672604685,0.0,0.0,0.0,0.0
G3.1.2,10,25,0.8400000000000001,0.610384126984127,0.06726190476190476,0.9527777777777778,0.93,0.8827777777777778,0.9981646825396826,0.009119588330995698,0.9966815476190476,0.014758731760023621,0.9948462301587302,0.020796639397358235,0.0,0.0,0.0,0.0,0.74,0.6398095238095238,0.05714285714285714,0.38293333333333335,0.0,0.0,0.0,0.0,0.11401754250991378,0.026402404702013015,0.06213042659838295,0.06484787516627084,0.06471089552772392,0.08911429753239015,0.0025510696171872887,0.012582234916228141,0.003385866335913347,0.014095471024286012,0.004038487477011347,0.013380587661322812,0.0,0.0,0.0,0.0,0.15165750888103102,0.01668645839224098,0.07824607964359515,0.04055434471525147,0.0,0.0,0.0,0.0
G3.1.2,10,50,0.76,0.6274285714285717,0.09988052568697729,0.8964285714285714,0.8321428571428571,0.7285714285714285,0.9959788359788359,0.01992358753376766,0.9939324116743471,0.02093388802636586,0.9899112476531832,0.03405596198443674,0.0,0.0,0.0,0.0,0.5599999999999999,0.6375851851851854,0.08,0.37639999999999996,0.0,0.0,0.0,0.0,0.05477225575051666,0.043294936547040364,0.06937503114825823,0.05841224012070046,0.23541647853824282,0.18271967488980692,0.0025655067953287455,0.011713835107087409,0.007572980248813174,0.020792877757989794,0.006194011163388785,0.011328611395969015,0.0,0.0,0.0,0.0,0.05477225575051657,0.024250216013066445,0.10954451150103323,0.038063105496004876,0.0,0.0,0.0,0.0
G3.1.2,10,100,0.6599999999999999,0.6245071428571431,0.11266233766233766,0.8400000000000001,0.7557142857142857,0.5957142857142858,0.9929017857142857,0.024263529227691413,0.9900541125541127,0.0387936544341859,0.9829558982683982,0.051296451420029296,0.0,0.0,0.0,0.0,0.6799999999999999,0.6281071428571432,0.05833333333333333,0.3778809523809524,0.0,0.0,0.0,0.0,0.15165750888103102,0.03728019253037788,0.06993134344653298,0.21908902300206642,0.1866835967784059,0.25521849382800754,0.01006248415514025,0.0334796413821811,0.007972897704736833,0.017687960662793788,0.011589293038314075,0.0248130992417264,0.0,0.0,0.0,0.0,0.08366600265340758,0.015998831997256824,0.08122328620674135,0.034659462556006285,0.0,0.0,0.0,0.0
G3.1.2,25,10,0.76,0.6398304093567251,0.0,1.0,1.0,1.0,1.0,0.0,1.0,0.0,1.0,0.0,0.0,0.0,0.0,0.0,0.4640000000000001,0.6593083999333998,0.13398268398268398,0.3739002664002664,0.0,0.0,0.0,0.0,0.028284271247461926,0.030664474721044523,0.0,0.0,0.0,0.0,0.0,0.0,0.0,0.0,0.0,0.0,0.0,0.0,0.0,0.0,0.09208691546577072,0.04383398042015337,0.09833726633092223,0.03808254088732482,0.0,0.0,0.0,0.0
G3.1.2,25,25,0.8160000000000001,0.5963191919191919,0.0,1.0,1.0,1.0,1.0,0.0,1.0,0.0,1.0,0.0,0.0,0.0,0.0,0.0,0.592,0.6375595238095239,0.05535714285714286,0.4197857142857144,0.0,0.0,0.0,0.0,0.06066300355241241,0.016464295081825103,0.0,0.0,0.0,0.0,0.0,0.0,0.0,0.0,0.0,0.0,0.0,0.0,0.0,0.0,0.0438178046004133,0.008995514174419844,0.059359893352123785,0.0322217286302018,0.0,0.0,0.0,0.0
G3.1.2,25,50,0.72,0.6166207282913166,0.010526315789473684,1.0,0.9866666666666667,0.9866666666666667,1.0,0.0,0.999298245614035,0.0029772917102591475,0.999298245614035,0.0029772917102591475,0.0,0.0,0.0,0.0,0.472,0.6341599844599848,0.10666666666666666,0.3863682983682984,0.0,0.0,0.0,0.0,0.11313708498984758,0.019204324249473916,0.023537557657892522,0.0,0.029814239699997195,0.029814239699997195,0.0,0.0,0.0015691705105261855,0.006657426652986061,0.0015691705105261855,0.006657426652986061,0.0,0.0,0.0,0.0,0.08671793355471519,0.010894709728988164,0.17384539747207065,0.01746224403369183,0.0,0.0,0.0,0.0
G3.1.2,25,100,0.712,0.595981738437002,0.013793103448275862,1.0,0.9764705882352942,0.9764705882352942,1.0,0.0,0.9991886409736308,0.0029811234192087368,0.9991886409736308,0.0029811234192087368,0.0,0.0,0.0,0.0,0.576,0.6311954365079369,0.19642857142857142,0.41314880952380956,0.0,0.0,0.0,0.0,0.1109954954040929,0.008387333378572724,0.030842316931031583,0.0,0.05261336417646565,0.05261336417646565,0.0,0.0,0.0018142539371195125,0.006665994614667338,0.0018142539371195125,0.006665994614667338,0.0,0.0,0.0,0.0,0.06693280212272606,0.00781559491048823,0.08158779858257618,0.004775761090227366,0.0,0.0,0.0,0.0
G3.1.2,50,10,0.78,0.6250431848852902,0.0,1.0,1.0,1.0,1.0,0.0,1.0,0.0,1.0,0.0,0.0,0.0,0.0,0.0,0.45200000000000007,0.6421276358800526,0.06781271360218728,0.40968352699931654,0.0,0.0,0.0,0.0,0.014142135623730973,0.01313582494591528,0.0,0.0,0.0,0.0,0.0,0.0,0.0,0.0,0.0,0.0,0.0,0.0,0.0,0.0,0.07155417527999328,0.016719189429668994,0.06180524492010621,0.036296724995292046,0.0,0.0,0.0,0.0
G3.1.2,50,25,0.764,0.6180654012301072,0.0,1.0,1.0,1.0,1.0,0.0,1.0,0.0,1.0,0.0,0.0,0.0,0.0,0.0,0.45999999999999996,0.6276308589369813,0.031746031746031744,0.40037240537240537,0.0,0.0,0.0,0.0,0.07797435475847173,0.0057743715102374065,0.0,0.0,0.0,0.0,0.0,0.0,0.0,0.0,0.0,0.0,0.0,0.0,0.0,0.0,0.12,0.022776682743574042,0.04892392065848394,0.012374790149694852,0.0,0.0,0.0,0.0
G3.1.2,50,50,0.724,0.6030490328385067,0.0,1.0,1.0,1.0,1.0,0.0,1.0,0.0,1.0,0.0,0.0,0.0,0.0,0.0,0.504,0.631387831760077,0.016,0.40783644355644366,0.0,0.0,0.0,0.0,0.07266360849833982,0.010375325931818337,0.0,0.0,0.0,0.0,0.0,0.0,0.0,0.0,0.0,0.0,0.0,0.0,0.0,0.0,0.04335896677735762,0.0074928720128445295,0.03577708763999664,0.014014341423668681,0.0,0.0,0.0,0.0
G3.1.2,50,100,0.712,0.5940215761980471,0.0,1.0,1.0,1.0,1.0,0.0,1.0,0.0,1.0,0.0,0.0,0.0,0.0,0.0,0.52,0.6319159454453336,0.05436507936507936,0.41392482295482297,0.0,0.0,0.0,0.0,0.02683281572999747,0.011813617206310635,0.0,0.0,0.0,0.0,0.0,0.0,0.0,0.0,0.0,0.0,0.0,0.0,0.0,0.0,0.03162277660168382,0.004982689458282018,0.060142289498676435,0.013430891635561649,0.0,0.0,0.0,0.0
G3.1.2,100,10,0.788,0.6241895599857884,0.0,1.0,1.0,1.0,1.0,0.0,1.0,0.0,1.0,0.0,0.0,0.0,0.0,0.0,0.44000000000000006,0.6409243283998742,0.04610258295799246,0.4145083165373431,0.0,0.0,0.0,0.0,0.06906518659932805,0.018065990404545516,0.0,0.0,0.0,0.0,0.0,0.0,0.0,0.0,0.0,0.0,0.0,0.0,0.0,0.0,0.021213203435596444,0.012114495662797336,0.07901769173672496,0.01785454672655916,0.0,0.0,0.0,0.0
G3.1.2,100,25,0.786,0.6031494644295532,0.0,1.0,1.0,1.0,1.0,0.0,1.0,0.0,1.0,0.0,0.0,0.0,0.0,0.0,0.514,0.6286757590810375,0.0036363636363636364,0.42365886645916007,0.0,0.0,0.0,0.0,0.03577708763999661,0.007956471690314527,0.0,0.0,0.0,0.0,0.0,0.0,0.0,0.0,0.0,0.0,0.0,0.0,0.0,0.0,0.05128352561983232,0.01330240109993646,0.008131156281817417,0.01221009989438597,0.0,0.0,0.0,0.0
G3.1.2,100,50,0.748,0.6020453782711204,0.0,1.0,1.0,1.0,1.0,0.0,1.0,0.0,1.0,0.0,0.0,0.0,0.0,0.0,0.504,0.6235702883344414,0.007124842370744011,0.4171916421789642,0.0,0.0,0.0,0.0,0.052153619241621194,0.011463193809607237,0.0,0.0,0.0,0.0,0.0,0.0,0.0,0.0,0.0,0.0,0.0,0.0,0.0,0.0,0.0642650760522385,0.006084430950487972,0.009807529660920425,0.01087312273774309,0.0,0.0,0.0,0.0
G3.1.2,100,100,0.73,0.5958690504334688,0.0,1.0,1.0,1.0,1.0,0.0,1.0,0.0,1.0,0.0,0.0,0.0,0.0,0.0,0.532,0.6262328278245589,0.02192663476874003,0.4175531933860482,0.0,0.0,0.0,0.0,0.024494897427831785,0.005950557804495991,0.0,0.0,0.0,0.0,0.0,0.0,0.0,0.0,0.0,0.0,0.0,0.0,0.0,0.0,0.02863564212655268,0.004065647464042574,0.023465230106021383,0.0069366139210965076,0.0,0.0,0.0,0.0
G3.1.3,10,10,0.8,0.633095238095238,0.0209195735511525,0.9492063492063492,0.9269841269841269,0.8761904761904763,0.9993215019530808,0.005831081167671763,0.9990150948327641,0.008583562040355427,0.9983365967858449,0.012819841360998188,0.0,0.0,0.0,0.0,0.6599999999999999,0.6540343915343915,0.0869047619047619,0.3705952380952381,0.0,0.0,0.0,0.0,0.10000000000000006,0.052139595462239494,0.019684757335761232,0.07045187625768937,0.06790237979748394,0.08046851971832747,0.0009437226163726295,0.008098724429595848,0.0009119024909162833,0.00794271648476345,0.0011197459363186276,0.0075257677339218695,0.0,0.0,0.0,0.0,0.08944271909999162,0.020481192907117873,0.08069813014324917,0.0500771796620226,0.0,0.0,0.0,0.0
G3.1.3,10,25,0.8800000000000001,0.6151777777777777,0.020584415584415584,0.9027777777777779,0.9055555555555556,0.8083333333333333,0.9987031668728097,0.009563705005583234,0.9987134740259741,0.009584459002488147,0.9974166408987838,0.015051569632325646,0.0,0.0,0.0,0.0,0.6,0.6180275132275133,0.04,0.3755809523809524,0.0,0.0,0.0,0.0,0.08366600265340754,0.03097047578534062,0.019636282037898214,0.10393492741038726,0.09491305312927714,0.18066236157232332,0.0014331680975137604,0.009349627289437959,0.0013548449309248676,0.009071263657254773,0.00247090688373489,0.014517171350177265,0.0,0.0,0.0,0.0,0.09999999999999998,0.020233426303779653,0.08944271909999159,0.05846011877791851,0.0,0.0,0.0,0.0
G3.1.3,10,50,0.76,0.6201380952380955,0.0465812572812783,0.8657142857142857,0.7740476190476191,0.6397619047619048,0.9980089208447417,0.012320647528652324,0.9967373110520052,0.01790719821543869,0.9947462318967469,0.026134989593621122,0.0,0.0,0.0,0.0,0.6199999999999999,0.6356952380952383,0.08571428571428572,0.38034285714285715,0.0,0.0,0.0,0.0,0.15165750888103102,0.014966292436574068,0.030519198968003116,0.17601020378584503,0.22803197750850626,0.2300848951081233,0.002683477510105284,0.013674892543626417,0.003321323812645599,0.01372434238192768,0.0033436824565430045,0.010146779737803755,0.0,0.0,0.0,0.0,0.10954451150103317,0.030362665541841766,0.12777531299998798,0.024366588030434174,0.0,0.0,0.0,0.0
G3.1.3,10,100,0.7,0.6094166666666669,0.04602845528455285,0.925,0.7366666666666667,0.6616666666666667,0.9988412698412699,0.0057175035031816045,0.9965323267518389,0.018436917989871793,0.9953735965931088,0.020904728535497186,0.0,0.0,0.0,0.0,0.64,0.6289449735449739,0.04,0.38527936507936505,0.0,0.0,0.0,0.0,0.20000000000000007,0.028194143402881094,0.04585018888591211,0.16770509831248423,0.28294090470548006,0.3250854588497547,0.002590999402499762,0.012784726494707254,0.0035407631082007324,0.017299612219167666,0.004600020629337113,0.019242487032887775,0.0,0.0,0.0,0.0,0.1673320053068151,0.006869493335867387,0.0894427190999916,0.010709920333504508,0.0,0.0,0.0,0.0
G3.1.3,25,10,0.8400000000000001,0.622546365914787,0.0,1.0,1.0,1.0,1.0,0.0,1.0,0.0,1.0,0.0,0.0,0.0,0.0,0.0,0.528,0.636224626068376,0.08653846153846154,0.40935897435897434,0.0,0.0,0.0,0.0,0.0748331477354788,0.03685607398052065,0.0,0.0,0.0,0.0,0.0,0.0,0.0,0.0,0.0,0.0,0.0,0.0,0.0,0.0,0.06572670690061994,0.024760133107964065,0.13495835430402117,0.05541739889181243,0.0,0.0,0.0,0.0
G3.1.3,25,25,0.744,0.6206028011204482,0.0,1.0,1.0,1.0,1.0,0.0,1.0,0.0,1.0,0.0,0.0,0.0,0.0,0.0,0.52,0.641674358974359,0.015384615384615385,0.39809230769230775,0.0,0.0,0.0,0.0,0.0726636084983398,0.012174017250346685,0.0,0.0,0.0,0.0,0.0,0.0,0.0,0.0,0.0,0.0,0.0,0.0,0.0,0.0,0.04898979485566356,0.0183807592899584,0.034401045807689073,0.012764925646423163,0.0,0.0,0.0,0.0
G3.1.3,25,50,0.736,0.6010224679345425,0.0079115645325691,0.9866666666666667,0.978235294117647,0.9649019607843137,0.9998198198198198,0.001539460134291446,0.999717770416132,0.0024614627233041147,0.9995375902359518,0.004000922857595561,0.0,0.0,0.0,0.0,0.5599999999999999,0.6297358440170944,0.04788461538461539,0.4032076923076923,0.0,0.0,0.0,0.0,0.09633275663033838,0.013916080562816237,0.0072408397064965425,0.029814239699997212,0.029965377945764784,0.03257794604088762,0.00040289513108102305,0.0034423375089266284,0.0003867343263773826,0.0033791519906630134,0.0004298342502216499,0.0037141683274909795,0.0,0.0,0.0,0.0,0.10198039027185567,0.011118766325929034,0.045713039197396645,0.0184094537715186,0.0,0.0,0.0,0.0
G3.1.3,25,100,0.656,0.6029316239316242,0.007973459289248763,0.975,0.9846153846153847,0.9596153846153846,0.9996619152046783,0.002887257112313138,0.9998027613412228,0.0017307622065862167,0.9994646765459013,0.004618019318899354,0.0,0.0,0.0,0.0,0.536,0.6334036692474195,0.16933066933066934,0.4027814685314685,0.0,0.0,0.0,0.0,0.09208691546577068,0.01965591107297867,0.007288976475955233,0.03423265984407289,0.03440104580768905,0.03733320895830225,0.0004632233865364415,0.0039541250646483814,0.00044103904881652933,0.0038701019468143152,0.000492323947680603,0.004256748216525665,0.0,0.0,0.0,0.0,0.07266360849833986,0.008532214435743994,0.13821730300608748,0.01972428998491624,0.0,0.0,0.0,0.0
G3.1.3,50,10,0.768,0.6114624343048256,0.0,1.0,1.0,1.0,1.0,0.0,1.0,0.0,1.0,0.0,0.0,0.0,0.0,0.0,0.4720000000000001,0.6530273661421727,0.07193675889328063,0.42685681499426237,0.0,0.0,0.0,0.0,0.10639548862616315,0.010438145810751762,0.0,0.0,0.0,0.0,0.0,0.0,0.0,0.0,0.0,0.0,0.0,0.0,0.0,0.0,0.08555699854482973,0.015877451258783856,0.09408235559482012,0.017017793892948434,0.0,0.0,0.0,0.0
G3.1.3,50,25,0.752,0.6023812865497077,0.0,1.0,1.0,1.0,1.0,0.0,1.0,0.0,1.0,0.0,0.0,0.0,0.0,0.0,0.5,0.6341932456777177,0.06814888010540185,0.42773122529644264,0.0,0.0,0.0,0.0,0.03346640106136305,0.02949524598855863,0.0,0.0,0.0,0.0,0.0,0.0,0.0,0.0,0.0,0.0,0.0,0.0,0.0,0.0,0.0905538513813742,0.009782743630269429,0.06378010080485265,0.020449372090234067,0.0,0.0,0.0,0.0
G3.1.3,50,50,0.716,0.6028221033868095,0.0,1.0,1.0,1.0,1.0,0.0,1.0,0.0,1.0,0.0,0.0,0.0,0.0,0.0,0.484,0.6270388403888907,0.03645161290322581,0.4127121084618981,0.0,0.0,0.0,0.0,0.051768716422179166,0.007854488868361329,0.0,0.0,0.0,0.0,0.0,0.0,0.0,0.0,0.0,0.0,0.0,0.0,0.0,0.0,0.08173126696681018,0.007090083539688949,0.06499419649109767,0.009933661206116235,0.0,0.0,0.0,0.0
G3.1.3,50,100,0.7,0.6017579947829951,0.0,1.0,1.0,1.0,1.0,0.0,1.0,0.0,1.0,0.0,0.0,0.0,0.0,0.0,0.512,0.6305729225915565,0.08605227300879474,0.41407779016474666,0.0,0.0,0.0,0.0,0.05477225575051662,0.006520777480235337,0.0,0.0,0.0,0.0,0.0,0.0,0.0,0.0,0.0,0.0,0.0,0.0,0.0,0.0,0.030331501776206204,0.0077642031183213665,0.017112609876063556,0.004952578764915391,0.0,0.0,0.0,0.0
G3.1.3,100,10,0.762,0.6235915340589698,0.0,1.0,1.0,1.0,1.0,0.0,1.0,0.0,1.0,0.0,0.0,0.0,0.0,0.0,0.43200000000000005,0.6413719124645987,0.008998988877654195,0.40884337320131053,0.0,0.0,0.0,0.0,0.03420526275297417,0.01988450469798982,0.0,0.0,0.0,0.0,0.0,0.0,0.0,0.0,0.0,0.0,0.0,0.0,0.0,0.0,0.03633180424916991,0.020801108571246826,0.012334034929809428,0.017420542459087893,0.0,0.0,0.0,0.0
G3.1.3,100,25,0.786,0.6089439870627531,0.0,1.0,1.0,1.0,1.0,0.0,1.0,0.0,1.0,0.0,0.0,0.0,0.0,0.0,0.532,0.6291351915509924,0.008444444444444445,0.410293221888468,0.0,0.0,0.0,0.0,0.03646916505762093,0.005122623742486659,0.0,0.0,0.0,0.0,0.0,0.0,0.0,0.0,0.0,0.0,0.0,0.0,0.0,0.0,0.06534523701081814,0.002988635974590705,0.011589693164804708,0.006314338578413363,0.0,0.0,0.0,0.0
G3.1.3,100,50,0.732,0.6022701912481546,0.0,1.0,1.0,1.0,1.0,0.0,1.0,0.0,1.0,0.0,0.0,0.0,0.0,0.0,0.5,0.6262539583122194,0.00754985754985755,0.4170967186919361,0.0,0.0,0.0,0.0,0.028635642126552733,0.010310781511906487,0.0,0.0,0.0,0.0,0.0,0.0,0.0,0.0,0.0,0.0,0.0,0.0,0.0,0.0,0.03162277660168382,0.010854406897131495,0.010341134708194607,0.010958950237798148,0.0,0.0,0.0,0.0
G3.1.3,100,100,0.682,0.5944638415578726,0.0,1.0,1.0,1.0,1.0,0.0,1.0,0.0,1.0,0.0,0.0,0.0,0.0,0.0,0.506,0.624810147929672,0.02835557299843014,0.42034341880341886,0.0,0.0,0.0,0.0,0.05019960159204455,0.0031596751973565827,0.0,0.0,0.0,0.0,0.0,0.0,0.0,0.0,0.0,0.0,0.0,0.0,0.0,0.0,0.024083189157584617,0.007287750474588099,0.02752871161140429,0.0014222274100004065,0.0,0.0,0.0,0.0
G3.2.1,10,10,0.8800000000000001,0.716111111111111,0.012121212121212121,0.925,1.0,0.925,0.9975108225108226,0.010568446420548659,1.0,0.0,0.9975108225108226,0.010568446420548659,0.0,0.0,0.0,0.0,0.6799999999999999,0.5948148148148148,0.03333333333333333,0.27,0.0,0.0,0.0,0.0,0.04472135954999579,0.042145397944511484,0.02710385427272472,0.16770509831248423,0.0,0.16770509831248423,0.005565970073863088,0.02363176461291113,0.0,0.0,0.005565970073863088,0.02363176461291113,0.0,0.0,0.0,0.0,0.08366600265340755,0.06177251509691973,0.07453559924999298,0.029814239699997188,0.0,0.0,0.0,0.0
G3.2.1,10,25,1.0,0.7224,0.007692307692307693,1.0,0.9800000000000001,0.9800000000000001,1.0,0.0,0.9992307692307693,0.0038461538461538455,0.9992307692307693,0.0038461538461538455,0.0,0.0,0.0,0.0,0.6599999999999999,0.5896518518518518,0.0,0.28022222222222226,0.0,0.0,0.0,0.0,0.0,0.022378561169118998,0.017200522903844537,0.0,0.04472135954999579,0.04472135954999579,0.0,0.0,0.0017200522903844976,0.008600261451922267,0.0017200522903844976,0.008600261451922267,0.0,0.0,0.0,0.0,0.1816590212458495,0.02048693250079629,0.0,0.03628215900037366,0.0,0.0,0.0,0.0
G3.2.1,10,50,1.0,0.7040000000000004,0.0,1.0,1.0,1.0,1.0,0.0,1.0,0.0,1.0,0.0,0.0,0.0,0.0,0.0,0.72,0.5951798941798944,0.0,0.2928809523809524,0.0,0.0,0.0,0.0,0.0,0.01816590212458493,0.0,0.0,0.0,0.0,0.0,0.0,0.0,0.0,0.0,0.0,0.0,0.0,0.0,0.0,0.0836660026534076,0.01714322865232045,0.0,0.037998426092241376,0.0,0.0,0.0,0.0
G3.2.1,10,100,1.0,0.6940000000000004,0.0,1.0,1.0,1.0,1.0,0.0,1.0,0.0,1.0,0.0,0.0,0.0,0.0,0.0,0.7,0.597314285714286,0.0,0.30319285714285715,0.0,0.0,0.0,0.0,0.0,0.012389511693363903,0.0,0.0,0.0,0.0,0.0,0.0,0.0,0.0,0.0,0.0,0.0,0.0,0.0,0.0,0.12247448713915894,0.014676586738295888,0.0,0.00925625822492709,0.0,0.0,0.0,0.0
G3.2.1,25,10,0.96,0.7106115942028985,0.007692307692307693,1.0,0.992,0.992,1.0,0.0,0.9996923076923077,0.0015384615384615398,0.9996923076923077,0.0015384615384615398,0.0,0.0,0.0,0.0,0.592,0.6212005078255078,0.014285714285714285,0.3110541958041958,0.0,0.0,0.0,0.0,0.03999999999999996,0.01456770618292563,0.017200522903844537,0.0,0.01788854381999834,0.01788854381999834,0.0,0.0,0.0006880209161537628,0.00344010458076891,0.0006880209161537628,0.00344010458076891,0.0,0.0,0.0,0.0,0.13682105101189657,0.022006498126130657,0.031943828249996996,0.031173252620362805,0.0,0.0,0.0,0.0
G3.2.1,25,25,0.992,0.70644,0.0,1.0,1.0,1.0,1.0,0.0,1.0,0.0,1.0,0.0,0.0,0.0,0.0,0.0,0.696,0.5981400756793945,0.0,0.29931861025111806,0.0,0.0,0.0,0.0,0.017888543819998333,0.025870601075351975,0.0,0.0,0.0,0.0,0.0,0.0,0.0,0.0,0.0,0.0,0.0,0.0,0.0,0.0,0.06066300355241241,0.010064424112065483,0.0,0.026657446201953185,0.0,0.0,0.0,0.0
G3.2.1,25,50,0.984,0.7031333333333337,0.0,1.0,1.0,1.0,1.0,0.0,1.0,0.0,1.0,0.0,0.0,0.0,0.0,0.0,0.696,0.6022709383753504,0.0,0.2959221288515406,0.0,0.0,0.0,0.0,0.021908902300206666,0.013029539089656594,0.0,0.0,0.0,0.0,0.0,0.0,0.0,0.0,0.0,0.0,0.0,0.0,0.0,0.0,0.12198360545581523,0.018292191799507775,0.0,0.016291840813174353,0.0,0.0,0.0,0.0
G3.2.1,25,100,1.0,0.6922400000000004,0.0,1.0,1.0,1.0,1.0,0.0,1.0,0.0,1.0,0.0,0.0,0.0,0.0,0.0,0.688,0.5965739379084971,0.0,0.3053006535947712,0.0,0.0,0.0,0.0,0.0,0.008473960113193858,0.0,0.0,0.0,0.0,0.0,0.0,0.0,0.0,0.0,0.0,0.0,0.0,0.0,0.0,0.03346640106136304,0.0059408616245994385,0.0,0.007377497122735881,0.0,0.0,0.0,0.0
G3.2.1,50,10,0.908,0.7171513736546113,0.0,1.0,1.0,1.0,1.0,0.0,1.0,0.0,1.0,0.0,0.0,0.0,0.0,0.0,0.512,0.6050605516932047,0.007142857142857143,0.29616300366300363,0.0,0.0,0.0,0.0,0.041472882706655445,0.018576928825928672,0.0,0.0,0.0,0.0,0.0,0.0,0.0,0.0,0.0,0.0,0.0,0.0,0.0,0.0,0.033466401061363046,0.009456071927362522,0.015971914124998498,0.022569600487964248,0.0,0.0,0.0,0.0
G3.2.1,50,25,0.9559999999999998,0.7001916743755782,0.0,1.0,1.0,1.0,1.0,0.0,1.0,0.0,1.0,0.0,0.0,0.0,0.0,0.0,0.6599999999999999,0.5945041788143829,0.0,0.3096,0.0,0.0,0.0,0.0,0.029664793948382676,0.014875600829507321,0.0,0.0,0.0,0.0,0.0,0.0,0.0,0.0,0.0,0.0,0.0,0.0,0.0,0.0,0.054772255750516606,0.008012683258716822,0.0,0.02049350320148768,0.0,0.0,0.0,0.0
G3.2.1,50,50,0.9719999999999999,0.6962494557823132,0.0,1.0,1.0,1.0,1.0,0.0,1.0,0.0,1.0,0.0,0.0,0.0,0.0,0.0,0.616,0.5960415752589865,0.0,0.30597791956412645,0.0,0.0,0.0,0.0,0.017888543819998333,0.008113032005910997,0.0,0.0,0.0,0.0,0.0,0.0,0.0,0.0,0.0,0.0,0.0,0.0,0.0,0.0,0.09099450532861858,0.008432271486928598,0.0,0.010890107965152118,0.0,0.0,0.0,0.0
G3.2.1,50,100,1.0,0.6912000000000005,0.0,1.0,1.0,1.0,1.0,0.0,1.0,0.0,1.0,0.0,0.0,0.0,0.0,0.0,0.708,0.5933250856386514,0.0,0.31242533936651584,0.0,0.0,0.0,0.0,0.0,0.005263078946776283,0.0,0.0,0.0,0.0,0.0,0.0,0.0,0.0,0.0,0.0,0.0,0.0,0.0,0.0,0.04147288270665545,0.005555573889235828,0.0,0.005027624694931596,0.0,0.0,0.0,0.0
G3.2.1,100,10,0.954,0.7064271678730715,0.0,1.0,1.0,1.0,1.0,0.0,1.0,0.0,1.0,0.0,0.0,0.0,0.0,0.0,0.538,0.596009060030848,0.0035714285714285713,0.307471869250845,0.0,0.0,0.0,0.0,0.013416407864998764,0.014090523930996962,0.0,0.0,0.0,0.0,0.0,0.0,0.0,0.0,0.0,0.0,0.0,0.0,0.0,0.0,0.06058052492344384,0.014747723260119895,0.007985957062499249,0.021047765638236314,0.0,0.0,0.0,0.0
G3.2.1,100,25,0.962,0.7015150848693116,0.0,1.0,1.0,1.0,1.0,0.0,1.0,0.0,1.0,0.0,0.0,0.0,0.0,0.0,0.658,0.6009745755793088,0.0,0.3042338818836774,0.0,0.0,0.0,0.0,0.03962322551231793,0.0077769718745666445,0.0,0.0,0.0,0.0,0.0,0.0,0.0,0.0,0.0,0.0,0.0,0.0,0.0,0.0,0.07120393247567154,0.008871336415570447,0.0,0.01464914705433402,0.0,0.0,0.0,0.0
G3.2.1,100,50,0.99,0.6950437435580297,0.0,1.0,1.0,1.0,1.0,0.0,1.0,0.0,1.0,0.0,0.0,0.0,0.0,0.0,0.656,0.5956385283833815,0.0,0.30844255368814194,0.0,0.0,0.0,0.0,0.010000000000000031,0.004899261655929063,0.0,0.0,0.0,0.0,0.0,0.0,0.0,0.0,0.0,0.0,0.0,0.0,0.0,0.0,0.023021728866442707,0.004196164839581641,0.0,0.007245479620873179,0.0,0.0,0.0,0.0
G3.2.1,100,100,0.99,0.6965112589815686,0.0,1.0,1.0,1.0,1.0,0.0,1.0,0.0,1.0,0.0,0.0,0.0,0.0,0.0,0.6759999999999999,0.593704988624917,0.0,0.3020431029938857,0.0,0.0,0.0,0.0,0.012247448713915926,0.0053796684542296675,0.0,0.0,0.0,0.0,0.0,0.0,0.0,0.0,0.0,0.0,0.0,0.0,0.0,0.0,0.04560701700396549,0.00497180432937053,0.0,0.00703835948055222,0.0,0.0,0.0,0.0
G3.2.2,10,10,0.9800000000000001,0.7168888888888889,0.04923039923039922,0.9377777777777778,0.9400000000000001,0.8777777777777779,0.9976425631981186,0.009661013026410514,0.9972727272727273,0.006863485850246133,0.9949152904708459,0.016524498876656645,0.0,0.0,0.0,0.0,0.64,0.6085185185185186,0.0,0.26916666666666667,0.0,0.0,0.0,0.0,0.04472135954999579,0.04834546463337887,0.05753120660651189,0.09081251885201135,0.1341640786499874,0.13005222123021806,0.0035033971074757355,0.013462691769798469,0.006098367211363066,0.015347220923758296,0.005778446261513406,0.015843317021909064,0.0,0.0,0.0,0.0,0.0894427190999916,0.030530292586742412,0.0,0.04819664580307085,0.0,0.0,0.0,0.0
G3.2.2,10,25,0.9800000000000001,0.6968,0.05986622073578596,0.9800000000000001,0.9155555555555555,0.8955555555555555,0.9991304347826088,0.00407862239984646,0.9963322185061315,0.01463954172850292,0.9954626532887403,0.016065261770979992,0.0,0.0,0.0,0.0,0.6599999999999999,0.5682716049382716,0.0,0.31642222222222227,0.0,0.0,0.0,0.0,0.04472135954999578,0.029037906260610466,0.07308668035240497,0.04472135954999578,0.0918264600506417,0.1058767044406364,0.0019444069369563726,0.009120076940610013,0.004006826410024026,0.014069991965975448,0.004729052078960803,0.015385443302351856,0.0,0.0,0.0,0.0,0.1816590212458495,0.03952430139614774,0.0,0.06718412143385892,0.0,0.0,0.0,0.0
G3.2.2,10,50,1.0,0.7152000000000003,0.017786561264822136,0.9800000000000001,0.9800000000000001,0.96,0.9991304347826088,0.00407862239984646,0.999090909090909,0.004165977904505308,0.9982213438735178,0.008244600304351767,0.0,0.0,0.0,0.0,0.64,0.6163772486772489,0.0,0.26593333333333335,0.0,0.0,0.0,0.0,0.0,0.011009087155618288,0.024365272739007814,0.04472135954999578,0.04472135954999579,0.0547722557505166,0.0019444069369563726,0.009120076940610013,0.002032789070454396,0.009315409787235995,0.0024365272739008117,0.011290440022883375,0.0,0.0,0.0,0.0,0.1140175425099138,0.01989349067955081,0.0,0.01725366305712758,0.0,0.0,0.0,0.0
G3.2.2,10,100,1.0,0.7040000000000004,0.017692307692307695,1.0,0.96,0.96,1.0,0.0,0.9982307692307693,0.008205052789694519,0.9982307692307693,0.008205052789694519,0.0,0.0,0.0,0.0,0.62,0.6014965608465612,0.0,0.28299285714285716,0.0,0.0,0.0,0.0,0.0,0.010793516572461474,0.02456726065026356,0.0,0.05477225575051663,0.05477225575051663,0.0,0.0,0.0024567260650263834,0.011271734879763755,0.0024567260650263834,0.011271734879763755,0.0,0.0,0.0,0.0,0.13038404810405294,0.011536926008499634,0.0,0.02324674104875251,0.0,0.0,0.0,0.0
G3.2.2,25,10,0.9039999999999999,0.7041238471673255,0.0,1.0,1.0,1.0,1.0,0.0,1.0,0.0,1.0,0.0,0.0,0.0,0.0,0.0,0.68,0.6244932598039216,0.0,0.2968319327731092,0.0,0.0,0.0,0.0,0.03577708763999663,0.010052385782388346,0.0,0.0,0.0,0.0,0.0,0.0,0.0,0.0,0.0,0.0,0.0,0.0,0.0,0.0,0.08944271909999157,0.028852961678075276,0.0,0.031049135189067434,0.0,0.0,0.0,0.0
G3.2.2,25,25,0.968,0.6941344927536233,0.0,1.0,1.0,1.0,1.0,0.0,1.0,0.0,1.0,0.0,0.0,0.0,0.0,0.0,0.6880000000000001,0.5973053921568627,0.0,0.3079411764705883,0.0,0.0,0.0,0.0,0.033466401061363026,0.008310078099851103,0.0,0.0,0.0,0.0,0.0,0.0,0.0,0.0,0.0,0.0,0.0,0.0,0.0,0.0,0.06572670690061994,0.014449023897432385,0.0,0.007837007408514236,0.0,0.0,0.0,0.0
G3.2.2,25,50,0.992,0.6959933333333337,0.0,1.0,1.0,1.0,1.0,0.0,1.0,0.0,1.0,0.0,0.0,0.0,0.0,0.0,0.672,0.5963324929971991,0.0,0.303121568627451,0.0,0.0,0.0,0.0,0.01788854381999834,0.013204048200793933,0.0,0.0,0.0,0.0,0.0,0.0,0.0,0.0,0.0,0.0,0.0,0.0,0.0,0.0,0.10733126291998986,0.01637582322691481,0.0,0.011229592589902289,0.0,0.0,0.0,0.0
G3.2.2,25,100,1.0,0.7008800000000004,0.0,1.0,1.0,1.0,1.0,0.0,1.0,0.0,1.0,0.0,0.0,0.0,0.0,0.0,0.704,0.5933648807476211,0.0,0.3006828345373237,0.0,0.0,0.0,0.0,0.0,0.00163462533933619,0.0,0.0,0.0,0.0,0.0,0.0,0.0,0.0,0.0,0.0,0.0,0.0,0.0,0.0,0.035777087639996576,0.014347950016160727,0.0,0.004460710616000426,0.0,0.0,0.0,0.0
G3.2.2,50,10,0.944,0.7135949486177449,0.0,1.0,1.0,1.0,1.0,0.0,1.0,0.0,1.0,0.0,0.0,0.0,0.0,0.0,0.5599999999999999,0.6105977161821683,0.007692307692307693,0.3060178372352286,0.0,0.0,0.0,0.0,0.02966479394838263,0.022153968249773833,0.0,0.0,0.0,0.0,0.0,0.0,0.0,0.0,0.0,0.0,0.0,0.0,0.0,0.0,0.06782329983125268,0.011536366340486203,0.017200522903844537,0.02908657920598059,0.0,0.0,0.0,0.0
G3.2.2,50,25,0.96,0.705651324359531,0.0,1.0,1.0,1.0,1.0,0.0,1.0,0.0,1.0,0.0,0.0,0.0,0.0,0.0,0.624,0.5964773185763333,0.0,0.30221238244514104,0.0,0.0,0.0,0.0,0.014142135623730968,0.005731838939353322,0.0,0.0,0.0,0.0,0.0,0.0,0.0,0.0,0.0,0.0,0.0,0.0,0.0,0.0,0.032863353450309996,0.011597390410577762,0.0,0.009282920341093187,0.0,0.0,0.0,0.0
G3.2.2,50,50,0.9879999999999999,0.6966626530612248,0.0,1.0,1.0,1.0,1.0,0.0,1.0,0.0,1.0,0.0,0.0,0.0,0.0,0.0,0.6759999999999999,0.5859517395410254,0.0,0.30512917690417696,0.0,0.0,0.0,0.0,0.01788854381999833,0.008040232665546291,0.0,0.0,0.0,0.0,0.0,0.0,0.0,0.0,0.0,0.0,0.0,0.0,0.0,0.0,0.06228964600958972,0.0024557404777798084,0.0,0.012806622986673974,0.0,0.0,0.0,0.0
G3.2.2,50,100,0.992,0.6913575510204086,0.0,1.0,1.0,1.0,1.0,0.0,1.0,0.0,1.0,0.0,0.0,0.0,0.0,0.0,0.656,0.5929617337533306,0.0,0.3068860734037205,0.0,0.0,0.0,0.0,0.010954451150103333,0.0041758539168686905,0.0,0.0,0.0,0.0,0.0,0.0,0.0,0.0,0.0,0.0,0.0,0.0,0.0,0.0,0.09099450532861861,0.006455655750100828,0.0,0.0061027413456437385,0.0,0.0,0.0,0.0
G3.2.2,100,10,0.93,0.7015843753888266,0.0,1.0,1.0,1.0,1.0,0.0,1.0,0.0,1.0,0.0,0.0,0.0,0.0,0.0,0.492,0.5898310861854223,0.0,0.30889706958760665,0.0,0.0,0.0,0.0,0.028284271247461888,0.01266275693232434,0.0,0.0,0.0,0.0,0.0,0.0,0.0,0.0,0.0,0.0,0.0,0.0,0.0,0.0,0.04086563348340512,0.00757676400828057,0.0,0.014299691976765144,0.0,0.0,0.0,0.0
G3.2.2,100,25,0.962,0.7002135802994152,0.0,1.0,1.0,1.0,1.0,0.0,1.0,0.0,1.0,0.0,0.0,0.0,0.0,0.0,0.644,0.5974292871628452,0.0,0.30352341976752184,0.0,0.0,0.0,0.0,0.014832396974191343,0.004313395646520126,0.0,0.0,0.0,0.0,0.0,0.0,0.0,0.0,0.0,0.0,0.0,0.0,0.0,0.0,0.05504543577809152,0.007728914575343049,0.0,0.00630804615995744,0.0,0.0,0.0,0.0
G3.2.2,100,50,0.976,0.7037553443120458,0.0,1.0,1.0,1.0,1.0,0.0,1.0,0.0,1.0,0.0,0.0,0.0,0.0,0.0,0.662,0.5883982993537986,0.0,0.30052153932421766,0.0,0.0,0.0,0.0,0.008944271909999179,0.006513511081907689,0.0,0.0,0.0,0.0,0.0,0.0,0.0,0.0,0.0,0.0,0.0,0.0,0.0,0.0,0.04604345773288532,0.00405466805556131,0.0,0.010807600278021953,0.0,0.0,0.0,0.0
G3.2.2,100,100,0.9960000000000001,0.6969939393939397,0.0,1.0,1.0,1.0,1.0,0.0,1.0,0.0,1.0,0.0,0.0,0.0,0.0,0.0,0.6859999999999999,0.5941001652412652,0.0,0.30525176538949744,0.0,0.0,0.0,0.0,0.005477225575051663,0.004245350061319951,0.0,0.0,0.0,0.0,0.0,0.0,0.0,0.0,0.0,0.0,0.0,0.0,0.0,0.0,0.020736441353327705,0.002825570805950199,0.0,0.00454445798658446,0.0,0.0,0.0,0.0
G3.2.3,10,10,0.96,0.6837777777777777,0.005263157894736842,0.9800000000000001,0.9800000000000001,0.96,0.999736842105263,0.0022790142204853646,0.999736842105263,0.0022790142204853646,0.9994736842105263,0.0032014539633148527,0.0,0.0,0.0,0.0,0.74,0.6117195767195767,0.02857142857142857,0.31432539682539684,0.0,0.0,0.0,0.0,0.05477225575051659,0.06724104419691411,0.011768778828946261,0.04472135954999578,0.04472135954999578,0.08944271909999156,0.0005884389414472839,0.0050960307186939694,0.0005884389414472839,0.0050960307186939694,0.0011768778828946235,0.0071586686888081286,0.0,0.0,0.0,0.0,0.11401754250991383,0.03063127656955213,0.06388765649999399,0.05448739281995839,0.0,0.0,0.0,0.0
G3.2.3,10,25,0.9400000000000001,0.6974857142857143,0.007912649542173522,1.0,0.9314285714285715,0.9314285714285715,1.0,0.0,0.9990880106997062,0.007852720848535152,0.9990880106997062,0.007852720848535152,0.0,0.0,0.0,0.0,0.6799999999999999,0.5970384479717813,0.0,0.31033650793650797,0.0,0.0,0.0,0.0,0.1341640786499874,0.035691649969579985,0.007244299586094829,0.0,0.06499607523472753,0.06499607523472753,0.0,0.0,0.0008854061038881294,0.007526715817610116,0.0008854061038881294,0.007526715817610116,0.0,0.0,0.0,0.0,0.17888543819998318,0.025110856382486578,0.0,0.053036026964796604,0.0,0.0,0.0,0.0
G3.2.3,10,50,0.9800000000000001,0.6996888888888891,0.011008983192081784,0.9800000000000001,0.9400000000000001,0.9199999999999999,0.9997183098591549,0.00235678880713824,0.999180791821637,0.006961749053907493,0.9988991016807919,0.007914070140986357,0.0,0.0,0.0,0.0,0.6599999999999999,0.5988650793650796,0.0,0.3055238095238096,0.0,0.0,0.0,0.0,0.04472135954999578,0.014206241021136278,0.011716105803211719,0.04472135954999578,0.0547722557505166,0.08366600265340755,0.0006298783035210201,0.005269939981371746,0.000748976067320419,0.006357573612206236,0.0011716105803211685,0.007512257611197361,0.0,0.0,0.0,0.0,0.08944271909999159,0.017608052045090014,0.0,0.013190562145155722,0.0,0.0,0.0,0.0
G3.2.3,10,100,1.0,0.7048000000000003,0.0024691358024691358,0.9800000000000001,1.0,0.9800000000000001,0.999753086419753,0.002208462199999791,1.0,0.0,0.999753086419753,0.002208462199999791,0.0,0.0,0.0,0.0,0.64,0.5996992063492066,0.0,0.29159285714285715,0.0,0.0,0.0,0.0,0.0,0.014989996664442612,0.005521155499999481,0.04472135954999579,0.0,0.04472135954999579,0.0005521155499999417,0.004938271604938269,0.0,0.0,0.0005521155499999417,0.004938271604938269,0.0,0.0,0.0,0.0,0.11401754250991379,0.021170827848883494,0.0,0.023187200927409776,0.0,0.0,0.0,0.0
G3.2.3,25,10,0.9279999999999999,0.6890866514111365,0.0,1.0,1.0,1.0,1.0,0.0,1.0,0.0,1.0,0.0,0.0,0.0,0.0,0.0,0.568,0.636236452273217,0.04666666666666666,0.330905408317173,0.0,0.0,0.0,0.0,0.09959919678390983,0.017304166727081443,0.0,0.0,0.0,0.0,0.0,0.0,0.0,0.0,0.0,0.0,0.0,0.0,0.0,0.0,0.0769415362466854,0.01829870886630481,0.07302967433402215,0.04012354143023502,0.0,0.0,0.0,0.0
G3.2.3,25,25,0.976,0.7018000000000001,0.0,1.0,1.0,1.0,1.0,0.0,1.0,0.0,1.0,0.0,0.0,0.0,0.0,0.0,0.664,0.6013865153078776,0.0,0.299186790505676,0.0,0.0,0.0,0.0,0.021908902300206666,0.021589091895883244,0.0,0.0,0.0,0.0,0.0,0.0,0.0,0.0,0.0,0.0,0.0,0.0,0.0,0.0,0.06693280212272605,0.012795073908641987,0.0,0.026175565865941112,0.0,0.0,0.0,0.0
G3.2.3,25,50,0.984,0.6895933333333337,0.0,1.0,1.0,1.0,1.0,0.0,1.0,0.0,1.0,0.0,0.0,0.0,0.0,0.0,0.72,0.5922781432748542,0.0,0.31560233918128655,0.0,0.0,0.0,0.0,0.021908902300206666,0.011751321438695967,0.0,0.0,0.0,0.0,0.0,0.0,0.0,0.0,0.0,0.0,0.0,0.0,0.0,0.0,0.04898979485566355,0.007598393644464585,0.0,0.013338936444525294,0.0,0.0,0.0,0.0
G3.2.3,25,100,0.984,0.6942600000000002,0.0,1.0,1.0,1.0,1.0,0.0,1.0,0.0,1.0,0.0,0.0,0.0,0.0,0.0,0.672,0.5923641407952072,0.0,0.3101478758169935,0.0,0.0,0.0,0.0,0.021908902300206666,0.002853691566297171,0.0,0.0,0.0,0.0,0.0,0.0,0.0,0.0,0.0,0.0,0.0,0.0,0.0,0.0,0.033466401061363,0.007498888450731945,0.0,0.006561719258200208,0.0,0.0,0.0,0.0
G3.2.3,50,10,0.9199999999999999,0.7048200226128071,0.0,1.0,1.0,1.0,1.0,0.0,1.0,0.0,1.0,0.0,0.0,0.0,0.0,0.0,0.516,0.6102678558879091,0.007407407407407407,0.3217526570048309,0.0,0.0,0.0,0.0,0.01999999999999993,0.01880581173752837,0.0,0.0,0.0,0.0,0.0,0.0,0.0,0.0,0.0,0.0,0.0,0.0,0.0,0.0,0.038470768123342707,0.023597744463332355,0.01656346649999844,0.02729684023818868,0.0,0.0,0.0,0.0
G3.2.3,50,25,0.9719999999999999,0.6958552380952382,0.0,1.0,1.0,1.0,1.0,0.0,1.0,0.0,1.0,0.0,0.0,0.0,0.0,0.0,0.612,0.5991804445847818,0.0,0.309077149321267,0.0,0.0,0.0,0.0,0.01788854381999833,0.004539554804507779,0.0,0.0,0.0,0.0,0.0,0.0,0.0,0.0,0.0,0.0,0.0,0.0,0.0,0.0,0.059329587896765325,0.0073963818174031595,0.0,0.0068899155698344695,0.0,0.0,0.0,0.0
G3.2.3,50,50,0.9800000000000001,0.6972710204081636,0.0,1.0,1.0,1.0,1.0,0.0,1.0,0.0,1.0,0.0,0.0,0.0,0.0,0.0,0.6759999999999999,0.5934512635599323,0.0,0.30730587738270165,0.0,0.0,0.0,0.0,0.020000000000000018,0.007834697818042625,0.0,0.0,0.0,0.0,0.0,0.0,0.0,0.0,0.0,0.0,0.0,0.0,0.0,0.0,0.07668115805072327,0.007446604932741898,0.0,0.013886919932649204,0.0,0.0,0.0,0.0
G3.2.3,50,100,0.992,0.6898955102040821,0.0,1.0,1.0,1.0,1.0,0.0,1.0,0.0,1.0,0.0,0.0,0.0,0.0,0.0,0.7,0.5962145829953606,0.0,0.3093663950715421,0.0,0.0,0.0,0.0,0.010954451150103333,0.007471232960441544,0.0,0.0,0.0,0.0,0.0,0.0,0.0,0.0,0.0,0.0,0.0,0.0,0.0,0.0,0.0692820323027551,0.006225203689653517,0.0,0.00849411671238226,0.0,0.0,0.0,0.0
G3.2.3,100,10,0.9480000000000001,0.7004347223627959,0.0,1.0,1.0,1.0,1.0,0.0,1.0,0.0,1.0,0.0,0.0,0.0,0.0,0.0,0.528,0.6025405262906277,0.0,0.30973592471471345,0.0,0.0,0.0,0.0,0.021679483388678762,0.012727134329627783,0.0,0.0,0.0,0.0,0.0,0.0,0.0,0.0,0.0,0.0,0.0,0.0,0.0,0.0,0.0396232255123179,0.0033954476282609704,0.0,0.011397516719199688,0.0,0.0,0.0,0.0
G3.2.3,100,25,0.968,0.7002547045079561,0.0,1.0,1.0,1.0,1.0,0.0,1.0,0.0,1.0,0.0,0.0,0.0,0.0,0.0,0.622,0.5943162863675806,0.0,0.30936435587708233,0.0,0.0,0.0,0.0,0.010954451150103309,0.009841464043915851,0.0,0.0,0.0,0.0,0.0,0.0,0.0,0.0,0.0,0.0,0.0,0.0,0.0,0.0,0.032710854467592275,0.0101296170920805,0.0,0.013782293845358716,0.0,0.0,0.0,0.0
G3.2.3,100,50,0.982,0.6980337930323648,0.0,1.0,1.0,1.0,1.0,0.0,1.0,0.0,1.0,0.0,0.0,0.0,0.0,0.0,0.696,0.5930380180458585,0.0,0.3019297699725355,0.0,0.0,0.0,0.0,0.014832396974191323,0.00583475934430663,0.0,0.0,0.0,0.0,0.0,0.0,0.0,0.0,0.0,0.0,0.0,0.0,0.0,0.0,0.06655824516917497,0.006117970107127982,0.0,0.0058465045233356515,0.0,0.0,0.0,0.0
G3.2.3,100,100,0.994,0.6958278787878791,0.0,1.0,1.0,1.0,1.0,0.0,1.0,0.0,1.0,0.0,0.0,0.0,0.0,0.0,0.6599999999999999,0.5946492508950204,0.0,0.3080993028024144,0.0,0.0,0.0,0.0,0.0054772255750516665,0.00451285219288244,0.0,0.0,0.0,0.0,0.0,0.0,0.0,0.0,0.0,0.0,0.0,0.0,0.0,0.0,0.033911649915626334,0.002348449355170229,0.0,0.0043480918851579635,0.0,0.0,0.0,0.0
G3.3.1,10,10,0.96,0.7273333333333334,0.007407407407407407,1.0,0.9800000000000001,0.9800000000000001,1.0,0.0,0.9992592592592592,0.0037770514915502103,0.9992592592592592,0.0037770514915502103,0.0,0.0,0.0,0.0,0.48,0.6289259259259259,0.05,0.22533333333333333,0.0,0.0,0.0,0.0,0.05477225575051658,0.010411294911219957,0.01656346649999844,0.0,0.04472135954999578,0.04472135954999578,0.0,0.0,0.0016563466499998523,0.008445743889623243,0.0016563466499998523,0.008445743889623243,0.0,0.0,0.0,0.0,0.08366600265340753,0.04601402839708608,0.1118033988749895,0.06907524078053502,0.0,0.0,0.0,0.0
G3.3.1,10,25,0.96,0.7128,0.0,1.0,1.0,1.0,1.0,0.0,1.0,0.0,1.0,0.0,0.0,0.0,0.0,0.0,0.44000000000000006,0.6058666666666667,0.03333333333333333,0.23600000000000004,0.0,0.0,0.0,0.0,0.05477225575051662,0.02310769205478478,0.0,0.0,0.0,0.0,0.0,0.0,0.0,0.0,0.0,0.0,0.0,0.0,0.0,0.0,0.11401754250991379,0.009668213300424087,0.07453559924999298,0.04205816078823334,0.0,0.0,0.0,0.0
G3.3.1,10,50,1.0,0.6980000000000003,0.03177257525083612,0.9400000000000001,0.9800000000000001,0.9199999999999999,0.9975065031586772,0.009712521031530905,0.9992307692307693,0.0038461538461538455,0.9967372723894463,0.013558674877684751,0.0,0.0,0.0,0.0,0.38,0.5958888888888891,0.0,0.30100000000000005,0.0,0.0,0.0,0.0,0.0,0.016613247725836153,0.03255505407012004,0.08944271909999155,0.04472135954999579,0.08366600265340754,0.0036655424964836722,0.013580629936383455,0.0017200522903844976,0.008600261451922267,0.0034058178814891813,0.01284555881257148,0.0,0.0,0.0,0.0,0.130384048104053,0.028937044384714054,0.0,0.031126980079809997,0.0,0.0,0.0,0.0
G3.3.1,10,100,0.9800000000000001,0.6938888888888892,0.0,1.0,1.0,1.0,1.0,0.0,1.0,0.0,1.0,0.0,0.0,0.0,0.0,0.0,0.48,0.5975603174603178,0.0,0.2941952380952381,0.0,0.0,0.0,0.0,0.04472135954999581,0.022333471530805185,0.0,0.0,0.0,0.0,0.0,0.0,0.0,0.0,0.0,0.0,0.0,0.0,0.0,0.0,0.14832396974191325,0.018260295314797715,0.0,0.022517191718828856,0.0,0.0,0.0,0.0
G3.3.1,25,10,0.9120000000000001,0.7313768115942029,0.0,1.0,1.0,1.0,1.0,0.0,1.0,0.0,1.0,0.0,0.0,0.0,0.0,0.0,0.368,0.6101855667480668,0.02222222222222222,0.24369658119658122,0.0,0.0,0.0,0.0,0.06572670690061987,0.008977358682490872,0.0,0.0,0.0,0.0,0.0,0.0,0.0,0.0,0.0,0.0,0.0,0.0,0.0,0.0,0.09121403400793104,0.02125356956089727,0.049690399499995326,0.044308764174343734,0.0,0.0,0.0,0.0
G3.3.1,25,25,0.8960000000000001,0.7021575757575758,0.0,1.0,1.0,1.0,1.0,0.0,1.0,0.0,1.0,0.0,0.0,0.0,0.0,0.0,0.392,0.6034279655529655,0.05,0.2839129759129759,0.0,0.0,0.0,0.0,0.060663003552412345,0.022494903787194254,0.0,0.0,0.0,0.0,0.0,0.0,0.0,0.0,0.0,0.0,0.0,0.0,0.0,0.0,0.08671793355471522,0.01566493938057787,0.11180339887498948,0.04227381637013975,0.0,0.0,0.0,0.0
G3.3.1,25,50,0.9359999999999999,0.6905775230566539,0.0,1.0,1.0,1.0,1.0,0.0,1.0,0.0,1.0,0.0,0.0,0.0,0.0,0.0,0.368,0.6030246031746034,0.02,0.3068190476190476,0.0,0.0,0.0,0.0,0.045607017003965473,0.0028019330383705445,0.0,0.0,0.0,0.0,0.0,0.0,0.0,0.0,0.0,0.0,0.0,0.0,0.0,0.0,0.052153619241621194,0.012345000010459715,0.0447213595499958,0.018100826204818697,0.0,0.0,0.0,0.0
G3.3.1,25,100,1.0,0.6886400000000004,0.0,1.0,1.0,1.0,1.0,0.0,1.0,0.0,1.0,0.0,0.0,0.0,0.0,0.0,0.4,0.5930024928774932,0.0,0.3068034188034188,0.0,0.0,0.0,0.0,0.0,0.011824043301679897,0.0,0.0,0.0,0.0,0.0,0.0,0.0,0.0,0.0,0.0,0.0,0.0,0.0,0.0,0.12000000000000002,0.011805430830450712,0.0,0.017189859521330175,0.0,0.0,0.0,0.0
G3.3.1,50,10,0.8640000000000001,0.7270615915250062,0.0,1.0,1.0,1.0,1.0,0.0,1.0,0.0,1.0,0.0,0.0,0.0,0.0,0.0,0.312,0.6145119004123388,0.08509803921568627,0.28897740835464625,0.0,0.0,0.0,0.0,0.03286335345030998,0.010402206483461424,0.0,0.0,0.0,0.0,0.0,0.0,0.0,0.0,0.0,0.0,0.0,0.0,0.0,0.0,0.10059821071967434,0.02416083461609709,0.09358098631461165,0.02936601696849967,0.0,0.0,0.0,0.0
G3.3.1,50,25,0.944,0.7140559666975025,0.0,1.0,1.0,1.0,1.0,0.0,1.0,0.0,1.0,0.0,0.0,0.0,0.0,0.0,0.384,0.6101598919266955,0.0,0.29454017396432264,0.0,0.0,0.0,0.0,0.016733200530681475,0.002896910558709425,0.0,0.0,0.0,0.0,0.0,0.0,0.0,0.0,0.0,0.0,0.0,0.0,0.0,0.0,0.02966479394838264,0.014845761285136577,0.0,0.018076906554153744,0.0,0.0,0.0,0.0
G3.3.1,50,50,0.9559999999999998,0.6989092488059057,0.0,1.0,1.0,1.0,1.0,0.0,1.0,0.0,1.0,0.0,0.0,0.0,0.0,0.0,0.348,0.5852232121419998,0.0,0.2973874883286648,0.0,0.0,0.0,0.0,0.021908902300206676,0.006532588438167278,0.0,0.0,0.0,0.0,0.0,0.0,0.0,0.0,0.0,0.0,0.0,0.0,0.0,0.0,0.046043457732885346,0.01395002632914222,0.0,0.016087481769028543,0.0,0.0,0.0,0.0
G3.3.1,50,100,0.992,0.6988440816326534,0.0,1.0,1.0,1.0,1.0,0.0,1.0,0.0,1.0,0.0,0.0,0.0,0.0,0.0,0.33999999999999997,0.6013570213799809,0.0,0.29836309523809523,0.0,0.0,0.0,0.0,0.010954451150103326,0.003914085032416076,0.0,0.0,0.0,0.0,0.0,0.0,0.0,0.0,0.0,0.0,0.0,0.0,0.0,0.0,0.052915026221291794,0.006161276829955446,0.0,0.011549498190255362,0.0,0.0,0.0,0.0
G3.3.1,100,10,0.9179999999999999,0.7236074984991647,0.0,1.0,1.0,1.0,1.0,0.0,1.0,0.0,1.0,0.0,0.0,0.0,0.0,0.0,0.292,0.6072869741966516,0.008,0.29329888632872503,0.0,0.0,0.0,0.0,0.044384682042344255,0.006845632988457808,0.0,0.0,0.0,0.0,0.0,0.0,0.0,0.0,0.0,0.0,0.0,0.0,0.0,0.0,0.0277488738510232,0.02592006825318339,0.01788854381999832,0.004480644761223573,0.0,0.0,0.0,0.0
G3.3.1,100,25,0.938,0.7087476715250622,0.0,1.0,1.0,1.0,1.0,0.0,1.0,0.0,1.0,0.0,0.0,0.0,0.0,0.0,0.332,0.5988883118757411,0.0,0.3024091588458515,0.0,0.0,0.0,0.0,0.038987177379235835,0.008185019787395597,0.0,0.0,0.0,0.0,0.0,0.0,0.0,0.0,0.0,0.0,0.0,0.0,0.0,0.0,0.03271085446759224,0.007540728055545147,0.0,0.028391845887770578,0.0,0.0,0.0,0.0
G3.3.1,100,50,0.9640000000000001,0.697310024426529,0.0,1.0,1.0,1.0,1.0,0.0,1.0,0.0,1.0,0.0,0.0,0.0,0.0,0.0,0.356,0.599554034445122,0.0,0.30724705882352943,0.0,0.0,0.0,0.0,0.015165750888103114,0.0054611524750392305,0.0,0.0,0.0,0.0,0.0,0.0,0.0,0.0,0.0,0.0,0.0,0.0,0.0,0.0,0.0270185121722126,0.0011634015728207868,0.0,0.014810832045059924,0.0,0.0,0.0,0.0
G3.3.1,100,100,0.986,0.6957902774855651,0.0,1.0,1.0,1.0,1.0,0.0,1.0,0.0,1.0,0.0,0.0,0.0,0.0,0.0,0.33199999999999996,0.5939747519969745,0.0,0.3052884004884005,0.0,0.0,0.0,0.0,0.01140175425099139,0.005065970800962802,0.0,0.0,0.0,0.0,0.0,0.0,0.0,0.0,0.0,0.0,0.0,0.0,0.0,0.0,0.047116875957558986,0.0029117426195074962,0.0,0.0028330446956212722,0.0,0.0,0.0,0.0
G3.3.2,10,10,0.9199999999999999,0.7203333333333333,0.06324786324786325,0.805,1.0,0.805,0.9823656898656898,0.03803825211868102,1.0,0.0,0.9823656898656898,0.03803825211868102,0.0,0.0,0.0,0.0,0.44000000000000006,0.5926666666666666,0.0,0.29500000000000004,0.0,0.0,0.0,0.0,0.08366600265340751,0.05783330664958287,0.1210767553464401,0.3825898587260253,0.0,0.3825898587260253,0.037318631337455783,0.07477093180330725,0.0,0.0,0.037318631337455783,0.07477093180330724,0.0,0.0,0.0,0.0,0.0547722557505166,0.04092751798478698,0.0,0.10523782589924596,0.0,0.0,0.0,0.0
G3.3.2,10,25,0.9199999999999999,0.704,0.019047619047619046,0.96,1.0,0.96,0.997989417989418,0.006206509332747167,1.0,0.0,0.997989417989418,0.006206509332747167,0.0,0.0,0.0,0.0,0.54,0.6097555555555555,0.0,0.2772,0.0,0.0,0.0,0.0,0.1095445115010332,0.045260357930533394,0.04259177099999599,0.08944271909999156,0.0,0.08944271909999156,0.004495798049999582,0.013878176771009528,0.0,0.0,0.004495798049999582,0.013878176771009528,0.0,0.0,0.0,0.0,0.15165750888103102,0.028531161218811767,0.0,0.05613555023334145,0.0,0.0,0.0,0.0
G3.3.2,10,50,0.9400000000000001,0.7072222222222224,0.02857142857142857,0.975,0.975,0.95,0.9982142857142857,0.006438484420471409,0.9979591836734694,0.007358267909110179,0.9961734693877551,0.009397316559384621,0.0,0.0,0.0,0.0,0.36,0.6024814814814817,0.0,0.27366666666666667,0.0,0.0,0.0,0.0,0.08944271909999155,0.02906930840866405,0.06388765649999399,0.055901699437494734,0.055901699437494734,0.1118033988749895,0.003992978531249602,0.014396888836247408,0.004563404035713869,0.016453587241425604,0.008556382566963467,0.02101303863286845,0.0,0.0,0.0,0.0,0.05477225575051664,0.024955928231774265,0.0,0.03283798613394757,0.0,0.0,0.0,0.0
G3.3.2,10,100,1.0,0.7048000000000004,0.0,1.0,1.0,1.0,1.0,0.0,1.0,0.0,1.0,0.0,0.0,0.0,0.0,0.0,0.48,0.6020074074074078,0.0,0.2902666666666667,0.0,0.0,0.0,0.0,0.0,0.012153188881935482,0.0,0.0,0.0,0.0,0.0,0.0,0.0,0.0,0.0,0.0,0.0,0.0,0.0,0.0,0.10954451150103321,0.02030680992899813,0.0,0.0301720989584012,0.0,0.0,0.0,0.0
G3.3.2,25,10,0.9039999999999999,0.7093290043290044,0.0,1.0,1.0,1.0,1.0,0.0,1.0,0.0,1.0,0.0,0.0,0.0,0.0,0.0,0.392,0.6203257575757576,0.05555555555555556,0.276979797979798,0.0,0.0,0.0,0.0,0.04560701700396552,0.022035994528135417,0.0,0.0,0.0,0.0,0.0,0.0,0.0,0.0,0.0,0.0,0.0,0.0,0.0,0.0,0.11798304963002097,0.02863128651570037,0.05196746370519363,0.06716845514977565,0.0,0.0,0.0,0.0
G3.3.2,25,25,0.96,0.712056231884058,0.0,1.0,1.0,1.0,1.0,0.0,1.0,0.0,1.0,0.0,0.0,0.0,0.0,0.0,0.328,0.6052773809523809,0.0,0.2896571428571429,0.0,0.0,0.0,0.0,0.02828427124746188,0.019059919843048712,0.0,0.0,0.0,0.0,0.0,0.0,0.0,0.0,0.0,0.0,0.0,0.0,0.0,0.0,0.04381780460041328,0.027703280573519555,0.0,0.022540802006628783,0.0,0.0,0.0,0.0
G3.3.2,25,50,0.976,0.6886133333333337,0.0,1.0,1.0,1.0,1.0,0.0,1.0,0.0,1.0,0.0,0.0,0.0,0.0,0.0,0.376,0.5997031325156328,0.01818181818181818,0.29588095238095236,0.0,0.0,0.0,0.0,0.021908902300206666,0.013035391994276347,0.0,0.0,0.0,0.0,0.0,0.0,0.0,0.0,0.0,0.0,0.0,0.0,0.0,0.0,0.08294576541331086,0.016577962713025533,0.040655781409087086,0.02879200569319085,0.0,0.0,0.0,0.0
G3.3.2,25,100,1.0,0.7016000000000003,0.0,1.0,1.0,1.0,1.0,0.0,1.0,0.0,1.0,0.0,0.0,0.0,0.0,0.0,0.352,0.597792592592593,0.0,0.2859111111111111,0.0,0.0,0.0,0.0,0.0,0.00635609943282832,0.0,0.0,0.0,0.0,0.0,0.0,0.0,0.0,0.0,0.0,0.0,0.0,0.0,0.0,0.06572670690061995,0.0092178526713314,0.0,0.019303041403038217,0.0,0.0,0.0,0.0
G3.3.2,50,10,0.8879999999999999,0.7289484150654901,0.0,1.0,1.0,1.0,1.0,0.0,1.0,0.0,1.0,0.0,0.0,0.0,0.0,0.0,0.3,0.6187004349034424,0.059477364740522634,0.30268494663231504,0.0,0.0,0.0,0.0,0.04147288270665544,0.017011869641696882,0.0,0.0,0.0,0.0,0.0,0.0,0.0,0.0,0.0,0.0,0.0,0.0,0.0,0.0,0.06164414002968976,0.03389083856567072,0.06522154625443774,0.020872875380111715,0.0,0.0,0.0,0.0
G3.3.2,50,25,0.924,0.7052494922606725,0.0,1.0,1.0,1.0,1.0,0.0,1.0,0.0,1.0,0.0,0.0,0.0,0.0,0.0,0.356,0.6061578231292517,0.03222222222222222,0.3065904761904762,0.0,0.0,0.0,0.0,0.03286335345030994,0.008419844827063984,0.0,0.0,0.0,0.0,0.0,0.0,0.0,0.0,0.0,0.0,0.0,0.0,0.0,0.0,0.06985699678629192,0.005115043546939888,0.02950204010522612,0.014585178697627373,0.0,0.0,0.0,0.0
G3.3.2,50,50,0.952,0.6945055724417429,0.0,1.0,1.0,1.0,1.0,0.0,1.0,0.0,1.0,0.0,0.0,0.0,0.0,0.0,0.304,0.6039696793002918,0.0,0.30891872441284207,0.0,0.0,0.0,0.0,0.017888543819998333,0.011546002783061456,0.0,0.0,0.0,0.0,0.0,0.0,0.0,0.0,0.0,0.0,0.0,0.0,0.0,0.0,0.06542170893518451,0.0063881637977977685,0.0,0.025479014799718452,0.0,0.0,0.0,0.0
G3.3.2,50,100,0.9879999999999999,0.7009583673469393,0.0,1.0,1.0,1.0,1.0,0.0,1.0,0.0,1.0,0.0,0.0,0.0,0.0,0.0,0.328,0.6004321023647556,0.0,0.30257619047619044,0.0,0.0,0.0,0.0,0.010954451150103326,0.0077768842323376495,0.0,0.0,0.0,0.0,0.0,0.0,0.0,0.0,0.0,0.0,0.0,0.0,0.0,0.0,0.050199601592044514,0.009121899406526803,0.0,0.017061666199839294,0.0,0.0,0.0,0.0
G3.3.2,100,10,0.8800000000000001,0.7280034146216041,0.0,1.0,1.0,1.0,1.0,0.0,1.0,0.0,1.0,0.0,0.0,0.0,0.0,0.0,0.29,0.6080416080651374,0.04,0.309722559793148,0.0,0.0,0.0,0.0,0.05873670062235361,0.003965563336608215,0.0,0.0,0.0,0.0,0.0,0.0,0.0,0.0,0.0,0.0,0.0,0.0,0.0,0.0,0.05049752469181038,0.013953519315426167,0.0894427190999916,0.03767267408580964,0.0,0.0,0.0,0.0
G3.3.2,100,25,0.898,0.7075331821983604,0.0,1.0,1.0,1.0,1.0,0.0,1.0,0.0,1.0,0.0,0.0,0.0,0.0,0.0,0.30999999999999994,0.599366078613255,0.008695652173913044,0.3053278045661854,0.0,0.0,0.0,0.0,0.04207136793592526,0.010971262175539818,0.0,0.0,0.0,0.0,0.0,0.0,0.0,0.0,0.0,0.0,0.0,0.0,0.0,0.0,0.05700877125495688,0.011307557753828261,0.019444069369563388,0.022818345065627348,0.0,0.0,0.0,0.0
G3.3.2,100,50,0.954,0.6966444349119199,0.0,1.0,1.0,1.0,1.0,0.0,1.0,0.0,1.0,0.0,0.0,0.0,0.0,0.0,0.352,0.5947002439842057,0.0,0.31276055054308405,0.0,0.0,0.0,0.0,0.027928480087537875,0.006189214896079718,0.0,0.0,0.0,0.0,0.0,0.0,0.0,0.0,0.0,0.0,0.0,0.0,0.0,0.0,0.03768288736283354,0.0032519912296019157,0.0,0.010850601582632236,0.0,0.0,0.0,0.0
G3.3.2,100,100,0.9800000000000001,0.694540403955397,0.0,1.0,1.0,1.0,1.0,0.0,1.0,0.0,1.0,0.0,0.0,0.0,0.0,0.0,0.372,0.5935019334925403,0.0,0.3038992248062015,0.0,0.0,0.0,0.0,0.012247448713915891,0.005101703609393727,0.0,0.0,0.0,0.0,0.0,0.0,0.0,0.0,0.0,0.0,0.0,0.0,0.0,0.0,0.07190271204899021,0.0020454975847621925,0.0,0.0096104555416383,0.0,0.0,0.0,0.0
G3.3.3,10,10,0.9199999999999999,0.7339047619047617,0.020798245614035087,0.8,0.9114285714285714,0.7114285714285714,0.996797619047619,0.01776240178033765,0.9984073934837092,0.012060782666497268,0.9952050125313283,0.024611230419472357,0.0,0.0,0.0,0.0,0.45999999999999996,0.63,0.04,0.2086666666666667,0.0,0.0,0.0,0.0,0.130384048104053,0.032914718361354,0.023774931836083216,0.282842712474619,0.08829449794492822,0.3514401856385133,0.004720129254735104,0.02491967828705923,0.001672690158285736,0.011524228967945182,0.0062486743086845285,0.028509858853923688,0.0,0.0,0.0,0.0,0.11401754250991379,0.024088314876309743,0.0894427190999916,0.07665217254295899,0.0,0.0,0.0,0.0
G3.3.3,10,25,0.96,0.7058,0.019359186155601896,0.89,0.9800000000000001,0.8699999999999999,0.9984326213916062,0.011375910608367725,0.9996825396825397,0.0026370234485454227,0.9981151610741458,0.012524682608743126,0.0,0.0,0.0,0.0,0.44000000000000006,0.613111111111111,0.0,0.2946666666666667,0.0,0.0,0.0,0.0,0.08944271909999156,0.012577758146824157,0.012715837023603717,0.08944271909999159,0.04472135954999578,0.09746794344808962,0.0013664782112154132,0.007860119660473798,0.0007098628499999276,0.005896563689208483,0.001503663372934908,0.008353987554143526,0.0,0.0,0.0,0.0,0.15165750888103102,0.026722677802127642,0.0,0.036331804249169916,0.0,0.0,0.0,0.0
G3.3.3,10,50,1.0,0.7092000000000004,0.002531645569620253,0.9800000000000001,1.0,0.9800000000000001,0.999746835443038,0.0022358888269184414,1.0,0.0,0.999746835443038,0.0022358888269184414,0.0,0.0,0.0,0.0,0.5,0.5982804232804234,0.0,0.30247619047619045,0.0,0.0,0.0,0.0,0.0,0.016037456157383577,0.0056609315886070625,0.04472135954999578,0.0,0.04472135954999578,0.0005660931588606689,0.0049995994071218965,0.0,0.0,0.0005660931588606689,0.0049995994071218965,0.0,0.0,0.0,0.0,0.14142135623730948,0.03305737898597801,0.0,0.04611389085411484,0.0,0.0,0.0,0.0
G3.3.3,10,100,1.0,0.7124000000000004,0.0,1.0,1.0,1.0,1.0,0.0,1.0,0.0,1.0,0.0,0.0,0.0,0.0,0.0,0.36,0.6071740740740744,0.0,0.2829666666666667,0.0,0.0,0.0,0.0,0.0,0.02045238372415306,0.0,0.0,0.0,0.0,0.0,0.0,0.0,0.0,0.0,0.0,0.0,0.0,0.0,0.0,0.0894427190999916,0.013785091149399673,0.0,0.030538773168984155,0.0,0.0,0.0,0.0
G3.3.3,25,10,0.8640000000000001,0.7166004140786748,0.0,1.0,1.0,1.0,1.0,0.0,1.0,0.0,1.0,0.0,0.0,0.0,0.0,0.0,0.344,0.6266738816738816,0.02222222222222222,0.25656565656565655,0.0,0.0,0.0,0.0,0.05366563145999494,0.013315803838942583,0.0,0.0,0.0,0.0,0.0,0.0,0.0,0.0,0.0,0.0,0.0,0.0,0.0,0.0,0.06693280212272602,0.02085299120039198,0.049690399499995326,0.05088324693395705,0.0,0.0,0.0,0.0
G3.3.3,25,25,0.9279999999999999,0.7060049689440995,0.0,1.0,1.0,1.0,1.0,0.0,1.0,0.0,1.0,0.0,0.0,0.0,0.0,0.0,0.41600000000000004,0.6018815055315054,0.0,0.275566810966811,0.0,0.0,0.0,0.0,0.05932958789676526,0.013303414215389659,0.0,0.0,0.0,0.0,0.0,0.0,0.0,0.0,0.0,0.0,0.0,0.0,0.0,0.0,0.09208691546577072,0.010220767288427862,0.0,0.02961119422746971,0.0,0.0,0.0,0.0
G3.3.3,25,50,0.96,0.700697575757576,0.0,1.0,1.0,1.0,1.0,0.0,1.0,0.0,1.0,0.0,0.0,0.0,0.0,0.0,0.27999999999999997,0.6046444444444447,0.0,0.2927111111111111,0.0,0.0,0.0,0.0,0.04898979485566356,0.0043445459935195704,0.0,0.0,0.0,0.0,0.0,0.0,0.0,0.0,0.0,0.0,0.0,0.0,0.0,0.0,0.0748331477354788,0.01753811081424641,0.0,0.0353250863890672,0.0,0.0,0.0,0.0
G3.3.3,25,100,0.984,0.698896666666667,0.0,1.0,1.0,1.0,1.0,0.0,1.0,0.0,1.0,0.0,0.0,0.0,0.0,0.0,0.328,0.6027803030303034,0.0,0.28337121212121213,0.0,0.0,0.0,0.0,0.021908902300206666,0.006820255778846479,0.0,0.0,0.0,0.0,0.0,0.0,0.0,0.0,0.0,0.0,0.0,0.0,0.0,0.0,0.07155417527999328,0.007276220080176214,0.0,0.016056764120234705,0.0,0.0,0.0,0.0
G3.3.3,50,10,0.9119999999999999,0.7325333118418225,0.0,1.0,1.0,1.0,1.0,0.0,1.0,0.0,1.0,0.0,0.0,0.0,0.0,0.0,0.312,0.6041721060893993,0.07692307692307693,0.2699716599190284,0.0,0.0,0.0,0.0,0.036331804249169854,0.02077377661514798,0.0,0.0,0.0,0.0,0.0,0.0,0.0,0.0,0.0,0.0,0.0,0.0,0.0,0.0,0.07155417527999325,0.01589792994208673,0.09421114395319918,0.02602949058612972,0.0,0.0,0.0,0.0
G3.3.3,50,25,0.9400000000000001,0.6990708496164425,0.0,1.0,1.0,1.0,1.0,0.0,1.0,0.0,1.0,0.0,0.0,0.0,0.0,0.0,0.328,0.6021951051097132,0.0125,0.31251879699248125,0.0,0.0,0.0,0.0,0.058309518948452994,0.017508470489316863,0.0,0.0,0.0,0.0,0.0,0.0,0.0,0.0,0.0,0.0,0.0,0.0,0.0,0.0,0.05019960159204451,0.009520191910540717,0.027950849718747374,0.030573665082085397,0.0,0.0,0.0,0.0
G3.3.3,50,50,0.9559999999999998,0.6972660992907804,0.0,1.0,1.0,1.0,1.0,0.0,1.0,0.0,1.0,0.0,0.0,0.0,0.0,0.0,0.332,0.5923713028068371,0.0,0.30837871148459384,0.0,0.0,0.0,0.0,0.026076809620810614,0.012467607346077702,0.0,0.0,0.0,0.0,0.0,0.0,0.0,0.0,0.0,0.0,0.0,0.0,0.0,0.0,0.05403702434442517,0.010509939777155428,0.0,0.00775923368516448,0.0,0.0,0.0,0.0
G3.3.3,50,100,0.9879999999999999,0.7004310204081637,0.0,1.0,1.0,1.0,1.0,0.0,1.0,0.0,1.0,0.0,0.0,0.0,0.0,0.0,0.348,0.5985157989511597,0.0,0.3032221362229103,0.0,0.0,0.0,0.0,0.010954451150103333,0.00485067447874947,0.0,0.0,0.0,0.0,0.0,0.0,0.0,0.0,0.0,0.0,0.0,0.0,0.0,0.0,0.10059821071967431,0.011457631688519402,0.0,0.01391471884467018,0.0,0.0,0.0,0.0
G3.3.3,100,10,0.874,0.7257667619736585,0.0,1.0,1.0,1.0,1.0,0.0,1.0,0.0,1.0,0.0,0.0,0.0,0.0,0.0,0.3,0.6199217175233664,0.021485411140583555,0.31513642609435316,0.0,0.0,0.0,0.0,0.025099800796022274,0.008870505984023653,0.0,0.0,0.0,0.0,0.0,0.0,0.0,0.0,0.0,0.0,0.0,0.0,0.0,0.0,0.029154759474226487,0.02229337592563105,0.03133455779885776,0.020019370391395133,0.0,0.0,0.0,0.0
G3.3.3,100,25,0.908,0.7012849855773866,0.0,1.0,1.0,1.0,1.0,0.0,1.0,0.0,1.0,0.0,0.0,0.0,0.0,0.0,0.318,0.594235283114368,0.0,0.3100054466230937,0.0,0.0,0.0,0.0,0.02949576240750526,0.010460111742687595,0.0,0.0,0.0,0.0,0.0,0.0,0.0,0.0,0.0,0.0,0.0,0.0,0.0,0.0,0.034928498393145956,0.011120290776415374,0.0,0.021541806099036696,0.0,0.0,0.0,0.0
G3.3.3,100,50,0.9640000000000001,0.6979339852781143,0.0,1.0,1.0,1.0,1.0,0.0,1.0,0.0,1.0,0.0,0.0,0.0,0.0,0.0,0.33999999999999997,0.599323298607647,0.007407407407407407,0.3083185971464609,0.0,0.0,0.0,0.0,0.01816590212458497,0.007777411402963346,0.0,0.0,0.0,0.0,0.0,0.0,0.0,0.0,0.0,0.0,0.0,0.0,0.0,0.0,0.04183300132670376,0.00530950702913737,0.01656346649999844,0.011325871544761543,0.0,0.0,0.0,0.0
G3.3.3,100,100,0.9879999999999999,0.6954267740310749,0.0,1.0,1.0,1.0,1.0,0.0,1.0,0.0,1.0,0.0,0.0,0.0,0.0,0.0,0.33999999999999997,0.5975322241805608,0.0,0.3032234036960217,0.0,0.0,0.0,0.0,0.013038404810405314,0.005819674028078207,0.0,0.0,0.0,0.0,0.0,0.0,0.0,0.0,0.0,0.0,0.0,0.0,0.0,0.0,0.0353553390593274,0.006719802314179881,0.0,0.006945130164308823,0.0,0.0,0.0,0.0
G4.1.1,10,10,0.82,0.6478174603174602,0.032,0.9277777777777778,0.9777777777777779,0.9055555555555556,0.996968253968254,0.011638962022461377,0.9991111111111112,0.004354648431614541,0.9960793650793651,0.013313051353624853,0.0,0.0,0.0,0.0,0.54,0.5797777777777777,0.0,0.3877142857142858,0.0,0.0,0.0,0.0,0.08366600265340761,0.027279401053620842,0.04381780460041329,0.11041448285750995,0.049690399499995354,0.1296957503325417,0.0047061551393377385,0.016757666167440215,0.001987615979999845,0.009737289911202958,0.005407202907739077,0.018364271737753974,0.0,0.0,0.0,0.0,0.151657508881031,0.03103341267621016,0.0,0.03225535867519233,0.0,0.0,0.0,0.0
G4.1.1,10,25,0.78,0.5757555555555556,0.013657407407407406,0.9333333333333332,0.975,0.9083333333333334,0.9979166666666666,0.011599509089229213,0.999074074074074,0.004721314364437764,0.9969907407407408,0.016320823453666974,0.0,0.0,0.0,0.0,0.6,0.5646402116402116,0.0,0.4220476190476191,0.0,0.0,0.0,0.0,0.2774887385102322,0.03358354241273027,0.018812766456739686,0.14907119849998599,0.055901699437494734,0.1455354099714415,0.004658474953124593,0.025937290829143197,0.0020704333124998437,0.010557179862029054,0.004600603452396229,0.025441791996364496,0.0,0.0,0.0,0.0,0.19999999999999998,0.022431893818986033,0.0,0.04116349240013489,0.0,0.0,0.0,0.0
G4.1.1,10,50,0.6599999999999999,0.6093666666666668,0.10981378104653967,0.86,0.7683333333333333,0.6283333333333333,0.9936873563218391,0.020867215488474193,0.9900554944337273,0.0412468355789116,0.9837428507555664,0.04914361236304188,0.0,0.0,0.0,0.0,0.52,0.5729460317460319,0.0,0.38580000000000003,0.0,0.0,0.0,0.0,0.1341640786499874,0.017882486777104967,0.05040840329472286,0.21908902300206645,0.0870823365174209,0.1901753576746122,0.010685966487536717,0.030648047142511604,0.003099474507316747,0.013583344608928462,0.012453191510297362,0.02424136447092651,0.0,0.0,0.0,0.0,0.17888543819998315,0.029625175024173334,0.0,0.03870131569772136,0.0,0.0,0.0,0.0
G4.1.1,10,100,0.7,0.5916000000000003,0.03826043237807943,0.9199999999999999,0.96,0.8800000000000001,0.9961538461538462,0.014796355577501464,0.9976470588235294,0.00941176470588235,0.9938009049773756,0.024208120283383816,0.0,0.0,0.0,0.0,0.52,0.5769268077601414,0.06666666666666667,0.4010238095238095,0.0,0.0,0.0,0.0,0.27386127875258304,0.016757088052522774,0.035862528145924236,0.10954451150103317,0.08944271909999157,0.1095445115010332,0.005371711576913004,0.021199204495816977,0.005261336417646543,0.021045345670586246,0.005823445009275478,0.023327308088373504,0.0,0.0,0.0,0.0,0.2683281572999748,0.013232379322457442,0.14907119849998596,0.028530178555967265,0.0,0.0,0.0,0.0
G4.1.1,25,10,0.8480000000000001,0.6238441558441558,0.0,1.0,1.0,1.0,1.0,0.0,1.0,0.0,1.0,0.0,0.0,0.0,0.0,0.0,0.536,0.5781236888111888,0.016666666666666666,0.3916555944055944,0.0,0.0,0.0,0.0,0.03346640106136301,0.028851139684413853,0.0,0.0,0.0,0.0,0.0,0.0,0.0,0.0,0.0,0.0,0.0,0.0,0.0,0.0,0.08294576541331088,0.03164997075552895,0.03726779962499649,0.05141359019103283,0.0,0.0,0.0,0.0
G4.1.1,25,25,0.808,0.6065704099821747,0.0,1.0,1.0,1.0,1.0,0.0,1.0,0.0,1.0,0.0,0.0,0.0,0.0,0.0,0.528,0.5688491452991452,0.015384615384615385,0.4092307692307693,0.0,0.0,0.0,0.0,0.07694153624668536,0.01416947036763619,0.0,0.0,0.0,0.0,0.0,0.0,0.0,0.0,0.0,0.0,0.0,0.0,0.0,0.0,0.043817804600413277,0.007662742864348792,0.034401045807689073,0.018174405278635217,0.0,0.0,0.0,0.0
G4.1.1,25,50,0.696,0.5986888888888892,0.007142857142857143,1.0,0.99,0.99,1.0,0.0,0.9996428571428572,0.0018557687223952272,0.9996428571428572,0.0018557687223952272,0.0,0.0,0.0,0.0,0.496,0.5542426129426131,0.0,0.41830293040293043,0.0,0.0,0.0,0.0,0.07266360849833986,0.014642172526108792,0.015971914124998498,0.0,0.022360679774997918,0.022360679774997918,0.0,0.0,0.0007985957062499283,0.004149625013793665,0.0007985957062499283,0.004149625013793665,0.0,0.0,0.0,0.0,0.10807404868885034,0.016794083765328583,0.0,0.020746486680953316,0.0,0.0,0.0,0.0
G4.1.1,25,100,0.696,0.5970807017543862,0.0,1.0,1.0,1.0,1.0,0.0,1.0,0.0,1.0,0.0,0.0,0.0,0.0,0.0,0.5439999999999999,0.5662420405982909,0.0,0.4096173076923077,0.0,0.0,0.0,0.0,0.06693280212272604,0.008317362875314684,0.0,0.0,0.0,0.0,0.0,0.0,0.0,0.0,0.0,0.0,0.0,0.0,0.0,0.0,0.0726636084983398,0.018452556409513834,0.0,0.012014687944909124,0.0,0.0,0.0,0.0
G4.1.1,50,10,0.712,0.6186643759937478,0.0,1.0,1.0,1.0,1.0,0.0,1.0,0.0,1.0,0.0,0.0,0.0,0.0,0.0,0.396,0.5865024591255084,0.05550743374272786,0.4143618146559323,0.0,0.0,0.0,0.0,0.05761944116355175,0.013845378977234498,0.0,0.0,0.0,0.0,0.0,0.0,0.0,0.0,0.0,0.0,0.0,0.0,0.0,0.0,0.0920869154657707,0.020744788260318888,0.04334969781747419,0.028708875520535016,0.0,0.0,0.0,0.0
G4.1.1,50,25,0.772,0.6212415575353152,0.0,1.0,1.0,1.0,1.0,0.0,1.0,0.0,1.0,0.0,0.0,0.0,0.0,0.0,0.45600000000000007,0.5685200497645573,0.0,0.40055446054750404,0.0,0.0,0.0,0.0,0.05403702434442518,0.016902601637434355,0.0,0.0,0.0,0.0,0.0,0.0,0.0,0.0,0.0,0.0,0.0,0.0,0.0,0.0,0.06985699678629194,0.006686543412784636,0.0,0.017141173549403952,0.0,0.0,0.0,0.0
G4.1.1,50,50,0.752,0.6033394547589672,0.0,1.0,1.0,1.0,1.0,0.0,1.0,0.0,1.0,0.0,0.0,0.0,0.0,0.0,0.528,0.5610745938717369,0.0,0.40918376068376067,0.0,0.0,0.0,0.0,0.04816637831516917,0.007607434448660511,0.0,0.0,0.0,0.0,0.0,0.0,0.0,0.0,0.0,0.0,0.0,0.0,0.0,0.0,0.04604345773288534,0.010023718220163694,0.0,0.014461242318804088,0.0,0.0,0.0,0.0
G4.1.1,50,100,0.724,0.5988179262258212,0.0,1.0,1.0,1.0,1.0,0.0,1.0,0.0,1.0,0.0,0.0,0.0,0.0,0.0,0.492,0.5605682417605402,0.0,0.41789967501097947,0.0,0.0,0.0,0.0,0.05366563145999495,0.008530709115361912,0.0,0.0,0.0,0.0,0.0,0.0,0.0,0.0,0.0,0.0,0.0,0.0,0.0,0.0,0.041472882706655445,0.004100334746949872,0.0,0.011428923220995856,0.0,0.0,0.0,0.0
G4.1.1,100,10,0.8,0.6214467701001873,0.0,1.0,1.0,1.0,1.0,0.0,1.0,0.0,1.0,0.0,0.0,0.0,0.0,0.0,0.386,0.590927944061549,0.03031923236120627,0.4098764823552118,0.0,0.0,0.0,0.0,0.04847679857416327,0.004073738752531956,0.0,0.0,0.0,0.0,0.0,0.0,0.0,0.0,0.0,0.0,0.0,0.0,0.0,0.0,0.03847076812334267,0.00777160672615825,0.028227015333846847,0.019856769120976732,0.0,0.0,0.0,0.0
G4.1.1,100,25,0.794,0.6147178146747766,0.0,1.0,1.0,1.0,1.0,0.0,1.0,0.0,1.0,0.0,0.0,0.0,0.0,0.0,0.46799999999999997,0.5721542372970944,0.0,0.40807953950811093,0.0,0.0,0.0,0.0,0.028809720581775826,0.013232604424110566,0.0,0.0,0.0,0.0,0.0,0.0,0.0,0.0,0.0,0.0,0.0,0.0,0.0,0.0,0.045497252664309325,0.008509349085559025,0.0,0.016264692563108273,0.0,0.0,0.0,0.0
G4.1.1,100,50,0.724,0.6020956164383564,0.0,1.0,1.0,1.0,1.0,0.0,1.0,0.0,1.0,0.0,0.0,0.0,0.0,0.0,0.508,0.5629128077027239,0.0,0.4157963493089543,0.0,0.0,0.0,0.0,0.018165902124584965,0.0037256237010344574,0.0,0.0,0.0,0.0,0.0,0.0,0.0,0.0,0.0,0.0,0.0,0.0,0.0,0.0,0.010954451150103316,0.008423526550448208,0.0,0.005462829867489718,0.0,0.0,0.0,0.0
G4.1.1,100,100,0.694,0.5919772609685656,0.0,1.0,1.0,1.0,1.0,0.0,1.0,0.0,1.0,0.0,0.0,0.0,0.0,0.0,0.504,0.5619311036591741,0.0,0.4215441093117409,0.0,0.0,0.0,0.0,0.03209361307176239,0.0033485113580560364,0.0,0.0,0.0,0.0,0.0,0.0,0.0,0.0,0.0,0.0,0.0,0.0,0.0,0.0,0.04505552130427522,0.004235609265803089,0.0,0.0037705838249444132,0.0,0.0,0.0,0.0
G4.1.2,10,10,0.86,0.6113095238095239,0.024,1.0,0.9314285714285715,0.9314285714285715,1.0,0.0,0.997257142857143,0.013437200874696287,0.997257142857143,0.013437200874696287,0.0,0.0,0.0,0.0,0.6599999999999999,0.5873121693121692,0.0,0.3742619047619048,0.0,0.0,0.0,0.0,0.11401754250991379,0.08907890510861124,0.03577708763999664,0.0,0.09604420750840917,0.09604420750840917,0.0,0.0,0.0038417683003363675,0.018820744091646992,0.0038417683003363675,0.018820744091646992,0.0,0.0,0.0,0.0,0.1140175425099138,0.04401865835359763,0.0,0.11527364416269988,0.0,0.0,0.0,0.0
G4.1.2,10,25,0.74,0.5963809523809525,0.08023809523809525,0.9416666666666668,0.8916666666666666,0.8333333333333334,0.9973710317460316,0.012094286336783413,0.9953769841269843,0.01898573659989658,0.9927480158730159,0.02666755006837812,0.0,0.0,0.0,0.0,0.5599999999999999,0.5658878306878306,0.0,0.4227428571428572,0.0,0.0,0.0,0.0,0.08944271909999166,0.07068971033603332,0.09197382058754211,0.08122328620674134,0.10865337342004415,0.12842529172852032,0.003726845983385274,0.01697291434241697,0.004327489664071141,0.01757847927252335,0.005807428171770165,0.01760833148485571,0.0,0.0,0.0,0.0,0.11401754250991375,0.024734676840484148,0.0,0.060690449102349706,0.0,0.0,0.0,0.0
G4.1.2,10,50,0.64,0.5467111111111113,0.03745421245421245,0.9777777777777779,0.888888888888889,0.8666666666666666,0.9991452991452991,0.004273504273504276,0.9956349206349205,0.019044851494065474,0.9947802197802197,0.02331835576756975,0.0,0.0,0.0,0.0,0.5599999999999999,0.5644507936507938,0.0,0.4483142857142857,0.0,0.0,0.0,0.0,0.260768096208106,0.059110776941411335,0.04382037977884203,0.04969039949999535,0.1571348402636772,0.14487116456005883,0.001911169211538275,0.009555846057691414,0.00633679342169494,0.02933446185737853,0.0058720035732228735,0.027356063509210066,0.0,0.0,0.0,0.0,0.13416407864998736,0.01214903670957175,0.0,0.04575047674559226,0.0,0.0,0.0,0.0
G4.1.2,10,100,0.74,0.5815833333333337,0.10952380952380954,0.9714285714285713,0.8349206349206348,0.8063492063492064,0.9989417989417989,0.005395787845071731,0.9940035273368608,0.023559560449114107,0.9929453262786596,0.028418218849929254,0.0,0.0,0.0,0.0,0.64,0.5603716931216934,0.0,0.42774999999999996,0.0,0.0,0.0,0.0,0.11401754250991385,0.026756981944278373,0.1626887337422961,0.06388765649999402,0.1880131761249021,0.2413533689999773,0.0023662094999997514,0.012065348413747493,0.006926750224569849,0.025626851955530567,0.009057600786672882,0.03513625460269017,0.0,0.0,0.0,0.0,0.151657508881031,0.010061089508688606,0.0,0.016242934099578953,0.0,0.0,0.0,0.0
G4.1.2,25,10,0.768,0.661819589079651,0.00909090909090909,0.990909090909091,1.0,0.990909090909091,0.999586776859504,0.0018936263202296842,1.0,0.0,0.999586776859504,0.0018936263202296842,0.0,0.0,0.0,0.0,0.40800000000000003,0.5863888888888888,0.0,0.36283333333333334,0.0,0.0,0.0,0.0,0.11099549540409286,0.016218691790201106,0.020327890704543543,0.020327890704543522,0.0,0.020327890704543522,0.0009239950320247302,0.0042342771760163584,0.0,0.0,0.0009239950320247302,0.0042342771760163584,0.0,0.0,0.0,0.0,0.07155417527999325,0.02953879667927008,0.0,0.04306648606773277,0.0,0.0,0.0,0.0
G4.1.2,25,25,0.784,0.6171328320802006,0.0,1.0,1.0,1.0,1.0,0.0,1.0,0.0,1.0,0.0,0.0,0.0,0.0,0.0,0.48,0.5676916666666666,0.0,0.4022151515151515,0.0,0.0,0.0,0.0,0.05366563145999494,0.026503410414998617,0.0,0.0,0.0,0.0,0.0,0.0,0.0,0.0,0.0,0.0,0.0,0.0,0.0,0.0,0.09380831519646858,0.007965582890769268,0.0,0.03319109528539638,0.0,0.0,0.0,0.0
G4.1.2,25,50,0.72,0.6013794117647061,0.009523809523809523,0.9764705882352942,1.0,0.9764705882352942,0.9988795518207283,0.005010796588234824,1.0,0.0,0.9988795518207283,0.005010796588234824,0.0,0.0,0.0,0.0,0.44000000000000006,0.5760607485107487,0.016666666666666666,0.43049121989121997,0.0,0.0,0.0,0.0,0.07483314773547882,0.011329049456670829,0.021295885499997995,0.05261336417646564,0.0,0.05261336417646564,0.0025053982941174026,0.01120448179271709,0.0,0.0,0.0025053982941174026,0.01120448179271709,0.0,0.0,0.0,0.0,0.06324555320336758,0.004408611777460473,0.03726779962499649,0.01315161954537397,0.0,0.0,0.0,0.0
G4.1.2,25,100,0.696,0.5975879072681707,0.008695652173913044,1.0,0.9875,0.9875,1.0,0.0,0.9994565217391305,0.002549138999904038,0.9994565217391305,0.002549138999904038,0.0,0.0,0.0,0.0,0.48,0.5576410984848488,0.0,0.4253353896103896,0.0,0.0,0.0,0.0,0.10039920318408906,0.012113489729489816,0.019444069369563388,0.0,0.027950849718747377,0.027950849718747377,0.0,0.0,0.0012152543355976582,0.005700048087881258,0.0012152543355976582,0.005700048087881258,0.0,0.0,0.0,0.0,0.17204650534085253,0.012255773100746308,0.0,0.015382418058085424,0.0,0.0,0.0,0.0
G4.1.2,50,10,0.8039999999999999,0.6448586791556161,0.0,1.0,1.0,1.0,1.0,0.0,1.0,0.0,1.0,0.0,0.0,0.0,0.0,0.0,0.40800000000000003,0.6039808527530005,0.031052631578947366,0.3747025171624714,0.0,0.0,0.0,0.0,0.04335896677735759,0.01733811016063443,0.0,0.0,0.0,0.0,0.0,0.0,0.0,0.0,0.0,0.0,0.0,0.0,0.0,0.0,0.0303315017762062,0.00711148522491718,0.046794772063989964,0.03551294165252359,0.0,0.0,0.0,0.0
G4.1.2,50,25,0.724,0.6032550836550836,0.0,1.0,1.0,1.0,1.0,0.0,1.0,0.0,1.0,0.0,0.0,0.0,0.0,0.0,0.44399999999999995,0.5724452395676887,0.009523809523809523,0.4192213342213343,0.0,0.0,0.0,0.0,0.016733200530681527,0.015781477497784385,0.0,0.0,0.0,0.0,0.0,0.0,0.0,0.0,0.0,0.0,0.0,0.0,0.0,0.0,0.060663003552412414,0.012190203513863407,0.021295885499997995,0.03176519255364563,0.0,0.0,0.0,0.0
G4.1.2,50,50,0.748,0.6027224471435001,0.0,1.0,1.0,1.0,1.0,0.0,1.0,0.0,1.0,0.0,0.0,0.0,0.0,0.0,0.504,0.5648663496613808,0.0,0.41661488913662836,0.0,0.0,0.0,0.0,0.0268328157299975,0.0062938619550026555,0.0,0.0,0.0,0.0,0.0,0.0,0.0,0.0,0.0,0.0,0.0,0.0,0.0,0.0,0.03286335345030999,0.008506396843666424,0.0,0.005248729372454007,0.0,0.0,0.0,0.0
G4.1.2,50,100,0.7,0.5893967848059957,0.0,1.0,1.0,1.0,1.0,0.0,1.0,0.0,1.0,0.0,0.0,0.0,0.0,0.0,0.52,0.5621399028484746,0.0,0.4238251333851334,0.0,0.0,0.0,0.0,0.05099019513592787,0.010602423888365003,0.0,0.0,0.0,0.0,0.0,0.0,0.0,0.0,0.0,0.0,0.0,0.0,0.0,0.0,0.058309518948453,0.006686322127295776,0.0,0.0071631759034085024,0.0,0.0,0.0,0.0
G4.1.2,100,10,0.788,0.6246037188909359,0.0,1.0,1.0,1.0,1.0,0.0,1.0,0.0,1.0,0.0,0.0,0.0,0.0,0.0,0.33599999999999997,0.5853051550477024,0.014814814814814814,0.40958704348948255,0.0,0.0,0.0,0.0,0.04604345773288536,0.018383977706003144,0.0,0.0,0.0,0.0,0.0,0.0,0.0,0.0,0.0,0.0,0.0,0.0,0.0,0.0,0.05941380311005177,0.006537066897669054,0.03312693299999688,0.026806888249969508,0.0,0.0,0.0,0.0
G4.1.2,100,25,0.732,0.6119983480281987,0.0,1.0,1.0,1.0,1.0,0.0,1.0,0.0,1.0,0.0,0.0,0.0,0.0,0.0,0.426,0.5713699926090169,0.0,0.40933461091753776,0.0,0.0,0.0,0.0,0.04969909455915674,0.008168537124730466,0.0,0.0,0.0,0.0,0.0,0.0,0.0,0.0,0.0,0.0,0.0,0.0,0.0,0.0,0.055045435778091546,0.007531984681807345,0.0,0.008991232266627965,0.0,0.0,0.0,0.0
G4.1.2,100,50,0.726,0.603072977086676,0.0,1.0,1.0,1.0,1.0,0.0,1.0,0.0,1.0,0.0,0.0,0.0,0.0,0.0,0.476,0.5608270264334692,0.0,0.4138803588101908,0.0,0.0,0.0,0.0,0.008944271909999166,0.007999921763798675,0.0,0.0,0.0,0.0,0.0,0.0,0.0,0.0,0.0,0.0,0.0,0.0,0.0,0.0,0.026076809620810583,0.004435007612352073,0.0,0.01013847445706702,0.0,0.0,0.0,0.0
G4.1.2,100,100,0.696,0.5995186362331932,0.0,1.0,1.0,1.0,1.0,0.0,1.0,0.0,1.0,0.0,0.0,0.0,0.0,0.0,0.49399999999999994,0.5643475745168175,0.0,0.41266631050045566,0.0,0.0,0.0,0.0,0.027018512172212593,0.004309728029397972,0.0,0.0,0.0,0.0,0.0,0.0,0.0,0.0,0.0,0.0,0.0,0.0,0.0,0.0,0.052725705305856276,0.003206543289018664,0.0,0.004053102768511879,0.0,0.0,0.0,0.0
G4.1.3,10,10,0.8400000000000001,0.621,0.027358024691358025,0.825,0.9178571428571429,0.7428571428571429,0.9952777777777777,0.01689427911059441,0.9978774250440917,0.018135008088284693,0.9931552028218695,0.02666217946557655,0.0,0.0,0.0,0.0,0.5599999999999999,0.5407160493827161,0.05,0.4103333333333333,0.0,0.0,0.0,0.0,0.15165750888103105,0.058142155137917206,0.04725876904166715,0.3913118960624632,0.07533936824903206,0.4213680343929322,0.010559209893749056,0.03777675652214379,0.002847689004733605,0.023963133945531453,0.013286500456345846,0.04241003785781396,0.0,0.0,0.0,0.0,0.1949358868961793,0.08747775644285564,0.1118033988749895,0.07269036310879792,0.0,0.0,0.0,0.0
G4.1.3,10,25,0.82,0.6239746031746032,0.012654201795531565,0.9514285714285714,0.9428571428571428,0.8942857142857144,0.9993488703077744,0.005585412549095112,0.9993031358885018,0.0044073556239280515,0.9986520061962763,0.00999276817302316,0.0,0.0,0.0,0.0,0.5599999999999999,0.5711999999999999,0.07333333333333333,0.4325333333333334,0.0,0.0,0.0,0.0,0.130384048104053,0.03848471800310205,0.01495125290059888,0.06821335077893328,0.12777531299998796,0.1184939505904441,0.0009214686483121447,0.007872953325135768,0.0015582355243899898,0.009855146776119122,0.0014638408838347223,0.009877502898662485,0.0,0.0,0.0,0.0,0.05477225575051658,0.021943586481118306,0.10110500592068734,0.04586550386122933,0.0,0.0,0.0,0.0
G4.1.3,10,50,0.62,0.6091333333333335,0.05767590497737557,0.7916666666666667,0.78,0.5716666666666667,0.9964582895658264,0.020705559277853267,0.9968147860105582,0.021156459409365246,0.9932730755763843,0.0344826301221385,0.0,0.0,0.0,0.0,0.4,0.5697333333333334,0.0,0.3986666666666667,0.0,0.0,0.0,0.0,0.1788854381999832,0.021149402408158595,0.03179356833485357,0.1863389981249825,0.24647515087732474,0.27320118756859185,0.003803911361214527,0.014948203994121076,0.003268371160137789,0.021388973790742064,0.005128248291698201,0.016145201270688605,0.0,0.0,0.0,0.0,0.1,0.02628469227537152,0.0,0.04849742261192859,0.0,0.0,0.0,0.0
G4.1.3,10,100,0.7,0.5854500000000002,0.02335357624831309,0.6913492063492063,0.9199999999999999,0.6113492063492064,0.9944817037251248,0.03165634455398112,0.9986842105263157,0.011395071102426827,0.9931659142514405,0.03931462599557371,0.0,0.0,0.0,0.0,0.44000000000000006,0.5640222222222224,0.0,0.43466666666666665,0.0,0.0,0.0,0.0,0.15811388300841903,0.017868306827701706,0.019525763808161324,0.3359084676132183,0.1788854381999832,0.35086228050917895,0.007411217657033239,0.03475385245969586,0.002942194707236542,0.025480153593469855,0.007354378027584946,0.036487353311992855,0.0,0.0,0.0,0.0,0.15165750888103102,0.008597444351824326,0.0,0.030045336114316017,0.0,0.0,0.0,0.0
G4.1.3,25,10,0.8240000000000001,0.6278679653679653,0.0,1.0,1.0,1.0,1.0,0.0,1.0,0.0,1.0,0.0,0.0,0.0,0.0,0.0,0.48,0.5939270833333333,0.03666666666666667,0.393,0.0,0.0,0.0,0.0,0.10430723848324237,0.021406628211300547,0.0,0.0,0.0,0.0,0.0,0.0,0.0,0.0,0.0,0.0,0.0,0.0,0.0,0.0,0.09797958971132713,0.031113495266099734,0.05055250296034367,0.0306956384885903,0.0,0.0,0.0,0.0
G4.1.3,25,25,0.752,0.6065237603813456,0.0,1.0,1.0,1.0,1.0,0.0,1.0,0.0,1.0,0.0,0.0,0.0,0.0,0.0,0.496,0.5703272283272283,0.0,0.4167648351648352,0.0,0.0,0.0,0.0,0.0593295878967653,0.03363468917123547,0.0,0.0,0.0,0.0,0.0,0.0,0.0,0.0,0.0,0.0,0.0,0.0,0.0,0.0,0.1252198067399882,0.018953375457820002,0.0,0.034021376034654924,0.0,0.0,0.0,0.0
G4.1.3,25,50,0.696,0.6023444444444447,0.0028169014084507044,1.0,0.9875,0.9875,1.0,0.0,0.9998239436619718,0.0014729930044614001,0.9998239436619718,0.0014729930044614001,0.0,0.0,0.0,0.0,0.46399999999999997,0.5639315025252527,0.0,0.418310606060606,0.0,0.0,0.0,0.0,0.07266360849833979,0.013959401248331865,0.006298783035210675,0.0,0.027950849718747384,0.027950849718747384,0.0,0.0,0.0003936739397006729,0.003293712488357342,0.0003936739397006729,0.003293712488357342,0.0,0.0,0.0,0.0,0.1152388823271035,0.017889807523269626,0.0,0.022454927561873773,0.0,0.0,0.0,0.0
G4.1.3,25,100,0.712,0.6001039682539686,0.005367686527106817,0.9746031746031747,0.9857142857142858,0.9603174603174602,0.9996626025611534,0.0029053653109878254,0.9998236331569664,0.0015774729999998508,0.9994862357181198,0.004482838310987676,0.0,0.0,0.0,0.0,0.504,0.5626125000000003,0.0,0.4136857142857143,0.0,0.0,0.0,0.0,0.1145425685062108,0.004525109810343423,0.007389103541565327,0.035225938128844676,0.031943828249997,0.06249212598422069,0.00046279524199082457,0.004002725272588693,0.0003943682499999634,0.0035273368606701925,0.0007808695417897775,0.006936233843017466,0.0,0.0,0.0,0.0,0.13446189051177287,0.007253490373508192,0.0,0.008937652524743886,0.0,0.0,0.0,0.0
G4.1.3,50,10,0.732,0.6252220245082512,0.0,1.0,1.0,1.0,1.0,0.0,1.0,0.0,1.0,0.0,0.0,0.0,0.0,0.0,0.364,0.5871514402862594,0.0,0.39156400966183574,0.0,0.0,0.0,0.0,0.07293833011524185,0.01962309074396876,0.0,0.0,0.0,0.0,0.0,0.0,0.0,0.0,0.0,0.0,0.0,0.0,0.0,0.0,0.05549774770204643,0.024082602317612934,0.0,0.016302284916711558,0.0,0.0,0.0,0.0
G4.1.3,50,25,0.736,0.6104250080542764,0.0,1.0,1.0,1.0,1.0,0.0,1.0,0.0,1.0,0.0,0.0,0.0,0.0,0.0,0.46399999999999997,0.5751629377792307,0.008695652173913044,0.41364573607932875,0.0,0.0,0.0,0.0,0.06387487769068527,0.009927040371253968,0.0,0.0,0.0,0.0,0.0,0.0,0.0,0.0,0.0,0.0,0.0,0.0,0.0,0.0,0.049799598391954934,0.010296888059744193,0.019444069369563388,0.012956827676167024,0.0,0.0,0.0,0.0
G4.1.3,50,50,0.744,0.6029866396761137,0.0,1.0,1.0,1.0,1.0,0.0,1.0,0.0,1.0,0.0,0.0,0.0,0.0,0.0,0.488,0.5636549938036616,0.0,0.4172464807023012,0.0,0.0,0.0,0.0,0.08173126696681023,0.017436071377342773,0.0,0.0,0.0,0.0,0.0,0.0,0.0,0.0,0.0,0.0,0.0,0.0,0.0,0.0,0.09757048734120374,0.00649954679985817,0.0,0.021304914389321774,0.0,0.0,0.0,0.0
G4.1.3,50,100,0.6759999999999999,0.5926232804232807,0.0,1.0,1.0,1.0,1.0,0.0,1.0,0.0,1.0,0.0,0.0,0.0,0.0,0.0,0.5,0.5600192503103982,0.0,0.4209085141639707,0.0,0.0,0.0,0.0,0.07668115805072324,0.007927460804611779,0.0,0.0,0.0,0.0,0.0,0.0,0.0,0.0,0.0,0.0,0.0,0.0,0.0,0.0,0.08485281374238568,0.00305963963525189,0.0,0.006768432159996812,0.0,0.0,0.0,0.0
G4.1.3,100,10,0.778,0.6249267015347446,0.0,1.0,1.0,1.0,1.0,0.0,1.0,0.0,1.0,0.0,0.0,0.0,0.0,0.0,0.352,0.5873699907277621,0.017249417249417247,0.39781166910199167,0.0,0.0,0.0,0.0,0.04324349662087933,0.008677086929567458,0.0,0.0,0.0,0.0,0.0,0.0,0.0,0.0,0.0,0.0,0.0,0.0,0.0,0.0,0.031937438845342614,0.011152703865136327,0.026659167282975845,0.009503882629758757,0.0,0.0,0.0,0.0
G4.1.3,100,25,0.772,0.605781989828625,0.0,1.0,1.0,1.0,1.0,0.0,1.0,0.0,1.0,0.0,0.0,0.0,0.0,0.0,0.44800000000000006,0.5708596709989631,0.0,0.4195045728656245,0.0,0.0,0.0,0.0,0.03271085446759224,0.014935642698399311,0.0,0.0,0.0,0.0,0.0,0.0,0.0,0.0,0.0,0.0,0.0,0.0,0.0,0.0,0.04086563348340509,0.006728864091259749,0.0,0.007482886763414383,0.0,0.0,0.0,0.0
G4.1.3,100,50,0.728,0.6039214743589746,0.0,1.0,1.0,1.0,1.0,0.0,1.0,0.0,1.0,0.0,0.0,0.0,0.0,0.0,0.48200000000000004,0.5667181276118158,0.0,0.4141955791962175,0.0,0.0,0.0,0.0,0.07854934754662195,0.008420560039658445,0.0,0.0,0.0,0.0,0.0,0.0,0.0,0.0,0.0,0.0,0.0,0.0,0.0,0.0,0.08555699854482977,0.006912042930312744,0.0,0.008086455564471707,0.0,0.0,0.0,0.0
G4.1.3,100,100,0.688,0.5987404247798989,0.0,1.0,1.0,1.0,1.0,0.0,1.0,0.0,1.0,0.0,0.0,0.0,0.0,0.0,0.49400000000000005,0.5644203577831851,0.0,0.4153701344893892,0.0,0.0,0.0,0.0,0.058906705900092594,0.008650967928417791,0.0,0.0,0.0,0.0,0.0,0.0,0.0,0.0,0.0,0.0,0.0,0.0,0.0,0.0,0.04159326868617086,0.003909318183287397,0.0,0.010573713486478136,0.0,0.0,0.0,0.0
G4.2.1,10,10,0.96,0.688,0.01693121693121693,0.9577777777777777,0.9777777777777779,0.9355555555555556,0.9982245737801293,0.008455900979499834,0.9991769547325102,0.004196723879500236,0.9974015285126396,0.012652624859000067,0.0,0.0,0.0,0.0,0.5,0.5147037037037038,0.0,0.31233333333333335,0.0,0.0,0.0,0.0,0.054772255750516606,0.02167948338867877,0.023483958752563115,0.057948465824023535,0.04969039949999535,0.09825640430859618,0.002441829921332614,0.011579245607688365,0.0018403851666664976,0.009384159877359164,0.003763502950777659,0.018803718330378447,0.0,0.0,0.0,0.0,0.07071067811865477,0.013759645575554733,0.0,0.053328124745662016,0.0,0.0,0.0,0.0
G4.2.1,10,25,0.9199999999999999,0.6754444444444444,0.008333333333333333,0.9555555555555555,0.9777777777777779,0.9333333333333333,0.9981481481481481,0.008881169487616147,0.999074074074074,0.004440584743808076,0.9972222222222221,0.013321754231424218,0.0,0.0,0.0,0.0,0.45999999999999996,0.4821777777777777,0.0,0.3896,0.0,0.0,0.0,0.0,0.08366600265340753,0.03110178431624654,0.018633899812498245,0.09938079899999067,0.04969039949999534,0.14907119849998596,0.004140866624999587,0.019858898694006682,0.0020704333124998233,0.009929449347003344,0.006211299937499385,0.029788348041010018,0.0,0.0,0.0,0.0,0.11401754250991379,0.01766380130501953,0.0,0.05431103837056411,0.0,0.0,0.0,0.0
G4.2.1,10,50,0.96,0.6967555555555559,0.016,0.9555555555555555,1.0,0.9555555555555555,0.9981111111111112,0.00641756847919718,1.0,0.0,0.9981111111111112,0.00641756847919718,0.0,0.0,0.0,0.0,0.5599999999999999,0.47237037037037044,0.0,0.3932857142857143,0.0,0.0,0.0,0.0,0.05477225575051659,0.01330701105469882,0.03577708763999663,0.09938079899999064,0.0,0.09938079899999064,0.004223683957499614,0.01435011936974484,0.0,0.0,0.004223683957499614,0.01435011936974484,0.0,0.0,0.0,0.0,0.11401754250991376,0.027149183952752884,0.0,0.05472887202479669,0.0,0.0,0.0,0.0
G4.2.1,10,100,1.0,0.6908000000000004,0.0,1.0,1.0,1.0,1.0,0.0,1.0,0.0,1.0,0.0,0.0,0.0,0.0,0.0,0.58,0.468857142857143,0.0,0.3567047619047619,0.0,0.0,0.0,0.0,0.0,0.027598913022073904,0.0,0.0,0.0,0.0,0.0,0.0,0.0,0.0,0.0,0.0,0.0,0.0,0.0,0.0,0.17888543819998315,0.007079436258450593,0.0,0.047674567634043256,0.0,0.0,0.0,0.0
G4.2.1,25,10,0.952,0.705036231884058,0.0,1.0,1.0,1.0,1.0,0.0,1.0,0.0,1.0,0.0,0.0,0.0,0.0,0.0,0.44000000000000006,0.48463050375550376,0.0,0.30409246309246313,0.0,0.0,0.0,0.0,0.017888543819998277,0.0061745870388042745,0.0,0.0,0.0,0.0,0.0,0.0,0.0,0.0,0.0,0.0,0.0,0.0,0.0,0.0,0.06324555320336755,0.013381320812863447,0.0,0.04685616162869591,0.0,0.0,0.0,0.0
G4.2.1,25,25,0.944,0.6962476190476191,0.00909090909090909,1.0,0.9916666666666666,0.9916666666666666,1.0,0.0,0.9996212121212121,0.0017358241268772105,0.9996212121212121,0.0017358241268772105,0.0,0.0,0.0,0.0,0.4640000000000001,0.47341558441558435,0.0,0.3187012987012987,0.0,0.0,0.0,0.0,0.0606630035524124,0.03383499040880195,0.020327890704543543,0.0,0.018633899812498238,0.018633899812498238,0.0,0.0,0.0008469954460226221,0.0038814207446816623,0.0008469954460226221,0.0038814207446816623,0.0,0.0,0.0,0.0,0.05366563145999498,0.016234692614260655,0.0,0.03691694077394913,0.0,0.0,0.0,0.0
G4.2.1,25,50,0.984,0.6924800000000004,0.0,1.0,1.0,1.0,1.0,0.0,1.0,0.0,1.0,0.0,0.0,0.0,0.0,0.0,0.6799999999999999,0.4617509716977211,0.0,0.31349758105671416,0.0,0.0,0.0,0.0,0.021908902300206656,0.007932969179317427,0.0,0.0,0.0,0.0,0.0,0.0,0.0,0.0,0.0,0.0,0.0,0.0,0.0,0.0,0.12649110640673514,0.013746756621350435,0.0,0.009243793385750992,0.0,0.0,0.0,0.0
G4.2.1,25,100,1.0,0.6900800000000004,0.0,1.0,1.0,1.0,1.0,0.0,1.0,0.0,1.0,0.0,0.0,0.0,0.0,0.0,0.648,0.46446712400659795,0.0,0.31175348627980204,0.0,0.0,0.0,0.0,0.0,0.009909187655907974,0.0,0.0,0.0,0.0,0.0,0.0,0.0,0.0,0.0,0.0,0.0,0.0,0.0,0.0,0.13682105101189657,0.007699454162836004,0.0,0.014209641323753087,0.0,0.0,0.0,0.0
G4.2.1,50,10,0.968,0.6990894123606889,0.0,1.0,1.0,1.0,1.0,0.0,1.0,0.0,1.0,0.0,0.0,0.0,0.0,0.0,0.348,0.4670926001979739,0.0,0.31659700722394224,0.0,0.0,0.0,0.0,0.017888543819998333,0.013819475730557347,0.0,0.0,0.0,0.0,0.0,0.0,0.0,0.0,0.0,0.0,0.0,0.0,0.0,0.0,0.02280350850198274,0.02965028803389705,0.0,0.019736073998422327,0.0,0.0,0.0,0.0
G4.2.1,50,25,0.9640000000000001,0.6939620784484007,0.0,1.0,1.0,1.0,1.0,0.0,1.0,0.0,1.0,0.0,0.0,0.0,0.0,0.0,0.46799999999999997,0.4831239924541245,0.0,0.3073249299719888,0.0,0.0,0.0,0.0,0.016733200530681537,0.009234366579764458,0.0,0.0,0.0,0.0,0.0,0.0,0.0,0.0,0.0,0.0,0.0,0.0,0.0,0.0,0.07949842765740717,0.007819464645413369,0.0,0.0065577858125347305,0.0,0.0,0.0,0.0
G4.2.1,50,50,0.968,0.6961344622955569,0.0,1.0,1.0,1.0,1.0,0.0,1.0,0.0,1.0,0.0,0.0,0.0,0.0,0.0,0.62,0.46781528017042373,0.0,0.3011844073438394,0.0,0.0,0.0,0.0,0.01788854381999833,0.00864088782915481,0.0,0.0,0.0,0.0,0.0,0.0,0.0,0.0,0.0,0.0,0.0,0.0,0.0,0.0,0.07999999999999996,0.007199720572320676,0.0,0.01225566352626009,0.0,0.0,0.0,0.0
G4.2.1,50,100,0.992,0.6906089795918371,0.0,1.0,1.0,1.0,1.0,0.0,1.0,0.0,1.0,0.0,0.0,0.0,0.0,0.0,0.688,0.4669642433932101,0.0,0.30915826932923707,0.0,0.0,0.0,0.0,0.010954451150103338,0.01003032278943735,0.0,0.0,0.0,0.0,0.0,0.0,0.0,0.0,0.0,0.0,0.0,0.0,0.0,0.0,0.038987177379235856,0.00576255145188355,0.0,0.010754035283060553,0.0,0.0,0.0,0.0
G4.2.1,100,10,0.9400000000000001,0.7098445950993575,0.0,1.0,1.0,1.0,1.0,0.0,1.0,0.0,1.0,0.0,0.0,0.0,0.0,0.0,0.306,0.4916923118951516,0.013333333333333332,0.31545098039215685,0.0,0.0,0.0,0.0,0.02915475947422647,0.010696876419750348,0.0,0.0,0.0,0.0,0.0,0.0,0.0,0.0,0.0,0.0,0.0,0.0,0.0,0.0,0.019493588689617945,0.029142624195119895,0.029814239699997195,0.014880919097013319,0.0,0.0,0.0,0.0
G4.2.1,100,25,0.9559999999999998,0.6970090193678977,0.0,1.0,1.0,1.0,1.0,0.0,1.0,0.0,1.0,0.0,0.0,0.0,0.0,0.0,0.382,0.47551985831985827,0.0,0.3142910602910603,0.0,0.0,0.0,0.0,0.011401754250991405,0.008248891061282395,0.0,0.0,0.0,0.0,0.0,0.0,0.0,0.0,0.0,0.0,0.0,0.0,0.0,0.0,0.016431676725154998,0.010661587532390406,0.0,0.011291495635800418,0.0,0.0,0.0,0.0
G4.2.1,100,50,0.9800000000000001,0.6946671956680207,0.0,1.0,1.0,1.0,1.0,0.0,1.0,0.0,1.0,0.0,0.0,0.0,0.0,0.0,0.602,0.47046598228126835,0.0,0.30284490469208214,0.0,0.0,0.0,0.0,0.014142135623730963,0.005046392605649588,0.0,0.0,0.0,0.0,0.0,0.0,0.0,0.0,0.0,0.0,0.0,0.0,0.0,0.0,0.033466401061363,0.0027651300666999964,0.0,0.006933964129544955,0.0,0.0,0.0,0.0
G4.2.1,100,100,0.9960000000000001,0.6951220202020206,0.0,1.0,1.0,1.0,1.0,0.0,1.0,0.0,1.0,0.0,0.0,0.0,0.0,0.0,0.6719999999999999,0.46875861624959,0.0,0.30499746836122404,0.0,0.0,0.0,0.0,0.0054772255750516665,0.0038087295082872893,0.0,0.0,0.0,0.0,0.0,0.0,0.0,0.0,0.0,0.0,0.0,0.0,0.0,0.0,0.04816637831516919,0.0031565235591386196,0.0,0.005448711442902777,0.0,0.0,0.0,0.0
G4.2.2,10,10,0.96,0.7026666666666667,0.019047619047619046,1.0,0.9777777777777779,0.9777777777777779,1.0,0.0,0.9989417989417989,0.004732418999999556,0.9989417989417989,0.004732418999999556,0.0,0.0,0.0,0.0,0.54,0.48629629629629634,0.0,0.32276190476190475,0.0,0.0,0.0,0.0,0.0547722557505166,0.0452059757876498,0.04259177099999599,0.0,0.04969039949999534,0.04969039949999534,0.0,0.0,0.0023662094999997514,0.010582010582010585,0.0023662094999997514,0.010582010582010585,0.0,0.0,0.0,0.0,0.11401754250991378,0.06088059779542795,0.0,0.0760328727092848,0.0,0.0,0.0,0.0
G4.2.2,10,25,0.96,0.6911111111111111,0.006896551724137931,1.0,0.9800000000000001,0.9800000000000001,1.0,0.0,0.9993103448275862,0.003649312153192538,0.9993103448275862,0.003649312153192538,0.0,0.0,0.0,0.0,0.5,0.45069841269841265,0.0,0.3738857142857143,0.0,0.0,0.0,0.0,0.05477225575051661,0.02462960178221761,0.01542115846551579,0.0,0.04472135954999579,0.04472135954999579,0.0,0.0,0.0015421158465515874,0.008160110045654643,0.0015421158465515874,0.008160110045654643,0.0,0.0,0.0,0.0,0.12247448713915889,0.026340159089337314,0.0,0.024832171364862096,0.0,0.0,0.0,0.0
G4.2.2,10,50,0.9400000000000001,0.6935555555555559,0.01380952380952381,0.9777777777777779,0.9800000000000001,0.9577777777777777,0.9992592592592592,0.003989010968247782,0.9992857142857142,0.0037115374447904497,0.9985449735449736,0.007700548413038232,0.0,0.0,0.0,0.0,0.6,0.47155978835978846,0.0,0.3566095238095238,0.0,0.0,0.0,0.0,0.05477225575051659,0.019673884425681135,0.018928197061287417,0.049690399499995354,0.04472135954999578,0.057948465824023555,0.0016563466499998263,0.008919699687994295,0.0015971914124998953,0.008299250027587319,0.0019929258165766487,0.010555812834812155,0.0,0.0,0.0,0.0,0.09999999999999998,0.012942421041778224,0.0,0.050483988615955905,0.0,0.0,0.0,0.0
G4.2.2,10,100,1.0,0.6836000000000004,0.0,1.0,1.0,1.0,1.0,0.0,1.0,0.0,1.0,0.0,0.0,0.0,0.0,0.0,0.45999999999999996,0.3716497354497356,0.0,0.30074285714285715,0.0,0.0,0.0,0.0,0.0,0.013126309458488387,0.0,0.0,0.0,0.0,0.0,0.0,0.0,0.0,0.0,0.0,0.0,0.0,0.0,0.0,0.2701851217221259,0.20837890498130635,0.0,0.17310992143132403,0.0,0.0,0.0,0.0
G4.2.2,25,10,0.9199999999999999,0.7071258987389422,0.0,1.0,1.0,1.0,1.0,0.0,1.0,0.0,1.0,0.0,0.0,0.0,0.0,0.0,0.45599999999999996,0.4929027777777778,0.013333333333333332,0.32633333333333325,0.0,0.0,0.0,0.0,0.06324555320336757,0.047274142458014735,0.0,0.0,0.0,0.0,0.0,0.0,0.0,0.0,0.0,0.0,0.0,0.0,0.0,0.0,0.13145341380123984,0.02590279639558459,0.02981423969999719,0.04981075296671501,0.0,0.0,0.0,0.0
G4.2.2,25,25,0.9359999999999999,0.7054057971014493,0.0,1.0,1.0,1.0,1.0,0.0,1.0,0.0,1.0,0.0,0.0,0.0,0.0,0.0,0.512,0.47641721611721605,0.0,0.298378021978022,0.0,0.0,0.0,0.0,0.03577708763999662,0.03167585181683021,0.0,0.0,0.0,0.0,0.0,0.0,0.0,0.0,0.0,0.0,0.0,0.0,0.0,0.0,0.07694153624668537,0.02239964262603983,0.0,0.030599488013584485,0.0,0.0,0.0,0.0
G4.2.2,25,50,0.984,0.6920200000000003,0.0,1.0,1.0,1.0,1.0,0.0,1.0,0.0,1.0,0.0,0.0,0.0,0.0,0.0,0.664,0.4752965941437305,0.0,0.3148973905351614,0.0,0.0,0.0,0.0,0.021908902300206666,0.005328310134450571,0.0,0.0,0.0,0.0,0.0,0.0,0.0,0.0,0.0,0.0,0.0,0.0,0.0,0.0,0.12198360545581524,0.010588099951464097,0.0,0.0037851421033675493,0.0,0.0,0.0,0.0
G4.2.2,25,100,0.992,0.6920633333333337,0.0,1.0,1.0,1.0,1.0,0.0,1.0,0.0,1.0,0.0,0.0,0.0,0.0,0.0,0.688,0.47020746035762506,0.0,0.3101495614035088,0.0,0.0,0.0,0.0,0.017888543819998326,0.008660449693225426,0.0,0.0,0.0,0.0,0.0,0.0,0.0,0.0,0.0,0.0,0.0,0.0,0.0,0.0,0.11099549540409284,0.010980522225973913,0.0,0.014797222241000295,0.0,0.0,0.0,0.0
G4.2.2,50,10,0.9279999999999999,0.70536401480111,0.0,1.0,1.0,1.0,1.0,0.0,1.0,0.0,1.0,0.0,0.0,0.0,0.0,0.0,0.364,0.47948484657020707,0.011764705882352941,0.2899105607155143,0.0,0.0,0.0,0.0,0.022803508501982706,0.01762098795972163,0.0,0.0,0.0,0.0,0.0,0.0,0.0,0.0,0.0,0.0,0.0,0.0,0.0,0.0,0.01673320053068152,0.015826295750002828,0.026306682088232818,0.028365299495987328,0.0,0.0,0.0,0.0
G4.2.2,50,25,0.984,0.695781768707483,0.0,1.0,1.0,1.0,1.0,0.0,1.0,0.0,1.0,0.0,0.0,0.0,0.0,0.0,0.40800000000000003,0.4751148426846741,0.0,0.30408838697534357,0.0,0.0,0.0,0.0,0.016733200530681527,0.014748463286986696,0.0,0.0,0.0,0.0,0.0,0.0,0.0,0.0,0.0,0.0,0.0,0.0,0.0,0.0,0.06260990336999411,0.010926071675934559,0.0,0.01648474893966035,0.0,0.0,0.0,0.0
G4.2.2,50,50,0.976,0.7030751888840646,0.0,1.0,1.0,1.0,1.0,0.0,1.0,0.0,1.0,0.0,0.0,0.0,0.0,0.0,0.624,0.4725870020197959,0.0,0.3036945215703836,0.0,0.0,0.0,0.0,0.021908902300206656,0.009517159261075669,0.0,0.0,0.0,0.0,0.0,0.0,0.0,0.0,0.0,0.0,0.0,0.0,0.0,0.0,0.053665631459994985,0.004119067700735908,0.0,0.007095998928071957,0.0,0.0,0.0,0.0
G4.2.2,50,100,0.9960000000000001,0.6936097959183678,0.0,1.0,1.0,1.0,1.0,0.0,1.0,0.0,1.0,0.0,0.0,0.0,0.0,0.0,0.672,0.471632237474621,0.0,0.30858888263439344,0.0,0.0,0.0,0.0,0.00894427190999916,0.00706760865109138,0.0,0.0,0.0,0.0,0.0,0.0,0.0,0.0,0.0,0.0,0.0,0.0,0.0,0.0,0.07293833011524185,0.005214184820534779,0.0,0.006478402615198621,0.0,0.0,0.0,0.0
G4.2.2,100,10,0.96,0.7099560074062824,0.0,1.0,1.0,1.0,1.0,0.0,1.0,0.0,1.0,0.0,0.0,0.0,0.0,0.0,0.304,0.49323422576972276,0.0,0.27487188605849866,0.0,0.0,0.0,0.0,0.031622776601683784,0.012780473485551724,0.0,0.0,0.0,0.0,0.0,0.0,0.0,0.0,0.0,0.0,0.0,0.0,0.0,0.0,0.028809720581775857,0.01704975310347761,0.0,0.01329137067002425,0.0,0.0,0.0,0.0
G4.2.2,100,25,0.968,0.6993217723985958,0.0,1.0,1.0,1.0,1.0,0.0,1.0,0.0,1.0,0.0,0.0,0.0,0.0,0.0,0.418,0.4832673558945581,0.0,0.3013169914100146,0.0,0.0,0.0,0.0,0.013038404810405309,0.011389930566454504,0.0,0.0,0.0,0.0,0.0,0.0,0.0,0.0,0.0,0.0,0.0,0.0,0.0,0.0,0.03271085446759227,0.007520394904340296,0.0,0.018191989129063897,0.0,0.0,0.0,0.0
G4.2.2,100,50,0.978,0.6968202347480702,0.0,1.0,1.0,1.0,1.0,0.0,1.0,0.0,1.0,0.0,0.0,0.0,0.0,0.0,0.604,0.4697003495082095,0.0,0.3059972228951878,0.0,0.0,0.0,0.0,0.01303840481040529,0.004232281447733886,0.0,0.0,0.0,0.0,0.0,0.0,0.0,0.0,0.0,0.0,0.0,0.0,0.0,0.0,0.03361547262794322,0.003958211933649601,0.0,0.010229062799036105,0.0,0.0,0.0,0.0
G4.2.2,100,100,0.998,0.6948696969696975,0.0,1.0,1.0,1.0,1.0,0.0,1.0,0.0,1.0,0.0,0.0,0.0,0.0,0.0,0.6599999999999999,0.4693501772781807,0.0,0.30805553393730056,0.0,0.0,0.0,0.0,0.004472135954999583,0.0029499178989679806,0.0,0.0,0.0,0.0,0.0,0.0,0.0,0.0,0.0,0.0,0.0,0.0,0.0,0.0,0.04183300132670377,0.0032115157128764474,0.0,0.00293859166911198,0.0,0.0,0.0,0.0
G4.2.3,10,10,0.9199999999999999,0.7111666666666666,0.002702702702702703,0.975,1.0,0.975,0.9996621621621621,0.002886487751796463,1.0,0.0,0.9996621621621621,0.002886487751796463,0.0,0.0,0.0,0.0,0.52,0.5,0.0,0.2907142857142857,0.0,0.0,0.0,0.0,0.08366600265340754,0.03672154983415353,0.0060434269662156485,0.055901699437494734,0.0,0.055901699437494734,0.0007554283707769249,0.006454382829237432,0.0,0.0,0.0007554283707769249,0.006454382829237432,0.0,0.0,0.0,0.0,0.1643167672515498,0.04010489521626233,0.0,0.048154725116237626,0.0,0.0,0.0,0.0
G4.2.3,10,25,1.0,0.6831999999999999,0.005462653288740245,0.9800000000000001,0.96,0.9400000000000001,0.9997101449275363,0.0023902061597783535,0.999453734671126,0.0046401970283404355,0.9991638795986623,0.007030403188118787,0.0,0.0,0.0,0.0,0.5599999999999999,0.49511534391534384,0.0,0.36239999999999994,0.0,0.0,0.0,0.0,0.0,0.024232209969377565,0.00750337510388577,0.04472135954999578,0.05477225575051658,0.08944271909999155,0.0006481356456520885,0.005344663453503122,0.0007503375103885054,0.006358684367899568,0.0012796254496375563,0.010615285869937778,0.0,0.0,0.0,0.0,0.16733200530681505,0.04340517434451731,0.0,0.04196048243487917,0.0,0.0,0.0,0.0
G4.2.3,10,50,0.9800000000000001,0.6785333333333338,0.01881207400194742,0.9577777777777777,0.9133333333333333,0.8711111111111112,0.9994110137401278,0.004945859380336731,0.9987429406037002,0.0072399146863933676,0.9981539543438277,0.008789625002314994,0.0,0.0,0.0,0.0,0.62,0.4659259259259261,0.0,0.3758809523809524,0.0,0.0,0.0,0.0,0.04472135954999581,0.01739987228561049,0.028209232651818128,0.057948465824023555,0.14452988925785865,0.19651280861719236,0.0008078516296418373,0.00677251662197981,0.0020614508846609593,0.010726362970108063,0.0027518719869732574,0.012487023234033098,0.0,0.0,0.0,0.0,0.24899799195977465,0.014216657138443044,0.0,0.08733835084511656,0.0,0.0,0.0,0.0
G4.2.3,10,100,1.0,0.6898000000000003,0.002666666666666667,1.0,0.9800000000000001,0.9800000000000001,1.0,0.0,0.9997333333333334,0.0022939534045447,0.9997333333333334,0.0022939534045447,0.0,0.0,0.0,0.0,0.72,0.4672940917107586,0.0,0.34415079365079365,0.0,0.0,0.0,0.0,0.0,0.017079227148791027,0.0059628479399994406,0.0,0.04472135954999579,0.04472135954999579,0.0,0.0,0.0005962847939999144,0.005129435749779024,0.0005962847939999144,0.005129435749779024,0.0,0.0,0.0,0.0,0.13038404810405302,0.005371729421320874,0.0,0.031112548557657264,0.0,0.0,0.0,0.0
G4.2.3,25,10,0.976,0.7144999999999999,0.0,1.0,1.0,1.0,1.0,0.0,1.0,0.0,1.0,0.0,0.0,0.0,0.0,0.0,0.40800000000000003,0.4908035714285714,0.02222222222222222,0.31142135642135643,0.0,0.0,0.0,0.0,0.021908902300206663,0.023559617050273825,0.0,0.0,0.0,0.0,0.0,0.0,0.0,0.0,0.0,0.0,0.0,0.0,0.0,0.0,0.08671793355471519,0.017472981405805,0.049690399499995326,0.022947233751738388,0.0,0.0,0.0,0.0
G4.2.3,25,25,0.96,0.7029489855072464,0.002857142857142857,1.0,0.9913043478260869,0.9913043478260869,1.0,0.0,0.9998757763975155,0.001031878740735164,0.9998757763975155,0.001031878740735164,0.0,0.0,0.0,0.0,0.496,0.4750582264957265,0.0,0.3089059829059829,0.0,0.0,0.0,0.0,0.03999999999999998,0.013132622206381431,0.006388765649999399,0.0,0.01944406936956337,0.01944406936956337,0.0,0.0,0.0002777724195651895,0.0023073510088207076,0.0002777724195651895,0.0023073510088207076,0.0,0.0,0.0,0.0,0.10039920318408911,0.013830683272923026,0.0,0.012810309329975832,0.0,0.0,0.0,0.0
G4.2.3,25,50,0.984,0.691386666666667,0.0,1.0,1.0,1.0,1.0,0.0,1.0,0.0,1.0,0.0,0.0,0.0,0.0,0.0,0.664,0.4599736519607844,0.0,0.3105807656395892,0.0,0.0,0.0,0.0,0.021908902300206656,0.015514752835786851,0.0,0.0,0.0,0.0,0.0,0.0,0.0,0.0,0.0,0.0,0.0,0.0,0.0,0.0,0.06693280212272604,0.013855722898646238,0.0,0.02727929121607043,0.0,0.0,0.0,0.0
G4.2.3,25,100,1.0,0.6928000000000003,0.0,1.0,1.0,1.0,1.0,0.0,1.0,0.0,1.0,0.0,0.0,0.0,0.0,0.0,0.656,0.4684343097562914,0.0,0.307158996189569,0.0,0.0,0.0,0.0,0.0,0.005200000000000013,0.0,0.0,0.0,0.0,0.0,0.0,0.0,0.0,0.0,0.0,0.0,0.0,0.0,0.0,0.08763560920082654,0.00617362873533967,0.0,0.00929195423378552,0.0,0.0,0.0,0.0
G4.2.3,50,10,0.9400000000000001,0.6998049259229383,0.0,1.0,1.0,1.0,1.0,0.0,1.0,0.0,1.0,0.0,0.0,0.0,0.0,0.0,0.356,0.47033648747719636,0.0,0.309140977443609,0.0,0.0,0.0,0.0,0.039999999999999994,0.02978258951329657,0.0,0.0,0.0,0.0,0.0,0.0,0.0,0.0,0.0,0.0,0.0,0.0,0.0,0.0,0.04774934554525329,0.009786018623224866,0.0,0.036180462352931375,0.0,0.0,0.0,0.0
G4.2.3,50,25,0.9640000000000001,0.6984867556495309,0.0,1.0,1.0,1.0,1.0,0.0,1.0,0.0,1.0,0.0,0.0,0.0,0.0,0.0,0.45600000000000007,0.47873058201058194,0.0,0.30574074074074076,0.0,0.0,0.0,0.0,0.03286335345030998,0.006340811643645827,0.0,0.0,0.0,0.0,0.0,0.0,0.0,0.0,0.0,0.0,0.0,0.0,0.0,0.0,0.074027022093287,0.013907275516634206,0.0,0.015148872571648464,0.0,0.0,0.0,0.0
G4.2.3,50,50,0.9879999999999999,0.6937273469387758,0.0,1.0,1.0,1.0,1.0,0.0,1.0,0.0,1.0,0.0,0.0,0.0,0.0,0.0,0.62,0.475897189464552,0.0,0.31275713786529724,0.0,0.0,0.0,0.0,0.010954451150103331,0.006958542312896182,0.0,0.0,0.0,0.0,0.0,0.0,0.0,0.0,0.0,0.0,0.0,0.0,0.0,0.0,0.06164414002968974,0.003328495026683362,0.0,0.011014959745884869,0.0,0.0,0.0,0.0
G4.2.3,50,100,1.0,0.6987600000000004,0.0,1.0,1.0,1.0,1.0,0.0,1.0,0.0,1.0,0.0,0.0,0.0,0.0,0.0,0.652,0.4724971734148207,0.0,0.30193333333333333,0.0,0.0,0.0,0.0,0.0,0.008230917324332647,0.0,0.0,0.0,0.0,0.0,0.0,0.0,0.0,0.0,0.0,0.0,0.0,0.0,0.0,0.030331501776206225,0.007709357941952171,0.0,0.01618256155368905,0.0,0.0,0.0,0.0
G4.2.3,100,10,0.962,0.6942320874160316,0.0,1.0,1.0,1.0,1.0,0.0,1.0,0.0,1.0,0.0,0.0,0.0,0.0,0.0,0.292,0.489252006891157,0.0,0.31712899106002557,0.0,0.0,0.0,0.0,0.021679483388678825,0.01440480245673874,0.0,0.0,0.0,0.0,0.0,0.0,0.0,0.0,0.0,0.0,0.0,0.0,0.0,0.0,0.024899799195977453,0.012347327546278666,0.0,0.022595935720977445,0.0,0.0,0.0,0.0
G4.2.3,100,25,0.958,0.7031079787096607,0.0,1.0,1.0,1.0,1.0,0.0,1.0,0.0,1.0,0.0,0.0,0.0,0.0,0.0,0.37,0.4755844296624784,0.0,0.2874308943089431,0.0,0.0,0.0,0.0,0.019235384061671336,0.006881654069313907,0.0,0.0,0.0,0.0,0.0,0.0,0.0,0.0,0.0,0.0,0.0,0.0,0.0,0.0,0.04301162633521315,0.008727794083990211,0.0,0.01771368849066064,0.0,0.0,0.0,0.0
G4.2.3,100,50,0.99,0.699973204207019,0.0,1.0,1.0,1.0,1.0,0.0,1.0,0.0,1.0,0.0,0.0,0.0,0.0,0.0,0.548,0.4672385412232156,0.0,0.30031673052362706,0.0,0.0,0.0,0.0,0.012247448713915891,0.0031183630307933348,0.0,0.0,0.0,0.0,0.0,0.0,0.0,0.0,0.0,0.0,0.0,0.0,0.0,0.0,0.017888543819998277,0.005162619037892754,0.0,0.0055314681646320635,0.0,0.0,0.0,0.0
G4.2.3,100,100,0.9960000000000001,0.6949230303030307,0.0,1.0,1.0,1.0,1.0,0.0,1.0,0.0,1.0,0.0,0.0,0.0,0.0,0.0,0.656,0.46816337251664264,0.0,0.3042615648244983,0.0,0.0,0.0,0.0,0.0054772255750516665,0.004718097826162041,0.0,0.0,0.0,0.0,0.0,0.0,0.0,0.0,0.0,0.0,0.0,0.0,0.0,0.0,0.048270073544588704,0.00342698988364337,0.0,0.0053869259710737855,0.0,0.0,0.0,0.0
G4.3.1,10,10,0.9,0.7090555555555556,0.025341130604288498,0.96,0.9800000000000001,0.9400000000000001,0.9982066276803119,0.00824298905693893,0.9992592592592592,0.0037770514915502103,0.9974658869395711,0.00970376557417796,0.0,0.0,0.0,0.0,0.48,0.5936666666666667,0.04,0.268,0.0,0.0,0.0,0.0,0.09999999999999998,0.03312877045860236,0.03551825956781403,0.0547722557505166,0.04472135954999579,0.08944271909999156,0.002516810022858455,0.011352682114044903,0.0016563466499998677,0.008445743889623243,0.003551825956781439,0.013357307766698094,0.0,0.0,0.0,0.0,0.04472135954999579,0.025336013503448246,0.0894427190999916,0.026832815729997465,0.0,0.0,0.0,0.0
G4.3.1,10,25,0.96,0.7152888888888889,0.008333333333333333,0.9777777777777779,1.0,0.9777777777777779,0.999074074074074,0.004440584743808076,1.0,0.0,0.999074074074074,0.004440584743808076,0.0,0.0,0.0,0.0,0.38,0.5731259259259258,0.0,0.2928,0.0,0.0,0.0,0.0,0.05477225575051663,0.026213934660221677,0.018633899812498245,0.04969039949999534,0.0,0.04969039949999534,0.0020704333124998233,0.009929449347003344,0.0,0.0,0.0020704333124998233,0.009929449347003344,0.0,0.0,0.0,0.0,0.130384048104053,0.039547453740964064,0.0,0.05922161767462957,0.0,0.0,0.0,0.0
G4.3.1,10,50,0.9800000000000001,0.688177777777778,0.007142857142857143,0.9800000000000001,1.0,0.9800000000000001,0.9992857142857142,0.0037115374447904497,1.0,0.0,0.9992857142857142,0.0037115374447904497,0.0,0.0,0.0,0.0,0.5,0.5672814814814816,0.0,0.31433333333333335,0.0,0.0,0.0,0.0,0.04472135954999578,0.014396844647438208,0.015971914124998498,0.04472135954999578,0.0,0.04472135954999578,0.0015971914124998953,0.008299250027587319,0.0,0.0,0.0015971914124998953,0.008299250027587319,0.0,0.0,0.0,0.0,0.09999999999999998,0.028916245356924178,0.0,0.014220486005134361,0.0,0.0,0.0,0.0
G4.3.1,10,100,0.96,0.6981777777777782,0.013333333333333332,0.9800000000000001,0.9777777777777779,0.9577777777777777,0.9993333333333332,0.0035901098714230016,0.9992592592592592,0.003989010968247782,0.9985925925925926,0.007579120839670783,0.0,0.0,0.0,0.0,0.36,0.5653703703703707,0.0,0.3481666666666667,0.0,0.0,0.0,0.0,0.05477225575051658,0.01673183555344887,0.018257418583505537,0.04472135954999579,0.049690399499995354,0.05794846582402357,0.0014907119849998881,0.00802772971919486,0.0016563466499998263,0.008919699687994295,0.0019316155274674645,0.01040206795943227,0.0,0.0,0.0,0.0,0.05477225575051663,0.02679951796651036,0.0,0.019600170067289348,0.0,0.0,0.0,0.0
G4.3.1,25,10,0.8640000000000001,0.7097033690946734,0.0,1.0,1.0,1.0,1.0,0.0,1.0,0.0,1.0,0.0,0.0,0.0,0.0,0.0,0.384,0.5652032828282828,0.0,0.31246464646464644,0.0,0.0,0.0,0.0,0.04560701700396547,0.019733614279110242,0.0,0.0,0.0,0.0,0.0,0.0,0.0,0.0,0.0,0.0,0.0,0.0,0.0,0.0,0.09208691546577072,0.024024377303871837,0.0,0.05717009313465922,0.0,0.0,0.0,0.0
G4.3.1,25,25,0.8960000000000001,0.7164242424242425,0.0,1.0,1.0,1.0,1.0,0.0,1.0,0.0,1.0,0.0,0.0,0.0,0.0,0.0,0.304,0.5934465608465608,0.0,0.2724836940836941,0.0,0.0,0.0,0.0,0.0357770876399966,0.02426362709144473,0.0,0.0,0.0,0.0,0.0,0.0,0.0,0.0,0.0,0.0,0.0,0.0,0.0,0.0,0.09633275663033836,0.022854034670111704,0.0,0.05020699823138077,0.0,0.0,0.0,0.0
G4.3.1,25,50,0.984,0.7005733333333336,0.0,1.0,1.0,1.0,1.0,0.0,1.0,0.0,1.0,0.0,0.0,0.0,0.0,0.0,0.328,0.5754132936507939,0.0,0.30483809523809524,0.0,0.0,0.0,0.0,0.021908902300206666,0.0071863064226345905,0.0,0.0,0.0,0.0,0.0,0.0,0.0,0.0,0.0,0.0,0.0,0.0,0.0,0.0,0.07155417527999326,0.015550797851898931,0.0,0.028695239675691004,0.0,0.0,0.0,0.0
G4.3.1,25,100,0.992,0.6945333333333338,0.0,1.0,1.0,1.0,1.0,0.0,1.0,0.0,1.0,0.0,0.0,0.0,0.0,0.0,0.496,0.5587899475524478,0.0,0.30414452214452214,0.0,0.0,0.0,0.0,0.017888543819998326,0.003473071007368324,0.0,0.0,0.0,0.0,0.0,0.0,0.0,0.0,0.0,0.0,0.0,0.0,0.0,0.0,0.06693280212272604,0.005924877315489757,0.0,0.008559563075843105,0.0,0.0,0.0,0.0
G4.3.1,50,10,0.8879999999999999,0.7170771345318598,0.0,1.0,1.0,1.0,1.0,0.0,1.0,0.0,1.0,0.0,0.0,0.0,0.0,0.0,0.312,0.584013605442177,0.05444444444444444,0.29944444444444446,0.0,0.0,0.0,0.0,0.03346640106136299,0.016089298294115425,0.0,0.0,0.0,0.0,0.0,0.0,0.0,0.0,0.0,0.0,0.0,0.0,0.0,0.0,0.05019960159204452,0.03137354359102021,0.05698169513314705,0.044374945661590774,0.0,0.0,0.0,0.0
G4.3.1,50,25,0.9480000000000001,0.706892763062672,0.0,1.0,1.0,1.0,1.0,0.0,1.0,0.0,1.0,0.0,0.0,0.0,0.0,0.0,0.288,0.5757461937155816,0.014285714285714285,0.298968253968254,0.0,0.0,0.0,0.0,0.030331501776206186,0.01185670447487967,0.0,0.0,0.0,0.0,0.0,0.0,0.0,0.0,0.0,0.0,0.0,0.0,0.0,0.0,0.05215361924162119,0.013882195756848102,0.031943828249996996,0.022120515553775557,0.0,0.0,0.0,0.0
G4.3.1,50,50,0.9800000000000001,0.6992276190476193,0.0,1.0,1.0,1.0,1.0,0.0,1.0,0.0,1.0,0.0,0.0,0.0,0.0,0.0,0.372,0.5675965811965813,0.0,0.30263247863247866,0.0,0.0,0.0,0.0,0.014142135623730973,0.011571485876513297,0.0,0.0,0.0,0.0,0.0,0.0,0.0,0.0,0.0,0.0,0.0,0.0,0.0,0.0,0.06870225614927067,0.004713949159410031,0.0,0.012383652407808083,0.0,0.0,0.0,0.0
G4.3.1,50,100,0.984,0.6897150000000004,0.0,1.0,1.0,1.0,1.0,0.0,1.0,0.0,1.0,0.0,0.0,0.0,0.0,0.0,0.336,0.5653925048966958,0.0,0.3067029411764706,0.0,0.0,0.0,0.0,0.021908902300206676,0.0046916829484618845,0.0,0.0,0.0,0.0,0.0,0.0,0.0,0.0,0.0,0.0,0.0,0.0,0.0,0.0,0.062289646009589764,0.00999095951844055,0.0,0.006548465178480496,0.0,0.0,0.0,0.0
G4.3.1,100,10,0.874,0.7293418203030828,0.0,1.0,1.0,1.0,1.0,0.0,1.0,0.0,1.0,0.0,0.0,0.0,0.0,0.0,0.264,0.577865021024841,0.03214756258234519,0.2982421334787152,0.0,0.0,0.0,0.0,0.03911521443121592,0.01628073900450169,0.0,0.0,0.0,0.0,0.0,0.0,0.0,0.0,0.0,0.0,0.0,0.0,0.0,0.0,0.04560701700396552,0.006844454014120095,0.056489329213124544,0.03459349424166508,0.0,0.0,0.0,0.0
G4.3.1,100,25,0.944,0.7008599650140087,0.0,1.0,1.0,1.0,1.0,0.0,1.0,0.0,1.0,0.0,0.0,0.0,0.0,0.0,0.318,0.5623549374653738,0.0,0.3135388813589952,0.0,0.0,0.0,0.0,0.03209361307176242,0.0055066320657279925,0.0,0.0,0.0,0.0,0.0,0.0,0.0,0.0,0.0,0.0,0.0,0.0,0.0,0.0,0.03193743884534261,0.011764213639938405,0.0,0.006857689997586525,0.0,0.0,0.0,0.0
G4.3.1,100,50,0.97,0.6998562136194688,0.0,1.0,1.0,1.0,1.0,0.0,1.0,0.0,1.0,0.0,0.0,0.0,0.0,0.0,0.302,0.5650414361444118,0.0,0.3073611876138867,0.0,0.0,0.0,0.0,0.010000000000000031,0.005708726590510691,0.0,0.0,0.0,0.0,0.0,0.0,0.0,0.0,0.0,0.0,0.0,0.0,0.0,0.0,0.03962322551231791,0.008903550468043843,0.0,0.01174580528876939,0.0,0.0,0.0,0.0
G4.3.1,100,100,0.984,0.6967643561907741,0.0,1.0,1.0,1.0,1.0,0.0,1.0,0.0,1.0,0.0,0.0,0.0,0.0,0.0,0.318,0.5646270876264738,0.0,0.310380350877193,0.0,0.0,0.0,0.0,0.01816590212458498,0.0024705423380517967,0.0,0.0,0.0,0.0,0.0,0.0,0.0,0.0,0.0,0.0,0.0,0.0,0.0,0.0,0.05403702434442516,0.006543838776819513,0.0,0.007867716665453496,0.0,0.0,0.0,0.0
G4.3.2,10,10,0.9199999999999999,0.7298888888888888,0.00909090909090909,1.0,0.975,0.975,1.0,0.0,0.9988636363636363,0.005207472380631637,0.9988636363636363,0.005207472380631637,0.0,0.0,0.0,0.0,0.58,0.5987936507936509,0.0,0.27009523809523805,0.0,0.0,0.0,0.0,0.0836660026534075,0.04198838757749604,0.020327890704543543,0.0,0.055901699437494734,0.055901699437494734,0.0,0.0,0.002540986338067978,0.011644262234044998,0.002540986338067978,0.011644262234044998,0.0,0.0,0.0,0.0,0.08366600265340754,0.04699427591898608,0.0,0.03669973771431235,0.0,0.0,0.0,0.0
G4.3.2,10,25,0.96,0.7051555555555555,0.01875,0.9555555555555555,0.9800000000000001,0.9355555555555556,0.9985243055555555,0.005725877633347391,0.999375,0.0034798527267687627,0.9978993055555556,0.009205730360116153,0.0,0.0,0.0,0.0,0.48,0.5800804232804232,0.0,0.3140952380952381,0.0,0.0,0.0,0.0,0.05477225575051658,0.04770754527895157,0.02795084971874737,0.09938079899999067,0.04472135954999578,0.09825640430859618,0.0032997530917965715,0.012803451619010383,0.0013975424859373994,0.007781187248742955,0.0032458778315544714,0.013215983547260834,0.0,0.0,0.0,0.0,0.14832396974191325,0.04254838522158068,0.0,0.0822484483515393,0.0,0.0,0.0,0.0
G4.3.2,10,50,0.96,0.7023555555555558,0.035172113289760346,0.9177777777777777,1.0,0.9177777777777777,0.9962631808278868,0.014741726392116562,1.0,0.0,0.9962631808278868,0.014741726392116562,0.0,0.0,0.0,0.0,0.4,0.5950814814814817,0.0,0.2926666666666667,0.0,0.0,0.0,0.0,0.05477225575051659,0.01883888806972701,0.03551957896217563,0.08447367914999204,0.0,0.08447367914999204,0.0038054430745392935,0.013929077344312755,0.0,0.0,0.0038054430745392935,0.013929077344312755,0.0,0.0,0.0,0.0,0.07071067811865477,0.014841143271584005,0.0,0.021557416872673374,0.0,0.0,0.0,0.0
G4.3.2,10,100,0.9800000000000001,0.6897555555555559,0.03428571428571429,0.9400000000000001,0.9777777777777779,0.9177777777777777,0.9967989417989418,0.007878980217902343,0.9993650793650793,0.0037021916792668585,0.9961640211640213,0.011581171897169201,0.0,0.0,0.0,0.0,0.4,0.5656111111111114,0.0,0.3321666666666666,0.0,0.0,0.0,0.0,0.04472135954999578,0.019220038411595607,0.061941381110510854,0.1341640786499874,0.04969039949999535,0.1309037908890946,0.007157783737499284,0.017617935360605744,0.001419725699999911,0.008278352260574795,0.006940349006531652,0.01749282781631033,0.0,0.0,0.0,0.0,0.14142135623730948,0.011012408825872184,0.0,0.016972199490801306,0.0,0.0,0.0,0.0
G4.3.2,25,10,0.9199999999999999,0.728857048748353,0.0,1.0,1.0,1.0,1.0,0.0,1.0,0.0,1.0,0.0,0.0,0.0,0.0,0.0,0.336,0.5829236111111111,0.0,0.25866666666666666,0.0,0.0,0.0,0.0,0.06324555320336758,0.027263557369823194,0.0,0.0,0.0,0.0,0.0,0.0,0.0,0.0,0.0,0.0,0.0,0.0,0.0,0.0,0.06693280212272604,0.02708961376610814,0.0,0.053380838218305325,0.0,0.0,0.0,0.0
G4.3.2,25,25,0.8960000000000001,0.716316205533597,0.0,1.0,1.0,1.0,1.0,0.0,1.0,0.0,1.0,0.0,0.0,0.0,0.0,0.0,0.32,0.5620972222222222,0.0,0.2884666666666667,0.0,0.0,0.0,0.0,0.021908902300206656,0.024653996134080234,0.0,0.0,0.0,0.0,0.0,0.0,0.0,0.0,0.0,0.0,0.0,0.0,0.0,0.0,0.08000000000000003,0.008902041051160282,0.0,0.010433919046392213,0.0,0.0,0.0,0.0
G4.3.2,25,50,0.976,0.7022133333333336,0.0,1.0,1.0,1.0,1.0,0.0,1.0,0.0,1.0,0.0,0.0,0.0,0.0,0.0,0.328,0.5831669312169314,0.0,0.2973460317460318,0.0,0.0,0.0,0.0,0.021908902300206663,0.010041818117806703,0.0,0.0,0.0,0.0,0.0,0.0,0.0,0.0,0.0,0.0,0.0,0.0,0.0,0.0,0.08671793355471519,0.021587137831363557,0.0,0.019306515661536783,0.0,0.0,0.0,0.0
G4.3.2,25,100,0.992,0.7031833333333337,0.0,1.0,1.0,1.0,1.0,0.0,1.0,0.0,1.0,0.0,0.0,0.0,0.0,0.0,0.384,0.5612172769360273,0.0,0.3048989898989899,0.0,0.0,0.0,0.0,0.017888543819998333,0.010281280184015154,0.0,0.0,0.0,0.0,0.0,0.0,0.0,0.0,0.0,0.0,0.0,0.0,0.0,0.0,0.05366563145999496,0.00969613376986062,0.0,0.004166590143160185,0.0,0.0,0.0,0.0
G4.3.2,50,10,0.876,0.7043338031477566,0.0,1.0,1.0,1.0,1.0,0.0,1.0,0.0,1.0,0.0,0.0,0.0,0.0,0.0,0.272,0.5917643101196522,0.061764705882352944,0.3280424477483301,0.0,0.0,0.0,0.0,0.026076809620810614,0.013519634590681237,0.0,0.0,0.0,0.0,0.0,0.0,0.0,0.0,0.0,0.0,0.0,0.0,0.0,0.0,0.04147288270665545,0.027235797503767388,0.0691159087529983,0.036577250313170565,0.0,0.0,0.0,0.0
G4.3.2,50,25,0.924,0.712311928828929,0.0,1.0,1.0,1.0,1.0,0.0,1.0,0.0,1.0,0.0,0.0,0.0,0.0,0.0,0.312,0.581068673019447,0.0125,0.28916457453794914,0.0,0.0,0.0,0.0,0.05176871642217912,0.013244465338292984,0.0,0.0,0.0,0.0,0.0,0.0,0.0,0.0,0.0,0.0,0.0,0.0,0.0,0.0,0.05932958789676531,0.00820297196899073,0.02795084971874737,0.018559778549285366,0.0,0.0,0.0,0.0
G4.3.2,50,50,0.9480000000000001,0.7009349619588819,0.0,1.0,1.0,1.0,1.0,0.0,1.0,0.0,1.0,0.0,0.0,0.0,0.0,0.0,0.33999999999999997,0.563071051277654,0.0,0.29716918767507006,0.0,0.0,0.0,0.0,0.030331501776206214,0.008545853654181904,0.0,0.0,0.0,0.0,0.0,0.0,0.0,0.0,0.0,0.0,0.0,0.0,0.0,0.0,0.08124038404635958,0.008005442833155687,0.0,0.014069332258809936,0.0,0.0,0.0,0.0
G4.3.2,50,100,0.9960000000000001,0.6949240816326535,0.0,1.0,1.0,1.0,1.0,0.0,1.0,0.0,1.0,0.0,0.0,0.0,0.0,0.0,0.364,0.5603973372206028,0.0,0.3100463492063492,0.0,0.0,0.0,0.0,0.008944271909999166,0.010954182950587914,0.0,0.0,0.0,0.0,0.0,0.0,0.0,0.0,0.0,0.0,0.0,0.0,0.0,0.0,0.09208691546577069,0.0069068892310331365,0.0,0.022037678355982568,0.0,0.0,0.0,0.0
G4.3.2,100,10,0.8880000000000001,0.72561445012433,0.0,1.0,1.0,1.0,1.0,0.0,1.0,0.0,1.0,0.0,0.0,0.0,0.0,0.0,0.254,0.5847869277892739,0.008,0.29811545873481354,0.0,0.0,0.0,0.0,0.014832396974191354,0.009702474983499684,0.0,0.0,0.0,0.0,0.0,0.0,0.0,0.0,0.0,0.0,0.0,0.0,0.0,0.0,0.041593268686170845,0.02152788859632694,0.01788854381999832,0.052324882549600014,0.0,0.0,0.0,0.0
G4.3.2,100,25,0.914,0.7085391127250024,0.0,1.0,1.0,1.0,1.0,0.0,1.0,0.0,1.0,0.0,0.0,0.0,0.0,0.0,0.316,0.5619266998646307,0.0,0.286880188202602,0.0,0.0,0.0,0.0,0.015165750888103105,0.0034216325353056375,0.0,0.0,0.0,0.0,0.0,0.0,0.0,0.0,0.0,0.0,0.0,0.0,0.0,0.0,0.043931765272977596,0.009423596324808915,0.0,0.010182191440650384,0.0,0.0,0.0,0.0
G4.3.2,100,50,0.9480000000000001,0.6985236298054025,0.0,1.0,1.0,1.0,1.0,0.0,1.0,0.0,1.0,0.0,0.0,0.0,0.0,0.0,0.3,0.5672980122071033,0.0,0.30482106182106183,0.0,0.0,0.0,0.0,0.03420526275297415,0.007760187640526939,0.0,0.0,0.0,0.0,0.0,0.0,0.0,0.0,0.0,0.0,0.0,0.0,0.0,0.0,0.04847679857416328,0.0095987909561325,0.0,0.009321083025819002,0.0,0.0,0.0,0.0
G4.3.2,100,100,0.986,0.6955814862542959,0.0,1.0,1.0,1.0,1.0,0.0,1.0,0.0,1.0,0.0,0.0,0.0,0.0,0.0,0.35,0.5610849114370468,0.0,0.3065517738359202,0.0,0.0,0.0,0.0,0.01949358868961794,0.003896700665835612,0.0,0.0,0.0,0.0,0.0,0.0,0.0,0.0,0.0,0.0,0.0,0.0,0.0,0.0,0.05147815070493502,0.004788681470188456,0.0,0.0102724228970065,0.0,0.0,0.0,0.0
G4.3.3,10,10,0.9199999999999999,0.7002222222222222,0.018310524896441742,0.888888888888889,0.9355555555555555,0.8244444444444443,0.9985336618294708,0.011242734845277321,0.999150967304189,0.007346075560413676,0.9976846291336597,0.016686734414507163,0.0,0.0,0.0,0.0,0.48,0.5679894179894179,0.09523809523809523,0.3340952380952381,0.0,0.0,0.0,0.0,0.04472135954999579,0.0367708956299966,0.0065926591694538145,0.1111111111111111,0.05900408021045227,0.10134892667547886,0.0014682043501227631,0.011078569363315593,0.0007778562586383933,0.006723487957625831,0.001236906694639442,0.0065919892620705444,0.0,0.0,0.0,0.0,0.17888543819998315,0.05549757619553169,0.1467717619754518,0.12874133394430723,0.0,0.0,0.0,0.0
G4.3.3,10,25,0.9199999999999999,0.7054,0.011556503198294243,0.9099999999999999,1.0,0.9099999999999999,0.9986504721291501,0.009271066979105173,1.0,0.0,0.9986504721291501,0.00927106697910517,0.0,0.0,0.0,0.0,0.45999999999999996,0.5665777777777777,0.03333333333333333,0.308,0.0,0.0,0.0,0.0,0.1095445115010332,0.03176161204976856,0.011993864010435831,0.10246950765959599,0.0,0.10246950765959599,0.0015656223294559523,0.00946303484986247,0.0,0.0,0.0015656223294559523,0.009463034849862467,0.0,0.0,0.0,0.0,0.11401754250991379,0.010101596391514828,0.07453559924999298,0.049942188800874754,0.0,0.0,0.0,0.0
G4.3.3,10,50,0.96,0.6992000000000003,0.0224390243902439,0.8,0.9800000000000001,0.78,0.9934730158730158,0.029042269261889138,0.9997560975609756,0.0021951219512195115,0.9932291134339915,0.031237391213108652,0.0,0.0,0.0,0.0,0.3,0.5830000000000002,0.0,0.29400000000000004,0.0,0.0,0.0,0.0,0.08944271909999156,0.013682105101189683,0.04367828957696064,0.4472135954999579,0.04472135954999578,0.4381780460041329,0.01459478019599864,0.06494048829043675,0.0005453824335364787,0.004908441901828806,0.014468074598861186,0.06389038671333098,0.0,0.0,0.0,0.0,0.07071067811865477,0.04316690102737596,0.0,0.03744625778662296,0.0,0.0,0.0,0.0
G4.3.3,10,100,0.9800000000000001,0.6984888888888893,0.0052668052668052665,0.9800000000000001,0.9800000000000001,0.96,0.9997435897435898,0.002249990868562082,0.9997297297297297,0.0023091902014371704,0.9994733194733195,0.004559181069999252,0.0,0.0,0.0,0.0,0.45999999999999996,0.5586888888888891,0.0,0.3197333333333333,0.0,0.0,0.0,0.0,0.04472135954999578,0.0174013267551502,0.0072160309012054445,0.04472135954999581,0.04472135954999579,0.05477225575051663,0.0005733507634614639,0.00503113253085861,0.0006043426966215028,0.005163506263389945,0.0007216030901204925,0.006243792862324493,0.0,0.0,0.0,0.0,0.08944271909999156,0.0260061305687812,0.0,0.021855141779961562,0.0,0.0,0.0,0.0
G4.3.3,25,10,0.8960000000000001,0.7316492753623188,0.0,1.0,1.0,1.0,1.0,0.0,1.0,0.0,1.0,0.0,0.0,0.0,0.0,0.0,0.33599999999999997,0.5743468915343916,0.02857142857142857,0.30583333333333335,0.0,0.0,0.0,0.0,0.09208691546577062,0.03473782503457505,0.0,0.0,0.0,0.0,0.0,0.0,0.0,0.0,0.0,0.0,0.0,0.0,0.0,0.0,0.035777087639996624,0.019796088121069647,0.06388765649999399,0.08151014857665055,0.0,0.0,0.0,0.0
G4.3.3,25,25,0.8640000000000001,0.7009252776209299,0.0,1.0,1.0,1.0,1.0,0.0,1.0,0.0,1.0,0.0,0.0,0.0,0.0,0.0,0.272,0.5633579365079365,0.0,0.3342952380952381,0.0,0.0,0.0,0.0,0.03577708763999667,0.014661476871624455,0.0,0.0,0.0,0.0,0.0,0.0,0.0,0.0,0.0,0.0,0.0,0.0,0.0,0.0,0.05215361924162121,0.032714233505759575,0.0,0.03940458782870484,0.0,0.0,0.0,0.0
G4.3.3,25,50,0.976,0.6927200000000002,0.0,1.0,1.0,1.0,1.0,0.0,1.0,0.0,1.0,0.0,0.0,0.0,0.0,0.0,0.36,0.5553564814814818,0.0,0.3309666666666667,0.0,0.0,0.0,0.0,0.021908902300206666,0.012186299228596398,0.0,0.0,0.0,0.0,0.0,0.0,0.0,0.0,0.0,0.0,0.0,0.0,0.0,0.0,0.040000000000000015,0.016419206091716897,0.0,0.024148959029784724,0.0,0.0,0.0,0.0
G4.3.3,25,100,0.984,0.6982700000000003,0.0,1.0,1.0,1.0,1.0,0.0,1.0,0.0,1.0,0.0,0.0,0.0,0.0,0.0,0.312,0.5640487179487182,0.0,0.31214700854700855,0.0,0.0,0.0,0.0,0.021908902300206666,0.011855310577495965,0.0,0.0,0.0,0.0,0.0,0.0,0.0,0.0,0.0,0.0,0.0,0.0,0.0,0.0,0.13084341787036902,0.01199437997418752,0.0,0.024546161420280176,0.0,0.0,0.0,0.0
G4.3.3,50,10,0.8880000000000001,0.7248536528071412,0.0,1.0,1.0,1.0,1.0,0.0,1.0,0.0,1.0,0.0,0.0,0.0,0.0,0.0,0.316,0.6035950169541501,0.010526315789473684,0.30101393188854486,0.0,0.0,0.0,0.0,0.01788854381999833,0.01054015523269382,0.0,0.0,0.0,0.0,0.0,0.0,0.0,0.0,0.0,0.0,0.0,0.0,0.0,0.0,0.051768716422179145,0.038379624509087905,0.023537557657892522,0.02435930178577966,0.0,0.0,0.0,0.0
G4.3.3,50,25,0.924,0.7033272207433698,0.0,1.0,1.0,1.0,1.0,0.0,1.0,0.0,1.0,0.0,0.0,0.0,0.0,0.0,0.316,0.5776089183998959,0.0,0.3073186602870813,0.0,0.0,0.0,0.0,0.03286335345030994,0.0109780035124959,0.0,0.0,0.0,0.0,0.0,0.0,0.0,0.0,0.0,0.0,0.0,0.0,0.0,0.0,0.12601587201618694,0.019245055168235915,0.0,0.006934127259661324,0.0,0.0,0.0,0.0
G4.3.3,50,50,0.96,0.6968140067460845,0.0,1.0,1.0,1.0,1.0,0.0,1.0,0.0,1.0,0.0,0.0,0.0,0.0,0.0,0.328,0.564617193493939,0.0,0.3237600250626567,0.0,0.0,0.0,0.0,0.03162277660168377,0.010570581789179901,0.0,0.0,0.0,0.0,0.0,0.0,0.0,0.0,0.0,0.0,0.0,0.0,0.0,0.0,0.11099549540409287,0.0086375106266903,0.0,0.02231414936491273,0.0,0.0,0.0,0.0
G4.3.3,50,100,0.9879999999999999,0.6982693877551025,0.0,1.0,1.0,1.0,1.0,0.0,1.0,0.0,1.0,0.0,0.0,0.0,0.0,0.0,0.368,0.5629224411961584,0.0,0.30870457665903894,0.0,0.0,0.0,0.0,0.01788854381999833,0.0024404733224283695,0.0,0.0,0.0,0.0,0.0,0.0,0.0,0.0,0.0,0.0,0.0,0.0,0.0,0.0,0.06870225614927068,0.008921336156200735,0.0,0.013084260772555272,0.0,0.0,0.0,0.0
G4.3.3,100,10,0.8800000000000001,0.7408931665744114,0.0,1.0,1.0,1.0,1.0,0.0,1.0,0.0,1.0,0.0,0.0,0.0,0.0,0.0,0.262,0.5967112939348234,0.03,0.2826606334841629,0.0,0.0,0.0,0.0,0.04847679857416333,0.008942656469773793,0.0,0.0,0.0,0.0,0.0,0.0,0.0,0.0,0.0,0.0,0.0,0.0,0.0,0.0,0.050199601592044556,0.017298979666820962,0.0670820393249937,0.02780200377259193,0.0,0.0,0.0,0.0
G4.3.3,100,25,0.932,0.7077397471477027,0.0,1.0,1.0,1.0,1.0,0.0,1.0,0.0,1.0,0.0,0.0,0.0,0.0,0.0,0.33399999999999996,0.5727061355728023,0.0,0.30875332475332473,0.0,0.0,0.0,0.0,0.008366600265340692,0.010660702022922519,0.0,0.0,0.0,0.0,0.0,0.0,0.0,0.0,0.0,0.0,0.0,0.0,0.0,0.0,0.053197744313081545,0.004424952540365561,0.0,0.018541262952150795,0.0,0.0,0.0,0.0
G4.3.3,100,50,0.954,0.6963870159685882,0.0,1.0,1.0,1.0,1.0,0.0,1.0,0.0,1.0,0.0,0.0,0.0,0.0,0.0,0.33199999999999996,0.560074261960479,0.0,0.3174447591118559,0.0,0.0,0.0,0.0,0.015165750888103078,0.006457355732891317,0.0,0.0,0.0,0.0,0.0,0.0,0.0,0.0,0.0,0.0,0.0,0.0,0.0,0.0,0.06180614856144977,0.00589653673805785,0.0,0.010680257288326311,0.0,0.0,0.0,0.0
G4.3.3,100,100,0.99,0.6938692908466109,0.0,1.0,1.0,1.0,1.0,0.0,1.0,0.0,1.0,0.0,0.0,0.0,0.0,0.0,0.32199999999999995,0.5595570656721763,0.0,0.31005460943508484,0.0,0.0,0.0,0.0,0.012247448713915926,0.002615308376101809,0.0,0.0,0.0,0.0,0.0,0.0,0.0,0.0,0.0,0.0,0.0,0.0,0.0,0.0,0.04816637831516918,0.004640714844436456,0.0,0.008628905673624286,0.0,0.0,0.0,0.0
