setting_name,n_services,n_trust_attributes,execution_id,negotiation_success_rate,trust_value,relevant_change_rate,global_application_stability,global_service_stability,global_action_stability,avg_application_stability,std_application_stability,avg_service_stability,std_service_stability,avg_action_stability,std_action_stability,sota1_success_rate,sota1_trust_value,sota1_unsupported_service_rate,sota1_requirement_violation_rate,sota2_success_rate,sota2_trust_value,sota2_unsupported_service_rate,sota2_requirement_violation_rate,sota3_success_rate,sota3_trust_value,sota3_unsupported_service_rate,sota3_requirement_violation_rate
G1.1.1,10,10,0,1.0,0.5700000000000001,0.037037037037037035,1.0,0.9,0.9,1.0,0.0,0.9962962962962962,0.01888525745775105,0.9962962962962962,0.01888525745775105,0.0,0.0,0.0,0.0,0.6,0.575925925925926,0.0,0.4333333333333333,0.0,0.0,0.0,0.0
G1.1.1,10,10,1,0.8,0.6125,0.0,1.0,1.0,1.0,1.0,0.0,1.0,0.0,1.0,0.0,0.0,0.0,0.0,0.0,0.5,0.64,0.0,0.38000000000000006,0.0,0.0,0.0,0.0
G1.1.1,10,10,2,0.9,0.5444444444444445,0.0,1.0,1.0,1.0,1.0,0.0,1.0,0.0,1.0,0.0,0.0,0.0,0.0,0.0,0.8,0.5694444444444444,0.125,0.5125,0.0,0.0,0.0,0.0
G1.1.1,10,10,3,0.8,0.525,0.0,1.0,1.0,1.0,1.0,0.0,1.0,0.0,1.0,0.0,0.0,0.0,0.0,0.0,0.6,0.5314814814814814,0.0,0.5,0.0,0.0,0.0,0.0
G1.1.1,10,10,4,0.9,0.5333333333333333,0.0,1.0,1.0,1.0,1.0,0.0,1.0,0.0,1.0,0.0,0.0,0.0,0.0,0.0,0.6,0.6444444444444444,0.0,0.3666666666666667,0.0,0.0,0.0,0.0
G1.1.1,10,25,0,0.5,0.68,0.04,1.0,0.8,0.8,1.0,0.0,0.992,0.039191835884530846,0.992,0.039191835884530846,0.0,0.0,0.0,0.0,0.5,0.6062222222222222,0.0,0.304,0.0,0.0,0.0,0.0
G1.1.1,10,25,1,0.7,0.6742857142857144,0.0,1.0,1.0,1.0,1.0,0.0,1.0,0.0,1.0,0.0,0.0,0.0,0.0,0.0,0.4,0.6222222222222222,0.25,0.32999999999999996,0.0,0.0,0.0,0.0
G1.1.1,10,25,2,0.6,0.5333333333333333,0.1111111111111111,0.8333333333333334,0.8333333333333334,0.6666666666666667,0.9938271604938272,0.03147542909625174,0.9938271604938272,0.03147542909625174,0.9876543209876544,0.04364856673991033,0.0,0.0,0.0,0.0,0.5,0.5662222222222222,0.0,0.48,0.0,0.0,0.0,0.0
G1.1.1,10,25,3,0.7,0.5942857142857143,0.06060606060606061,0.5714285714285714,1.0,0.5714285714285714,0.9852813852813852,0.05889991810110804,1.0,0.0,0.9852813852813852,0.05889991810110804,0.0,0.0,0.0,0.0,0.3,0.554074074074074,0.0,0.44,0.0,0.0,0.0,0.0
G1.1.1,10,25,4,0.6,0.6266666666666668,0.12,0.8333333333333334,0.6666666666666667,0.5,0.9933333333333334,0.03265986323710904,0.9853333333333333,0.04995998398718718,0.9786666666666668,0.05802681372530383,0.0,0.0,0.0,0.0,0.4,0.5955555555555555,0.0,0.4,0.0,0.0,0.0,0.0
G1.1.1,10,50,0,0.9,0.6155555555555557,0.1,0.8888888888888888,0.8888888888888888,0.7777777777777778,0.9962962962962963,0.01994505484123891,0.9962962962962963,0.01994505484123891,0.9925925925925926,0.027715980642769946,0.0,0.0,0.0,0.0,0.5,0.5724444444444446,0.0,0.396,0.0,0.0,0.0,0.0
G1.1.1,10,50,1,0.7,0.5600000000000002,0.04,1.0,0.8571428571428572,0.8571428571428572,1.0,0.0,0.9942857142857143,0.02799416848895059,0.9942857142857143,0.02799416848895059,0.0,0.0,0.0,0.0,0.6,0.574814814814815,0.0,0.4566666666666667,0.0,0.0,0.0,0.0
G1.1.1,10,50,2,0.6,0.5900000000000002,0.0,1.0,1.0,1.0,1.0,0.0,1.0,0.0,1.0,0.0,0.0,0.0,0.0,0.0,0.4,0.5905555555555557,0.25,0.355,0.0,0.0,0.0,0.0
G1.1.1,10,50,3,0.8,0.6000000000000002,0.11538461538461539,0.875,0.75,0.625,0.9951923076923077,0.024038461538461536,0.9896978021978022,0.03577367209644344,0.9848901098901099,0.05441017120972077,0.0,0.0,0.0,0.0,0.7,0.5847619047619049,0.0,0.3999999999999999,0.0,0.0,0.0,0.0
G1.1.1,10,50,4,0.8,0.6000000000000002,0.0,1.0,1.0,1.0,1.0,0.0,1.0,0.0,1.0,0.0,0.0,0.0,0.0,0.0,0.5,0.5871111111111113,0.0,0.4,0.0,0.0,0.0,0.0
G1.1.1,10,100,0,0.6,0.5683333333333337,0.08333333333333333,0.8333333333333334,0.8333333333333334,0.6666666666666667,0.9930555555555557,0.03330438557856054,0.9916666666666667,0.03996526269427265,0.9847222222222222,0.05089856167169081,0.0,0.0,0.0,0.0,0.5,0.5815555555555558,0.0,0.43200000000000005,0.0,0.0,0.0,0.0
G1.1.1,10,100,1,0.9,0.5977777777777781,0.0,1.0,1.0,1.0,1.0,0.0,1.0,0.0,1.0,0.0,0.0,0.0,0.0,0.0,0.6,0.5694444444444448,0.0,0.41,0.0,0.0,0.0,0.0
G1.1.1,10,100,2,0.8,0.5800000000000003,0.07692307692307693,0.875,0.875,0.75,0.9951923076923077,0.024038461538461536,0.9951923076923077,0.024038461538461536,0.9903846153846154,0.03330866937632456,0.0,0.0,0.0,0.0,0.7,0.5919047619047622,0.0,0.4242857142857143,0.0,0.0,0.0,0.0
G1.1.1,10,100,3,0.7,0.6128571428571431,0.0,1.0,1.0,1.0,1.0,0.0,1.0,0.0,1.0,0.0,0.0,0.0,0.0,0.0,0.6,0.5848148148148151,0.16666666666666666,0.3983333333333334,0.0,0.0,0.0,0.0
G1.1.1,10,100,4,0.8,0.6187500000000004,0.0,1.0,1.0,1.0,1.0,0.0,1.0,0.0,1.0,0.0,0.0,0.0,0.0,0.0,0.7,0.608730158730159,0.0,0.37857142857142856,0.0,0.0,0.0,0.0
G1.1.1,25,10,0,0.8,0.6599999999999999,0.0,1.0,1.0,1.0,1.0,0.0,1.0,0.0,1.0,0.0,0.0,0.0,0.0,0.0,0.52,0.6451923076923076,0.0,0.37692307692307686,0.0,0.0,0.0,0.0
G1.1.1,25,10,1,0.68,0.6176470588235294,0.0,1.0,1.0,1.0,1.0,0.0,1.0,0.0,1.0,0.0,0.0,0.0,0.0,0.0,0.44,0.662121212121212,0.0,0.4090909090909091,0.0,0.0,0.0,0.0
G1.1.1,25,10,2,0.76,0.6263157894736843,0.0,1.0,1.0,1.0,1.0,0.0,1.0,0.0,1.0,0.0,0.0,0.0,0.0,0.0,0.32,0.6453125,0.0,0.41250000000000003,0.0,0.0,0.0,0.0
G1.1.1,25,10,3,0.88,0.6454545454545454,0.0,1.0,1.0,1.0,1.0,0.0,1.0,0.0,1.0,0.0,0.0,0.0,0.0,0.0,0.6,0.6408333333333334,0.0,0.33999999999999997,0.0,0.0,0.0,0.0
G1.1.1,25,10,4,0.76,0.6263157894736842,0.0,1.0,1.0,1.0,1.0,0.0,1.0,0.0,1.0,0.0,0.0,0.0,0.0,0.0,0.56,0.6145833333333333,0.14285714285714285,0.4071428571428572,0.0,0.0,0.0,0.0
G1.1.1,25,25,0,0.68,0.5929411764705883,0.0,1.0,1.0,1.0,1.0,0.0,1.0,0.0,1.0,0.0,0.0,0.0,0.0,0.0,0.52,0.5955128205128204,0.07692307692307693,0.44923076923076927,0.0,0.0,0.0,0.0
G1.1.1,25,25,1,0.84,0.6190476190476192,0.0,1.0,1.0,1.0,1.0,0.0,1.0,0.0,1.0,0.0,0.0,0.0,0.0,0.0,0.48,0.5880555555555554,0.0,0.41333333333333333,0.0,0.0,0.0,0.0
G1.1.1,25,25,2,0.64,0.6425000000000001,0.0,1.0,1.0,1.0,1.0,0.0,1.0,0.0,1.0,0.0,0.0,0.0,0.0,0.0,0.4,0.5641666666666667,0.0,0.36,0.0,0.0,0.0,0.0
G1.1.1,25,25,3,0.84,0.6114285714285714,0.0,1.0,1.0,1.0,1.0,0.0,1.0,0.0,1.0,0.0,0.0,0.0,0.0,0.0,0.72,0.586574074074074,0.0,0.3866666666666667,0.0,0.0,0.0,0.0
G1.1.1,25,25,4,0.72,0.6311111111111112,0.0,1.0,1.0,1.0,1.0,0.0,1.0,0.0,1.0,0.0,0.0,0.0,0.0,0.0,0.48,0.5863888888888888,0.0,0.3866666666666667,0.0,0.0,0.0,0.0
G1.1.1,25,50,0,0.8,0.6210000000000003,0.0,1.0,1.0,1.0,1.0,0.0,1.0,0.0,1.0,0.0,0.0,0.0,0.0,0.0,0.48,0.6064583333333337,0.0,0.39166666666666666,0.0,0.0,0.0,0.0
G1.1.1,25,50,1,0.92,0.5747826086956525,0.0,1.0,1.0,1.0,1.0,0.0,1.0,0.0,1.0,0.0,0.0,0.0,0.0,0.0,0.6,0.5890555555555558,0.0,0.45199999999999996,0.0,0.0,0.0,0.0
G1.1.1,25,50,2,0.68,0.6082352941176472,0.03571428571428571,0.9411764705882353,1.0,0.9411764705882353,0.9978991596638656,0.010916286602324859,1.0,0.0,0.9978991596638656,0.010916286602324859,0.0,0.0,0.0,0.0,0.44,0.5875000000000002,0.09090909090909091,0.42727272727272736,0.0,0.0,0.0,0.0
G1.1.1,25,50,3,0.6,0.6573333333333337,0.03571428571428571,0.9333333333333333,1.0,0.9333333333333333,0.9976190476190476,0.012371791482634835,1.0,0.0,0.9976190476190476,0.012371791482634835,0.0,0.0,0.0,0.0,0.4,0.6090833333333336,0.2,0.362,0.0,0.0,0.0,0.0
G1.1.1,25,50,4,0.68,0.575294117647059,0.0,1.0,1.0,1.0,1.0,0.0,1.0,0.0,1.0,0.0,0.0,0.0,0.0,0.0,0.52,0.5666025641025644,0.0,0.44307692307692303,0.0,0.0,0.0,0.0
G1.1.1,25,100,0,0.76,0.5968421052631582,0.0,1.0,1.0,1.0,1.0,0.0,1.0,0.0,1.0,0.0,0.0,0.0,0.0,0.0,0.56,0.5843750000000003,0.0,0.4150000000000001,0.0,0.0,0.0,0.0
G1.1.1,25,100,1,0.76,0.6010526315789476,0.0,1.0,1.0,1.0,1.0,0.0,1.0,0.0,1.0,0.0,0.0,0.0,0.0,0.0,0.4,0.5918333333333335,0.1,0.4109999999999999,0.0,0.0,0.0,0.0
G1.1.1,25,100,2,0.8,0.5980000000000002,0.0,1.0,1.0,1.0,1.0,0.0,1.0,0.0,1.0,0.0,0.0,0.0,0.0,0.0,0.6,0.5849444444444447,0.0,0.414,0.0,0.0,0.0,0.0
G1.1.1,25,100,3,0.68,0.5858823529411767,0.0,1.0,1.0,1.0,1.0,0.0,1.0,0.0,1.0,0.0,0.0,0.0,0.0,0.0,0.4,0.5955000000000003,0.0,0.438,0.0,0.0,0.0,0.0
G1.1.1,25,100,4,0.64,0.5931250000000003,0.0,1.0,1.0,1.0,1.0,0.0,1.0,0.0,1.0,0.0,0.0,0.0,0.0,0.0,0.44,0.5830303030303033,0.0,0.4209090909090909,0.0,0.0,0.0,0.0
G1.1.1,50,10,0,0.78,0.6179487179487179,0.0,1.0,1.0,1.0,1.0,0.0,1.0,0.0,1.0,0.0,0.0,0.0,0.0,0.0,0.46,0.5866903283052352,0.08695652173913043,0.41304347826086957,0.0,0.0,0.0,0.0
G1.1.1,50,10,1,0.7,0.6485714285714286,0.0,1.0,1.0,1.0,1.0,0.0,1.0,0.0,1.0,0.0,0.0,0.0,0.0,0.0,0.38,0.6199785177228785,0.0,0.35789473684210527,0.0,0.0,0.0,0.0
G1.1.1,50,10,2,0.7,0.5971428571428572,0.0,1.0,1.0,1.0,1.0,0.0,1.0,0.0,1.0,0.0,0.0,0.0,0.0,0.0,0.44,0.5970315398886826,0.045454545454545456,0.4318181818181819,0.0,0.0,0.0,0.0
G1.1.1,50,10,3,0.72,0.636111111111111,0.0,1.0,1.0,1.0,1.0,0.0,1.0,0.0,1.0,0.0,0.0,0.0,0.0,0.0,0.44,0.5890538033395175,0.045454545454545456,0.43636363636363634,0.0,0.0,0.0,0.0
G1.1.1,50,10,4,0.7,0.6542857142857144,0.0,1.0,1.0,1.0,1.0,0.0,1.0,0.0,1.0,0.0,0.0,0.0,0.0,0.0,0.38,0.6234156820622986,0.05263157894736842,0.38947368421052636,0.0,0.0,0.0,0.0
G1.1.1,50,25,0,0.72,0.6244444444444445,0.0,1.0,1.0,1.0,1.0,0.0,1.0,0.0,1.0,0.0,0.0,0.0,0.0,0.0,0.38,0.5939849624060151,0.0,0.3957894736842106,0.0,0.0,0.0,0.0
G1.1.1,50,25,1,0.84,0.620952380952381,0.0,1.0,1.0,1.0,1.0,0.0,1.0,0.0,1.0,0.0,0.0,0.0,0.0,0.0,0.58,0.5885432793807178,0.0,0.3862068965517242,0.0,0.0,0.0,0.0
G1.1.1,50,25,2,0.82,0.593170731707317,0.0,1.0,1.0,1.0,1.0,0.0,1.0,0.0,1.0,0.0,0.0,0.0,0.0,0.0,0.6,0.5927619047619047,0.0,0.4186666666666666,0.0,0.0,0.0,0.0
G1.1.1,50,25,3,0.78,0.6153846153846154,0.0,1.0,1.0,1.0,1.0,0.0,1.0,0.0,1.0,0.0,0.0,0.0,0.0,0.0,0.48,0.5828571428571429,0.0,0.4066666666666667,0.0,0.0,0.0,0.0
G1.1.1,50,25,4,0.78,0.6184615384615385,0.0,1.0,1.0,1.0,1.0,0.0,1.0,0.0,1.0,0.0,0.0,0.0,0.0,0.0,0.44,0.5911688311688312,0.0,0.39272727272727276,0.0,0.0,0.0,0.0
G1.1.1,50,50,0,0.82,0.6019512195121953,0.0,1.0,1.0,1.0,1.0,0.0,1.0,0.0,1.0,0.0,0.0,0.0,0.0,0.0,0.68,0.595654261704682,0.0,0.4082352941176471,0.0,0.0,0.0,0.0
G1.1.1,50,50,1,0.64,0.5887500000000001,0.0,1.0,1.0,1.0,1.0,0.0,1.0,0.0,1.0,0.0,0.0,0.0,0.0,0.0,0.46,0.5745874001774625,0.0,0.433913043478261,0.0,0.0,0.0,0.0
G1.1.1,50,50,2,0.72,0.6011111111111113,0.0,1.0,1.0,1.0,1.0,0.0,1.0,0.0,1.0,0.0,0.0,0.0,0.0,0.0,0.5,0.5860408163265308,0.0,0.42160000000000003,0.0,0.0,0.0,0.0
G1.1.1,50,50,3,0.7,0.6257142857142859,0.0,1.0,1.0,1.0,1.0,0.0,1.0,0.0,1.0,0.0,0.0,0.0,0.0,0.0,0.46,0.580692102928128,0.0,0.4069565217391305,0.0,0.0,0.0,0.0
G1.1.1,50,50,4,0.72,0.6255555555555559,0.0,1.0,1.0,1.0,1.0,0.0,1.0,0.0,1.0,0.0,0.0,0.0,0.0,0.0,0.38,0.593856068743287,0.0,0.396842105263158,0.0,0.0,0.0,0.0
G1.1.1,50,100,0,0.62,0.5919354838709682,0.0,1.0,1.0,1.0,1.0,0.0,1.0,0.0,1.0,0.0,0.0,0.0,0.0,0.0,0.38,0.5889795918367351,0.0,0.42947368421052634,0.0,0.0,0.0,0.0
G1.1.1,50,100,1,0.62,0.5806451612903228,0.0,1.0,1.0,1.0,1.0,0.0,1.0,0.0,1.0,0.0,0.0,0.0,0.0,0.0,0.52,0.5829591836734697,0.0,0.4292307692307693,0.0,0.0,0.0,0.0
G1.1.1,50,100,2,0.84,0.5980952380952385,0.0,1.0,1.0,1.0,1.0,0.0,1.0,0.0,1.0,0.0,0.0,0.0,0.0,0.0,0.64,0.5791900510204084,0.0,0.4121875,0.0,0.0,0.0,0.0
G1.1.1,50,100,3,0.66,0.6015151515151518,0.0,1.0,1.0,1.0,1.0,0.0,1.0,0.0,1.0,0.0,0.0,0.0,0.0,0.0,0.44,0.5739239332096477,0.0,0.4145454545454546,0.0,0.0,0.0,0.0
G1.1.1,50,100,4,0.72,0.6055555555555558,0.0,1.0,1.0,1.0,1.0,0.0,1.0,0.0,1.0,0.0,0.0,0.0,0.0,0.0,0.5,0.5839510204081635,0.0,0.4104,0.0,0.0,0.0,0.0
G1.1.1,100,10,0,0.71,0.6380281690140843,0.0,1.0,1.0,1.0,1.0,0.0,1.0,0.0,1.0,0.0,0.0,0.0,0.0,0.0,0.37,0.5986895986895986,0.08108108108108109,0.427027027027027,0.0,0.0,0.0,0.0
G1.1.1,100,10,1,0.87,0.6160919540229884,0.0,1.0,1.0,1.0,1.0,0.0,1.0,0.0,1.0,0.0,0.0,0.0,0.0,0.0,0.4,0.604520202020202,0.025,0.4574999999999999,0.0,0.0,0.0,0.0
G1.1.1,100,10,2,0.75,0.6293333333333333,0.0,1.0,1.0,1.0,1.0,0.0,1.0,0.0,1.0,0.0,0.0,0.0,0.0,0.0,0.42,0.6095238095238096,0.0,0.3904761904761904,0.0,0.0,0.0,0.0
G1.1.1,100,10,3,0.79,0.6341772151898736,0.0,1.0,1.0,1.0,1.0,0.0,1.0,0.0,1.0,0.0,0.0,0.0,0.0,0.0,0.4,0.620631313131313,0.025,0.39999999999999997,0.0,0.0,0.0,0.0
G1.1.1,100,10,4,0.75,0.6306666666666668,0.0,1.0,1.0,1.0,1.0,0.0,1.0,0.0,1.0,0.0,0.0,0.0,0.0,0.0,0.33,0.5722069176614631,0.06060606060606061,0.4393939393939394,0.0,0.0,0.0,0.0
G1.1.1,100,25,0,0.75,0.6005333333333334,0.0,1.0,1.0,1.0,1.0,0.0,1.0,0.0,1.0,0.0,0.0,0.0,0.0,0.0,0.44,0.5801010101010099,0.0,0.4345454545454545,0.0,0.0,0.0,0.0
G1.1.1,100,25,1,0.77,0.5948051948051948,0.0,1.0,1.0,1.0,1.0,0.0,1.0,0.0,1.0,0.0,0.0,0.0,0.0,0.0,0.44,0.5871625344352617,0.022727272727272728,0.4445454545454545,0.0,0.0,0.0,0.0
G1.1.1,100,25,2,0.7,0.6131428571428572,0.0,1.0,1.0,1.0,1.0,0.0,1.0,0.0,1.0,0.0,0.0,0.0,0.0,0.0,0.46,0.5906982872200262,0.0,0.4069565217391304,0.0,0.0,0.0,0.0
G1.1.1,100,25,3,0.71,0.6343661971830986,0.0,1.0,1.0,1.0,1.0,0.0,1.0,0.0,1.0,0.0,0.0,0.0,0.0,0.0,0.46,0.5836978480456739,0.021739130434782608,0.39826086956521733,0.0,0.0,0.0,0.0
G1.1.1,100,25,4,0.77,0.6031168831168829,0.0,1.0,1.0,1.0,1.0,0.0,1.0,0.0,1.0,0.0,0.0,0.0,0.0,0.0,0.5,0.5887353535353534,0.0,0.42080000000000006,0.0,0.0,0.0,0.0
G1.1.1,100,50,0,0.78,0.6102564102564105,0.0,1.0,1.0,1.0,1.0,0.0,1.0,0.0,1.0,0.0,0.0,0.0,0.0,0.0,0.5,0.5897818181818184,0.0,0.4108,0.0,0.0,0.0,0.0
G1.1.1,100,50,1,0.75,0.5952000000000003,0.0,1.0,1.0,1.0,1.0,0.0,1.0,0.0,1.0,0.0,0.0,0.0,0.0,0.0,0.49,0.5853803339517627,0.0,0.42857142857142855,0.0,0.0,0.0,0.0
G1.1.1,100,50,2,0.72,0.6180555555555558,0.0,1.0,1.0,1.0,1.0,0.0,1.0,0.0,1.0,0.0,0.0,0.0,0.0,0.0,0.5,0.5937979797979801,0.0,0.39440000000000003,0.0,0.0,0.0,0.0
G1.1.1,100,50,3,0.71,0.6019718309859157,0.0,1.0,1.0,1.0,1.0,0.0,1.0,0.0,1.0,0.0,0.0,0.0,0.0,0.0,0.43,0.5917453605825702,0.0,0.41674418604651164,0.0,0.0,0.0,0.0
G1.1.1,100,50,4,0.71,0.6177464788732396,0.0,1.0,1.0,1.0,1.0,0.0,1.0,0.0,1.0,0.0,0.0,0.0,0.0,0.0,0.43,0.5939581865163263,0.0,0.3962790697674419,0.0,0.0,0.0,0.0
G1.1.1,100,100,0,0.71,0.5904225352112679,0.0,1.0,1.0,1.0,1.0,0.0,1.0,0.0,1.0,0.0,0.0,0.0,0.0,0.0,0.5,0.5776646464646468,0.0,0.4244,0.0,0.0,0.0,0.0
G1.1.1,100,100,1,0.7,0.594571428571429,0.0,1.0,1.0,1.0,1.0,0.0,1.0,0.0,1.0,0.0,0.0,0.0,0.0,0.0,0.5,0.586416161616162,0.0,0.41900000000000015,0.0,0.0,0.0,0.0
G1.1.1,100,100,2,0.63,0.5823809523809527,0.0,1.0,1.0,1.0,1.0,0.0,1.0,0.0,1.0,0.0,0.0,0.0,0.0,0.0,0.47,0.5810101010101013,0.0,0.43340425531914895,0.0,0.0,0.0,0.0
G1.1.1,100,100,3,0.64,0.5953125000000004,0.0,1.0,1.0,1.0,1.0,0.0,1.0,0.0,1.0,0.0,0.0,0.0,0.0,0.0,0.42,0.5855844155844159,0.0,0.42428571428571427,0.0,0.0,0.0,0.0
G1.1.1,100,100,4,0.69,0.6039130434782612,0.0,1.0,1.0,1.0,1.0,0.0,1.0,0.0,1.0,0.0,0.0,0.0,0.0,0.0,0.52,0.5884285159285161,0.0,0.4042307692307693,0.0,0.0,0.0,0.0
G1.1.2,10,10,0,0.9,0.6444444444444444,0.07407407407407407,0.5555555555555556,0.8888888888888888,0.4444444444444444,0.9819958847736626,0.0730851047688769,0.9958847736625515,0.02098361939750118,0.977880658436214,0.08092006886692801,0.0,0.0,0.0,0.0,0.7,0.6063492063492063,0.14285714285714285,0.34285714285714286,0.0,0.0,0.0,0.0
G1.1.2,10,10,1,0.9,0.5777777777777777,0.03225806451612903,1.0,0.8888888888888888,0.8888888888888888,1.0,0.0,0.996415770609319,0.019631632885489837,0.996415770609319,0.019631632885489837,0.0,0.0,0.0,0.0,0.6,0.5907407407407407,0.0,0.4333333333333333,0.0,0.0,0.0,0.0
G1.1.2,10,10,2,0.8,0.5874999999999999,0.05555555555555555,1.0,0.875,0.875,1.0,0.0,0.9930555555555556,0.0286326779556782,0.9930555555555556,0.0286326779556782,0.0,0.0,0.0,0.0,0.6,0.5833333333333334,0.16666666666666666,0.5333333333333333,0.0,0.0,0.0,0.0
G1.1.2,10,10,3,0.8,0.6625,0.07692307692307693,0.875,0.875,0.75,0.9951923076923077,0.024038461538461536,0.9945054945054945,0.027472527472527458,0.9896978021978022,0.03577367209644344,0.0,0.0,0.0,0.0,0.5,0.6266666666666667,0.0,0.34,0.0,0.0,0.0,0.0
G1.1.2,10,10,4,0.8,0.7,0.05,1.0,0.875,0.875,1.0,0.0,0.99375,0.027243118397129208,0.99375,0.027243118397129208,0.0,0.0,0.0,0.0,0.5,0.6,0.0,0.4,0.0,0.0,0.0,0.0
G1.1.2,10,25,0,0.7,0.6457142857142858,0.08695652173913043,0.7142857142857143,0.8571428571428572,0.5714285714285714,0.9875776397515529,0.058266034283520875,0.991304347826087,0.040786223998464585,0.9788819875776397,0.06958739664179338,0.0,0.0,0.0,0.0,0.4,0.5622222222222222,0.25,0.41999999999999993,0.0,0.0,0.0,0.0
G1.1.2,10,25,1,0.8,0.625,0.07407407407407407,1.0,0.75,0.75,1.0,0.0,0.9907407407407407,0.03273642505493276,0.9907407407407407,0.03273642505493276,0.0,0.0,0.0,0.0,0.6,0.6162962962962962,0.16666666666666666,0.4066666666666667,0.0,0.0,0.0,0.0
G1.1.2,10,25,2,0.8,0.5750000000000001,0.05263157894736842,1.0,0.875,0.875,1.0,0.0,0.993421052631579,0.027912109783679508,0.993421052631579,0.027912109783679508,0.0,0.0,0.0,0.0,0.8,0.6205555555555555,0.0,0.42500000000000004,0.0,0.0,0.0,0.0
G1.1.2,10,25,3,0.8,0.62,0.10344827586206896,0.875,0.875,0.75,0.9956896551724138,0.02280820095745337,0.9956896551724138,0.02280820095745337,0.9913793103448276,0.031674436329092816,0.0,0.0,0.0,0.0,0.6,0.5644444444444444,0.0,0.39999999999999997,0.0,0.0,0.0,0.0
G1.1.2,10,25,4,0.6,0.5866666666666667,0.1875,0.5,1.0,0.5,0.9635416666666666,0.09757809372497499,1.0,0.0,0.9635416666666667,0.09757809372497496,0.0,0.0,0.0,0.0,0.4,0.601111111111111,0.0,0.4,0.0,0.0,0.0,0.0
G1.1.2,10,50,0,0.9,0.5933333333333335,0.03225806451612903,1.0,0.8888888888888888,0.8888888888888888,1.0,0.0,0.996415770609319,0.019631632885489837,0.996415770609319,0.019631632885489837,0.0,0.0,0.0,0.0,0.9,0.5871604938271607,0.1111111111111111,0.42000000000000004,0.0,0.0,0.0,0.0
G1.1.2,10,50,1,0.8,0.6050000000000002,0.10526315789473684,0.875,0.75,0.625,0.993421052631579,0.027912109783679508,0.9868421052631579,0.03836152562398224,0.9802631578947368,0.061010647996682266,0.0,0.0,0.0,0.0,0.5,0.6164444444444446,0.0,0.392,0.0,0.0,0.0,0.0
G1.1.2,10,50,2,0.8,0.6150000000000002,0.05555555555555555,0.875,1.0,0.875,0.9930555555555556,0.0286326779556782,1.0,0.0,0.9930555555555556,0.0286326779556782,0.0,0.0,0.0,0.0,0.5,0.6053333333333336,0.0,0.384,0.0,0.0,0.0,0.0
G1.1.2,10,50,3,0.6,0.6000000000000002,0.03571428571428571,1.0,0.8333333333333334,0.8333333333333334,1.0,0.0,0.9940476190476192,0.030929478706587087,0.9940476190476192,0.030929478706587087,0.0,0.0,0.0,0.0,0.5,0.6102222222222224,0.0,0.42800000000000005,0.0,0.0,0.0,0.0
G1.1.2,10,50,4,1.0,0.5860000000000002,0.08333333333333333,0.9,0.8,0.7,0.9958333333333332,0.019982631347136327,0.9916666666666667,0.02763853991962833,0.9874999999999999,0.04389855730355307,0.0,0.0,0.0,0.0,0.8,0.5913888888888891,0.0,0.42000000000000004,0.0,0.0,0.0,0.0
G1.1.2,10,100,0,0.8,0.6050000000000003,0.15,0.875,0.625,0.5,0.99375,0.027243118397129208,0.98125,0.04463392767839281,0.975,0.0637377439199098,0.0,0.0,0.0,0.0,0.5,0.5920000000000003,0.0,0.41200000000000003,0.0,0.0,0.0,0.0
G1.1.2,10,100,1,0.5,0.5720000000000003,0.0,1.0,1.0,1.0,1.0,0.0,1.0,0.0,1.0,0.0,0.0,0.0,0.0,0.0,0.6,0.6035185185185189,0.16666666666666666,0.44333333333333336,0.0,0.0,0.0,0.0
G1.1.2,10,100,2,0.6,0.561666666666667,0.043478260869565216,1.0,0.8333333333333334,0.8333333333333334,1.0,0.0,0.9927536231884059,0.0339885199987205,0.9927536231884059,0.0339885199987205,0.0,0.0,0.0,0.0,0.6,0.5740740740740743,0.0,0.4383333333333333,0.0,0.0,0.0,0.0
G1.1.2,10,100,3,0.7,0.5671428571428575,0.07142857142857142,0.8571428571428571,0.8571428571428572,0.7142857142857143,0.9948979591836735,0.02651098174850324,0.9940476190476192,0.030929478706587087,0.9889455782312925,0.039984074644587565,0.0,0.0,0.0,0.0,0.6,0.5700000000000002,0.0,0.4366666666666667,0.0,0.0,0.0,0.0
G1.1.2,10,100,4,1.0,0.5920000000000004,0.08,0.9,0.9,0.8,0.996,0.019595917942265423,0.9955555555555555,0.021773242158072706,0.9915555555555555,0.028679583653158543,0.0,0.0,0.0,0.0,0.8,0.5991666666666671,0.0,0.41125,0.0,0.0,0.0,0.0
G1.1.2,25,10,0,0.68,0.6647058823529413,0.0,1.0,1.0,1.0,1.0,0.0,1.0,0.0,1.0,0.0,0.0,0.0,0.0,0.0,0.48,0.6267361111111112,0.16666666666666666,0.42500000000000004,0.0,0.0,0.0,0.0
G1.1.2,25,10,1,0.8,0.66,0.0,1.0,1.0,1.0,1.0,0.0,1.0,0.0,1.0,0.0,0.0,0.0,0.0,0.0,0.64,0.6541666666666667,0.0,0.3375,0.0,0.0,0.0,0.0
G1.1.2,25,10,2,0.88,0.5818181818181818,0.0,1.0,1.0,1.0,1.0,0.0,1.0,0.0,1.0,0.0,0.0,0.0,0.0,0.0,0.68,0.6044117647058824,0.058823529411764705,0.4764705882352941,0.0,0.0,0.0,0.0
G1.1.2,25,10,3,0.8,0.6099999999999999,0.0,1.0,1.0,1.0,1.0,0.0,1.0,0.0,1.0,0.0,0.0,0.0,0.0,0.0,0.64,0.6044270833333333,0.0625,0.43125,0.0,0.0,0.0,0.0
G1.1.2,25,10,4,0.64,0.6249999999999999,0.0,1.0,1.0,1.0,1.0,0.0,1.0,0.0,1.0,0.0,0.0,0.0,0.0,0.0,0.4,0.5745833333333333,0.1,0.38,0.0,0.0,0.0,0.0
G1.1.2,25,25,0,0.76,0.5810526315789474,0.0,1.0,1.0,1.0,1.0,0.0,1.0,0.0,1.0,0.0,0.0,0.0,0.0,0.0,0.6,0.5858888888888888,0.06666666666666667,0.4426666666666668,0.0,0.0,0.0,0.0
G1.1.2,25,25,1,0.76,0.6252631578947367,0.0,1.0,1.0,1.0,1.0,0.0,1.0,0.0,1.0,0.0,0.0,0.0,0.0,0.0,0.52,0.6056410256410255,0.07692307692307693,0.4061538461538462,0.0,0.0,0.0,0.0
G1.1.2,25,25,2,0.76,0.6147368421052631,0.0,1.0,1.0,1.0,1.0,0.0,1.0,0.0,1.0,0.0,0.0,0.0,0.0,0.0,0.48,0.6124999999999999,0.0,0.4033333333333334,0.0,0.0,0.0,0.0
G1.1.2,25,25,3,0.84,0.6342857142857143,0.0,1.0,1.0,1.0,1.0,0.0,1.0,0.0,1.0,0.0,0.0,0.0,0.0,0.0,0.56,0.5911904761904762,0.0,0.3742857142857144,0.0,0.0,0.0,0.0
G1.1.2,25,25,4,0.64,0.6074999999999999,0.0,1.0,1.0,1.0,1.0,0.0,1.0,0.0,1.0,0.0,0.0,0.0,0.0,0.0,0.44,0.565151515151515,0.0,0.4145454545454546,0.0,0.0,0.0,0.0
G1.1.2,25,50,0,0.68,0.5847058823529414,0.0,1.0,1.0,1.0,1.0,0.0,1.0,0.0,1.0,0.0,0.0,0.0,0.0,0.0,0.52,0.574615384615385,0.0,0.4353846153846153,0.0,0.0,0.0,0.0
G1.1.2,25,50,1,0.72,0.6222222222222223,0.0,1.0,1.0,1.0,1.0,0.0,1.0,0.0,1.0,0.0,0.0,0.0,0.0,0.0,0.52,0.6180769230769235,0.0,0.3815384615384616,0.0,0.0,0.0,0.0
G1.1.2,25,50,2,0.88,0.6009090909090911,0.0,1.0,1.0,1.0,1.0,0.0,1.0,0.0,1.0,0.0,0.0,0.0,0.0,0.0,0.8,0.5908333333333337,0.0,0.4,0.0,0.0,0.0,0.0
G1.1.2,25,50,3,0.72,0.6033333333333336,0.08333333333333333,1.0,0.8888888888888888,0.8888888888888888,1.0,0.0,0.9953703703703703,0.015354744399793525,0.9953703703703703,0.015354744399793525,0.0,0.0,0.0,0.0,0.64,0.5845312500000002,0.0,0.4025,0.0,0.0,0.0,0.0
G1.1.2,25,50,4,0.72,0.6100000000000002,0.0,1.0,1.0,1.0,1.0,0.0,1.0,0.0,1.0,0.0,0.0,0.0,0.0,0.0,0.4,0.5697500000000002,0.0,0.43200000000000005,0.0,0.0,0.0,0.0
G1.1.2,25,100,0,0.6,0.5833333333333337,0.0,1.0,1.0,1.0,1.0,0.0,1.0,0.0,1.0,0.0,0.0,0.0,0.0,0.0,0.44,0.572575757575758,0.0,0.43727272727272726,0.0,0.0,0.0,0.0
G1.1.2,25,100,1,0.68,0.590588235294118,0.0,1.0,1.0,1.0,1.0,0.0,1.0,0.0,1.0,0.0,0.0,0.0,0.0,0.0,0.4,0.5842500000000003,0.0,0.43,0.0,0.0,0.0,0.0
G1.1.2,25,100,2,0.76,0.6205263157894739,0.0,1.0,1.0,1.0,1.0,0.0,1.0,0.0,1.0,0.0,0.0,0.0,0.0,0.0,0.4,0.5870833333333337,0.0,0.404,0.0,0.0,0.0,0.0
G1.1.2,25,100,3,0.56,0.6128571428571432,0.10344827586206896,0.8571428571428571,0.9285714285714286,0.7857142857142857,0.9948844259189088,0.018809660698735655,0.9973474801061009,0.01403581597381745,0.9922319060250094,0.02288381833555777,0.0,0.0,0.0,0.0,0.36,0.5811574074074077,0.1111111111111111,0.41444444444444445,0.0,0.0,0.0,0.0
G1.1.2,25,100,4,0.64,0.6018750000000003,0.0,1.0,1.0,1.0,1.0,0.0,1.0,0.0,1.0,0.0,0.0,0.0,0.0,0.0,0.36,0.5755092592592597,0.0,0.4166666666666667,0.0,0.0,0.0,0.0
G1.1.2,50,10,0,0.78,0.6512820512820513,0.0,1.0,1.0,1.0,1.0,0.0,1.0,0.0,1.0,0.0,0.0,0.0,0.0,0.0,0.42,0.5893100097181729,0.0,0.34285714285714286,0.0,0.0,0.0,0.0
G1.1.2,50,10,1,0.86,0.6674418604651162,0.0,1.0,1.0,1.0,1.0,0.0,1.0,0.0,1.0,0.0,0.0,0.0,0.0,0.0,0.48,0.6441326530612245,0.0,0.3333333333333333,0.0,0.0,0.0,0.0
G1.1.2,50,10,2,0.84,0.6142857142857142,0.0,1.0,1.0,1.0,1.0,0.0,1.0,0.0,1.0,0.0,0.0,0.0,0.0,0.0,0.46,0.5976042590949423,0.0,0.4130434782608696,0.0,0.0,0.0,0.0
G1.1.2,50,10,3,0.76,0.6605263157894735,0.0,1.0,1.0,1.0,1.0,0.0,1.0,0.0,1.0,0.0,0.0,0.0,0.0,0.0,0.54,0.6063492063492063,0.0,0.3444444444444444,0.0,0.0,0.0,0.0
G1.1.2,50,10,4,0.74,0.6081081081081081,0.0,1.0,1.0,1.0,1.0,0.0,1.0,0.0,1.0,0.0,0.0,0.0,0.0,0.0,0.4,0.6044897959183673,0.05,0.4499999999999999,0.0,0.0,0.0,0.0
G1.1.2,50,25,0,0.68,0.6329411764705883,0.0,1.0,1.0,1.0,1.0,0.0,1.0,0.0,1.0,0.0,0.0,0.0,0.0,0.0,0.44,0.5716141001855287,0.0,0.3763636363636364,0.0,0.0,0.0,0.0
G1.1.2,50,25,1,0.76,0.6126315789473685,0.0,1.0,1.0,1.0,1.0,0.0,1.0,0.0,1.0,0.0,0.0,0.0,0.0,0.0,0.52,0.5866875981161697,0.0,0.40461538461538465,0.0,0.0,0.0,0.0
G1.1.2,50,25,2,0.76,0.6294736842105264,0.0,1.0,1.0,1.0,1.0,0.0,1.0,0.0,1.0,0.0,0.0,0.0,0.0,0.0,0.4,0.5770612244897959,0.0,0.388,0.0,0.0,0.0,0.0
G1.1.2,50,25,3,0.72,0.6155555555555555,0.0,1.0,1.0,1.0,1.0,0.0,1.0,0.0,1.0,0.0,0.0,0.0,0.0,0.0,0.44,0.5806679035250463,0.0,0.4163636363636364,0.0,0.0,0.0,0.0
G1.1.2,50,25,4,0.82,0.6058536585365855,0.0,1.0,1.0,1.0,1.0,0.0,1.0,0.0,1.0,0.0,0.0,0.0,0.0,0.0,0.48,0.5748299319727891,0.0,0.41500000000000004,0.0,0.0,0.0,0.0
G1.1.2,50,50,0,0.8,0.5970000000000002,0.0,1.0,1.0,1.0,1.0,0.0,1.0,0.0,1.0,0.0,0.0,0.0,0.0,0.0,0.52,0.5825745682888542,0.0,0.41769230769230775,0.0,0.0,0.0,0.0
G1.1.2,50,50,1,0.76,0.6194736842105266,0.0,1.0,1.0,1.0,1.0,0.0,1.0,0.0,1.0,0.0,0.0,0.0,0.0,0.0,0.5,0.5975346938775511,0.0,0.4,0.0,0.0,0.0,0.0
G1.1.2,50,50,2,0.7,0.6165714285714289,0.0,1.0,1.0,1.0,1.0,0.0,1.0,0.0,1.0,0.0,0.0,0.0,0.0,0.0,0.3,0.5782040816326532,0.0,0.4226666666666667,0.0,0.0,0.0,0.0
G1.1.2,50,50,3,0.82,0.6097560975609758,0.0,1.0,1.0,1.0,1.0,0.0,1.0,0.0,1.0,0.0,0.0,0.0,0.0,0.0,0.54,0.592305366591081,0.0,0.4096296296296296,0.0,0.0,0.0,0.0
G1.1.2,50,50,4,0.74,0.6070270270270274,0.0,1.0,1.0,1.0,1.0,0.0,1.0,0.0,1.0,0.0,0.0,0.0,0.0,0.0,0.52,0.5740816326530613,0.0,0.4,0.0,0.0,0.0,0.0
G1.1.2,50,100,0,0.66,0.5954545454545457,0.0,1.0,1.0,1.0,1.0,0.0,1.0,0.0,1.0,0.0,0.0,0.0,0.0,0.0,0.42,0.5811661807580177,0.0,0.4257142857142857,0.0,0.0,0.0,0.0
G1.1.2,50,100,1,0.74,0.6024324324324326,0.0,1.0,1.0,1.0,1.0,0.0,1.0,0.0,1.0,0.0,0.0,0.0,0.0,0.0,0.5,0.5840571428571432,0.0,0.4072,0.0,0.0,0.0,0.0
G1.1.2,50,100,2,0.78,0.5984615384615387,0.0,1.0,1.0,1.0,1.0,0.0,1.0,0.0,1.0,0.0,0.0,0.0,0.0,0.0,0.6,0.584918367346939,0.0,0.41200000000000003,0.0,0.0,0.0,0.0
G1.1.2,50,100,3,0.66,0.5839393939393942,0.0,1.0,1.0,1.0,1.0,0.0,1.0,0.0,1.0,0.0,0.0,0.0,0.0,0.0,0.44,0.5795176252319113,0.0,0.4395454545454545,0.0,0.0,0.0,0.0
G1.1.2,50,100,4,0.7,0.5957142857142861,0.0,1.0,1.0,1.0,1.0,0.0,1.0,0.0,1.0,0.0,0.0,0.0,0.0,0.0,0.48,0.5764625850340139,0.0,0.4116666666666667,0.0,0.0,0.0,0.0
G1.1.2,100,10,0,0.7,0.647142857142857,0.0,1.0,1.0,1.0,1.0,0.0,1.0,0.0,1.0,0.0,0.0,0.0,0.0,0.0,0.36,0.5920875420875421,0.08333333333333333,0.41388888888888886,0.0,0.0,0.0,0.0
G1.1.2,100,10,1,0.87,0.6137931034482758,0.0,1.0,1.0,1.0,1.0,0.0,1.0,0.0,1.0,0.0,0.0,0.0,0.0,0.0,0.38,0.5935406698564591,0.0,0.4394736842105263,0.0,0.0,0.0,0.0
G1.1.2,100,10,2,0.78,0.6653846153846154,0.0,1.0,1.0,1.0,1.0,0.0,1.0,0.0,1.0,0.0,0.0,0.0,0.0,0.0,0.29,0.5952281435040055,0.034482758620689655,0.35517241379310344,0.0,0.0,0.0,0.0
G1.1.2,100,10,3,0.78,0.6384615384615385,0.0,1.0,1.0,1.0,1.0,0.0,1.0,0.0,1.0,0.0,0.0,0.0,0.0,0.0,0.33,0.6198653198653198,0.0,0.40303030303030307,0.0,0.0,0.0,0.0
G1.1.2,100,10,4,0.75,0.6279999999999999,0.0,1.0,1.0,1.0,1.0,0.0,1.0,0.0,1.0,0.0,0.0,0.0,0.0,0.0,0.36,0.6080527497194164,0.027777777777777776,0.41111111111111115,0.0,0.0,0.0,0.0
G1.1.2,100,25,0,0.74,0.5994594594594594,0.0,1.0,1.0,1.0,1.0,0.0,1.0,0.0,1.0,0.0,0.0,0.0,0.0,0.0,0.47,0.5880507199656135,0.0,0.428936170212766,0.0,0.0,0.0,0.0
G1.1.2,100,25,1,0.68,0.5923529411764705,0.0,1.0,1.0,1.0,1.0,0.0,1.0,0.0,1.0,0.0,0.0,0.0,0.0,0.0,0.42,0.5826262626262626,0.023809523809523808,0.457142857142857,0.0,0.0,0.0,0.0
G1.1.2,100,25,2,0.78,0.6153846153846153,0.0,1.0,1.0,1.0,1.0,0.0,1.0,0.0,1.0,0.0,0.0,0.0,0.0,0.0,0.48,0.5950925925925925,0.0,0.4083333333333334,0.0,0.0,0.0,0.0
G1.1.2,100,25,3,0.71,0.6264788732394366,0.0,1.0,1.0,1.0,1.0,0.0,1.0,0.0,1.0,0.0,0.0,0.0,0.0,0.0,0.45,0.5959506172839506,0.0,0.3999999999999999,0.0,0.0,0.0,0.0
G1.1.2,100,25,4,0.78,0.6051282051282052,0.0,1.0,1.0,1.0,1.0,0.0,1.0,0.0,1.0,0.0,0.0,0.0,0.0,0.0,0.55,0.5942699724517906,0.0,0.4087272727272728,0.0,0.0,0.0,0.0
G1.1.2,100,50,0,0.76,0.603684210526316,0.0,1.0,1.0,1.0,1.0,0.0,1.0,0.0,1.0,0.0,0.0,0.0,0.0,0.0,0.47,0.5822308188265637,0.0,0.4259574468085106,0.0,0.0,0.0,0.0
G1.1.2,100,50,1,0.64,0.6115625000000002,0.0,1.0,1.0,1.0,1.0,0.0,1.0,0.0,1.0,0.0,0.0,0.0,0.0,0.0,0.44,0.5921625344352619,0.0,0.40363636363636374,0.0,0.0,0.0,0.0
G1.1.2,100,50,2,0.79,0.5994936708860761,0.0,1.0,1.0,1.0,1.0,0.0,1.0,0.0,1.0,0.0,0.0,0.0,0.0,0.0,0.55,0.57457116620753,0.0,0.4218181818181818,0.0,0.0,0.0,0.0
G1.1.2,100,50,3,0.79,0.6005063291139244,0.0,1.0,1.0,1.0,1.0,0.0,1.0,0.0,1.0,0.0,0.0,0.0,0.0,0.0,0.56,0.5837193362193364,0.0,0.41607142857142854,0.0,0.0,0.0,0.0
G1.1.2,100,50,4,0.74,0.6135135135135138,0.0,1.0,1.0,1.0,1.0,0.0,1.0,0.0,1.0,0.0,0.0,0.0,0.0,0.0,0.52,0.5889588189588192,0.0,0.3976923076923077,0.0,0.0,0.0,0.0
G1.1.2,100,100,0,0.68,0.5920588235294121,0.0,1.0,1.0,1.0,1.0,0.0,1.0,0.0,1.0,0.0,0.0,0.0,0.0,0.0,0.47,0.5821878358048574,0.0,0.42191489361702134,0.0,0.0,0.0,0.0
G1.1.2,100,100,1,0.69,0.5986956521739135,0.0,1.0,1.0,1.0,1.0,0.0,1.0,0.0,1.0,0.0,0.0,0.0,0.0,0.0,0.54,0.5784436962214743,0.0,0.415,0.0,0.0,0.0,0.0
G1.1.2,100,100,2,0.78,0.6000000000000002,0.0,1.0,1.0,1.0,1.0,0.0,1.0,0.0,1.0,0.0,0.0,0.0,0.0,0.0,0.6,0.5883367003367006,0.0,0.4103333333333333,0.0,0.0,0.0,0.0
G1.1.2,100,100,3,0.68,0.5897058823529415,0.0,1.0,1.0,1.0,1.0,0.0,1.0,0.0,1.0,0.0,0.0,0.0,0.0,0.0,0.53,0.5769125214408237,0.0,0.4226415094339624,0.0,0.0,0.0,0.0
G1.1.2,100,100,4,0.8,0.5957500000000003,0.0,1.0,1.0,1.0,1.0,0.0,1.0,0.0,1.0,0.0,0.0,0.0,0.0,0.0,0.63,0.582156485489819,0.0,0.41301587301587306,0.0,0.0,0.0,0.0
G1.1.3,10,10,0,0.7,0.5714285714285714,0.025974025974025976,0.7142857142857143,0.8571428571428572,0.5714285714285714,0.9962894248608536,0.03234804410790852,0.9974025974025974,0.02264363087553596,0.9936920222634509,0.039240976820489146,0.0,0.0,0.0,0.0,0.5,0.5955555555555556,0.2,0.5,0.0,0.0,0.0,0.0
G1.1.3,10,10,1,0.6,0.5666666666666665,0.02631578947368421,1.0,0.6666666666666667,0.6666666666666667,1.0,0.0,0.9956140350877194,0.026678783027623765,0.9956140350877194,0.026678783027623765,0.0,0.0,0.0,0.0,0.6,0.6055555555555555,0.16666666666666666,0.48333333333333334,0.0,0.0,0.0,0.0
G1.1.3,10,10,2,0.8,0.5375,0.0,1.0,1.0,1.0,1.0,0.0,1.0,0.0,1.0,0.0,0.0,0.0,0.0,0.0,0.7,0.5714285714285713,0.0,0.48571428571428577,0.0,0.0,0.0,0.0
G1.1.3,10,10,3,0.9,0.711111111111111,0.039473684210526314,0.7777777777777778,0.8888888888888888,0.6666666666666667,0.9968932748538011,0.01893101975669613,0.9981203007518797,0.016278673003466883,0.9950135756056809,0.024732555184197366,0.0,0.0,0.0,0.0,0.4,0.6361111111111111,0.0,0.275,0.0,0.0,0.0,0.0
G1.1.3,10,10,4,0.9,0.6444444444444445,0.0375,0.7777777777777778,0.7777777777777778,0.5555555555555556,0.9970486111111111,0.018464094650993978,0.9968253968253968,0.01998361636827646,0.9938740079365079,0.032096272566633686,0.0,0.0,0.0,0.0,0.5,0.6244444444444445,0.2,0.4,0.0,0.0,0.0,0.0
G1.1.3,10,25,0,0.9,0.5555555555555555,0.0,1.0,1.0,1.0,1.0,0.0,1.0,0.0,1.0,0.0,0.0,0.0,0.0,0.0,0.6,0.5548148148148148,0.0,0.47333333333333333,0.0,0.0,0.0,0.0
G1.1.3,10,25,1,0.6,0.6,0.0,1.0,1.0,1.0,1.0,0.0,1.0,0.0,1.0,0.0,0.0,0.0,0.0,0.0,0.6,0.6,0.0,0.4000000000000001,0.0,0.0,0.0,0.0
G1.1.3,10,25,2,0.6,0.6000000000000001,0.056338028169014086,0.3333333333333333,0.6666666666666667,0.0,0.9870892018779343,0.06199583401992608,0.9906103286384977,0.06184009329727462,0.977699530516432,0.09481650435972165,0.0,0.0,0.0,0.0,0.4,0.6077777777777778,0.0,0.43999999999999995,0.0,0.0,0.0,0.0
G1.1.3,10,25,3,0.9,0.5911111111111111,0.0,1.0,1.0,1.0,1.0,0.0,1.0,0.0,1.0,0.0,0.0,0.0,0.0,0.0,0.6,0.6081481481481481,0.0,0.46,0.0,0.0,0.0,0.0
G1.1.3,10,25,4,0.5,0.544,0.05555555555555555,0.4,1.0,0.4,0.9891203703703704,0.05337091573859686,1.0,0.0,0.9891203703703704,0.053370915738596855,0.0,0.0,0.0,0.0,0.3,0.5318518518518518,0.0,0.49333333333333335,0.0,0.0,0.0,0.0
G1.1.3,10,50,0,0.5,0.5920000000000002,0.05263157894736842,0.8,0.6,0.4,0.9973684210526316,0.022790142204853647,0.993421052631579,0.04001817454143564,0.9907894736842104,0.04567514462555205,0.0,0.0,0.0,0.0,0.4,0.6122222222222224,0.25,0.435,0.0,0.0,0.0,0.0
G1.1.3,10,50,1,0.6,0.5566666666666668,0.09859154929577464,1.0,0.5,0.5,1.0,0.0,0.9929577464788732,0.03352783299785374,0.9929577464788732,0.03352783299785374,0.0,0.0,0.0,0.0,0.6,0.5985185185185187,0.0,0.42999999999999994,0.0,0.0,0.0,0.0
G1.1.3,10,50,2,0.8,0.5975000000000001,0.0,1.0,1.0,1.0,1.0,0.0,1.0,0.0,1.0,0.0,0.0,0.0,0.0,0.0,0.5,0.6142222222222224,0.0,0.376,0.0,0.0,0.0,0.0
G1.1.3,10,50,3,0.6,0.6133333333333335,0.03896103896103896,0.6666666666666666,0.8333333333333334,0.5,0.9952380952380951,0.029284042468030746,0.9967532467532467,0.02830453859441996,0.9919913419913419,0.04034576295993855,0.0,0.0,0.0,0.0,0.4,0.5950000000000002,0.0,0.35,0.0,0.0,0.0,0.0
G1.1.3,10,50,4,0.7,0.6085714285714288,0.0,1.0,1.0,1.0,1.0,0.0,1.0,0.0,1.0,0.0,0.0,0.0,0.0,0.0,0.6,0.5762962962962965,0.0,0.42,0.0,0.0,0.0,0.0
G1.1.3,10,100,0,0.7,0.5957142857142861,0.013157894736842105,1.0,0.8571428571428572,0.8571428571428572,1.0,0.0,0.9981203007518797,0.01627867300346688,0.9981203007518797,0.01627867300346688,0.0,0.0,0.0,0.0,0.7,0.5920634920634924,0.14285714285714285,0.41714285714285715,0.0,0.0,0.0,0.0
G1.1.3,10,100,1,0.6,0.6283333333333335,0.0,1.0,1.0,1.0,1.0,0.0,1.0,0.0,1.0,0.0,0.0,0.0,0.0,0.0,0.4,0.606666666666667,0.25,0.4075,0.0,0.0,0.0,0.0
G1.1.3,10,100,2,0.9,0.6088888888888893,0.02564102564102564,1.0,0.7777777777777778,0.7777777777777778,1.0,0.0,0.9971509971509971,0.01756243305689168,0.9971509971509971,0.01756243305689168,0.0,0.0,0.0,0.0,0.7,0.5961904761904765,0.0,0.41428571428571426,0.0,0.0,0.0,0.0
G1.1.3,10,100,3,1.0,0.6020000000000003,0.011764705882352941,0.9,1.0,0.9,0.9988235294117648,0.010782531046954915,1.0,0.0,0.9988235294117648,0.010782531046954915,0.0,0.0,0.0,0.0,0.6,0.5961111111111115,0.0,0.42500000000000004,0.0,0.0,0.0,0.0
G1.1.3,10,100,4,0.6,0.5700000000000004,0.039473684210526314,0.8333333333333334,0.8333333333333334,0.6666666666666667,0.9978070175438596,0.01899178517071137,0.9978070175438598,0.018991785170711373,0.9956140350877194,0.026678783027623765,0.0,0.0,0.0,0.0,0.5,0.5922222222222225,0.0,0.43400000000000005,0.0,0.0,0.0,0.0
G1.1.3,25,10,0,0.88,0.5909090909090908,0.0,1.0,1.0,1.0,1.0,0.0,1.0,0.0,1.0,0.0,0.0,0.0,0.0,0.0,0.6,0.611111111111111,0.0,0.42666666666666664,0.0,0.0,0.0,0.0
G1.1.3,25,10,1,0.8,0.6199999999999999,0.0,1.0,1.0,1.0,1.0,0.0,1.0,0.0,1.0,0.0,0.0,0.0,0.0,0.0,0.56,0.5755952380952382,0.07142857142857142,0.42142857142857143,0.0,0.0,0.0,0.0
G1.1.3,25,10,2,0.84,0.6142857142857142,0.0,1.0,1.0,1.0,1.0,0.0,1.0,0.0,1.0,0.0,0.0,0.0,0.0,0.0,0.52,0.575,0.0,0.40769230769230774,0.0,0.0,0.0,0.0
G1.1.3,25,10,3,0.8,0.59,0.0,1.0,1.0,1.0,1.0,0.0,1.0,0.0,1.0,0.0,0.0,0.0,0.0,0.0,0.52,0.6012820512820511,0.0,0.4,0.0,0.0,0.0,0.0
G1.1.3,25,10,4,0.64,0.6,0.0,1.0,1.0,1.0,1.0,0.0,1.0,0.0,1.0,0.0,0.0,0.0,0.0,0.0,0.4,0.5904166666666666,0.1,0.44000000000000006,0.0,0.0,0.0,0.0
G1.1.3,25,25,0,0.72,0.6333333333333333,0.0,1.0,1.0,1.0,1.0,0.0,1.0,0.0,1.0,0.0,0.0,0.0,0.0,0.0,0.56,0.6033333333333334,0.07142857142857142,0.42285714285714293,0.0,0.0,0.0,0.0
G1.1.3,25,25,1,0.8,0.5940000000000001,0.0,1.0,1.0,1.0,1.0,0.0,1.0,0.0,1.0,0.0,0.0,0.0,0.0,0.0,0.48,0.5954166666666666,0.0,0.4366666666666667,0.0,0.0,0.0,0.0
G1.1.3,25,25,2,0.92,0.6104347826086958,0.0,1.0,1.0,1.0,1.0,0.0,1.0,0.0,1.0,0.0,0.0,0.0,0.0,0.0,0.68,0.5988235294117645,0.0,0.4258823529411765,0.0,0.0,0.0,0.0
G1.1.3,25,25,3,0.68,0.6494117647058824,0.0,1.0,1.0,1.0,1.0,0.0,1.0,0.0,1.0,0.0,0.0,0.0,0.0,0.0,0.24,0.6322222222222222,0.0,0.36000000000000004,0.0,0.0,0.0,0.0
G1.1.3,25,25,4,0.8,0.6220000000000001,0.0,1.0,1.0,1.0,1.0,0.0,1.0,0.0,1.0,0.0,0.0,0.0,0.0,0.0,0.48,0.5702777777777777,0.0,0.4000000000000001,0.0,0.0,0.0,0.0
G1.1.3,25,50,0,0.76,0.5831578947368424,0.0,1.0,1.0,1.0,1.0,0.0,1.0,0.0,1.0,0.0,0.0,0.0,0.0,0.0,0.68,0.5991176470588238,0.0,0.4223529411764706,0.0,0.0,0.0,0.0
G1.1.3,25,50,1,0.84,0.6095238095238097,0.0,1.0,1.0,1.0,1.0,0.0,1.0,0.0,1.0,0.0,0.0,0.0,0.0,0.0,0.6,0.5780555555555558,0.0,0.4000000000000001,0.0,0.0,0.0,0.0
G1.1.3,25,50,2,0.6,0.6000000000000002,0.012345679012345678,0.9333333333333333,1.0,0.9333333333333333,0.9991769547325103,0.007361540666665974,1.0,0.0,0.9991769547325103,0.007361540666665974,0.0,0.0,0.0,0.0,0.4,0.5549166666666668,0.0,0.43600000000000005,0.0,0.0,0.0,0.0
G1.1.3,25,50,3,0.8,0.5960000000000002,0.0,1.0,1.0,1.0,1.0,0.0,1.0,0.0,1.0,0.0,0.0,0.0,0.0,0.0,0.52,0.5927564102564105,0.0,0.4184615384615385,0.0,0.0,0.0,0.0
G1.1.3,25,50,4,0.64,0.5837500000000002,0.0,1.0,1.0,1.0,1.0,0.0,1.0,0.0,1.0,0.0,0.0,0.0,0.0,0.0,0.44,0.6065151515151517,0.09090909090909091,0.4272727272727273,0.0,0.0,0.0,0.0
G1.1.3,25,100,0,0.76,0.6015789473684214,0.0,1.0,1.0,1.0,1.0,0.0,1.0,0.0,1.0,0.0,0.0,0.0,0.0,0.0,0.4,0.5855416666666668,0.0,0.43499999999999994,0.0,0.0,0.0,0.0
G1.1.3,25,100,1,0.84,0.6171428571428575,0.0,1.0,1.0,1.0,1.0,0.0,1.0,0.0,1.0,0.0,0.0,0.0,0.0,0.0,0.48,0.587916666666667,0.0,0.3958333333333333,0.0,0.0,0.0,0.0
G1.1.3,25,100,2,0.76,0.6115789473684213,0.0,1.0,1.0,1.0,1.0,0.0,1.0,0.0,1.0,0.0,0.0,0.0,0.0,0.0,0.56,0.589761904761905,0.0,0.39285714285714285,0.0,0.0,0.0,0.0
G1.1.3,25,100,3,0.68,0.6041176470588239,0.0,1.0,1.0,1.0,1.0,0.0,1.0,0.0,1.0,0.0,0.0,0.0,0.0,0.0,0.48,0.5665625000000003,0.0,0.41333333333333333,0.0,0.0,0.0,0.0
G1.1.3,25,100,4,0.64,0.5850000000000003,0.0,1.0,1.0,1.0,1.0,0.0,1.0,0.0,1.0,0.0,0.0,0.0,0.0,0.0,0.44,0.5773863636363639,0.0,0.4318181818181818,0.0,0.0,0.0,0.0
G1.1.3,50,10,0,0.68,0.6352941176470589,0.0,1.0,1.0,1.0,1.0,0.0,1.0,0.0,1.0,0.0,0.0,0.0,0.0,0.0,0.4,0.5744897959183675,0.0,0.37,0.0,0.0,0.0,0.0
G1.1.3,50,10,1,0.74,0.6270270270270271,0.0,1.0,1.0,1.0,1.0,0.0,1.0,0.0,1.0,0.0,0.0,0.0,0.0,0.0,0.38,0.5683136412459721,0.05263157894736842,0.4052631578947368,0.0,0.0,0.0,0.0
G1.1.3,50,10,2,0.68,0.6588235294117647,0.0,1.0,1.0,1.0,1.0,0.0,1.0,0.0,1.0,0.0,0.0,0.0,0.0,0.0,0.34,0.6322929171668668,0.0,0.37058823529411766,0.0,0.0,0.0,0.0
G1.1.3,50,10,3,0.74,0.6486486486486488,0.0,1.0,1.0,1.0,1.0,0.0,1.0,0.0,1.0,0.0,0.0,0.0,0.0,0.0,0.34,0.6062424969987996,0.058823529411764705,0.4058823529411764,0.0,0.0,0.0,0.0
G1.1.3,50,10,4,0.8,0.6224999999999999,0.0,1.0,1.0,1.0,1.0,0.0,1.0,0.0,1.0,0.0,0.0,0.0,0.0,0.0,0.32,0.6,0.0,0.38125000000000003,0.0,0.0,0.0,0.0
G1.1.3,50,25,0,0.7,0.6171428571428572,0.0,1.0,1.0,1.0,1.0,0.0,1.0,0.0,1.0,0.0,0.0,0.0,0.0,0.0,0.52,0.5852119309262167,0.0,0.40615384615384625,0.0,0.0,0.0,0.0
G1.1.3,50,25,1,0.8,0.635,0.0,1.0,1.0,1.0,1.0,0.0,1.0,0.0,1.0,0.0,0.0,0.0,0.0,0.0,0.48,0.5871088435374149,0.0,0.38833333333333336,0.0,0.0,0.0,0.0
G1.1.3,50,25,2,0.8,0.627,0.0,1.0,1.0,1.0,1.0,0.0,1.0,0.0,1.0,0.0,0.0,0.0,0.0,0.0,0.42,0.5830515063168124,0.0,0.43047619047619046,0.0,0.0,0.0,0.0
G1.1.3,50,25,3,0.7,0.6377142857142858,0.0,1.0,1.0,1.0,1.0,0.0,1.0,0.0,1.0,0.0,0.0,0.0,0.0,0.0,0.46,0.5941792369121561,0.0,0.36347826086956525,0.0,0.0,0.0,0.0
G1.1.3,50,25,4,0.74,0.5989189189189188,0.0,1.0,1.0,1.0,1.0,0.0,1.0,0.0,1.0,0.0,0.0,0.0,0.0,0.0,0.4,0.5938775510204082,0.0,0.43,0.0,0.0,0.0,0.0
G1.1.3,50,50,0,0.7,0.5982857142857145,0.0,1.0,1.0,1.0,1.0,0.0,1.0,0.0,1.0,0.0,0.0,0.0,0.0,0.0,0.58,0.5999296270232233,0.0,0.4137931034482759,0.0,0.0,0.0,0.0
G1.1.3,50,50,1,0.76,0.5968421052631583,0.0,1.0,1.0,1.0,1.0,0.0,1.0,0.0,1.0,0.0,0.0,0.0,0.0,0.0,0.48,0.5919557823129253,0.0,0.42333333333333334,0.0,0.0,0.0,0.0
G1.1.3,50,50,2,0.74,0.6129729729729733,0.0,1.0,1.0,1.0,1.0,0.0,1.0,0.0,1.0,0.0,0.0,0.0,0.0,0.0,0.58,0.5809289232934556,0.0,0.4013793103448276,0.0,0.0,0.0,0.0
G1.1.3,50,50,3,0.76,0.6200000000000002,0.0,1.0,1.0,1.0,1.0,0.0,1.0,0.0,1.0,0.0,0.0,0.0,0.0,0.0,0.52,0.5812872841444271,0.0,0.3923076923076923,0.0,0.0,0.0,0.0
G1.1.3,50,50,4,0.8,0.6040000000000002,0.0,1.0,1.0,1.0,1.0,0.0,1.0,0.0,1.0,0.0,0.0,0.0,0.0,0.0,0.5,0.5803591836734696,0.0,0.42,0.0,0.0,0.0,0.0
G1.1.3,50,100,0,0.74,0.5994594594594599,0.0,1.0,1.0,1.0,1.0,0.0,1.0,0.0,1.0,0.0,0.0,0.0,0.0,0.0,0.42,0.5866861030126338,0.0,0.42000000000000004,0.0,0.0,0.0,0.0
G1.1.3,50,100,1,0.72,0.5905555555555559,0.0,1.0,1.0,1.0,1.0,0.0,1.0,0.0,1.0,0.0,0.0,0.0,0.0,0.0,0.54,0.5789417989417992,0.0,0.4244444444444444,0.0,0.0,0.0,0.0
G1.1.3,50,100,2,0.8,0.5917500000000002,0.0,1.0,1.0,1.0,1.0,0.0,1.0,0.0,1.0,0.0,0.0,0.0,0.0,0.0,0.56,0.5869023323615163,0.0,0.4228571428571429,0.0,0.0,0.0,0.0
G1.1.3,50,100,3,0.7,0.5940000000000004,0.0,1.0,1.0,1.0,1.0,0.0,1.0,0.0,1.0,0.0,0.0,0.0,0.0,0.0,0.54,0.5882615268329556,0.0,0.4166666666666667,0.0,0.0,0.0,0.0
G1.1.3,50,100,4,0.72,0.5900000000000004,0.0,1.0,1.0,1.0,1.0,0.0,1.0,0.0,1.0,0.0,0.0,0.0,0.0,0.0,0.48,0.5880017006802724,0.0,0.425,0.0,0.0,0.0,0.0
G1.1.3,100,10,0,0.81,0.5950617283950617,0.0,1.0,1.0,1.0,1.0,0.0,1.0,0.0,1.0,0.0,0.0,0.0,0.0,0.0,0.39,0.602046102046102,0.0,0.4230769230769231,0.0,0.0,0.0,0.0
G1.1.3,100,10,1,0.78,0.6333333333333334,0.0,1.0,1.0,1.0,1.0,0.0,1.0,0.0,1.0,0.0,0.0,0.0,0.0,0.0,0.36,0.6053030303030302,0.0,0.38055555555555565,0.0,0.0,0.0,0.0
G1.1.3,100,10,2,0.78,0.635897435897436,0.0,1.0,1.0,1.0,1.0,0.0,1.0,0.0,1.0,0.0,0.0,0.0,0.0,0.0,0.43,0.5848954662908151,0.023255813953488372,0.39999999999999997,0.0,0.0,0.0,0.0
G1.1.3,100,10,3,0.83,0.644578313253012,0.0,1.0,1.0,1.0,1.0,0.0,1.0,0.0,1.0,0.0,0.0,0.0,0.0,0.0,0.4,0.614570707070707,0.0,0.3775,0.0,0.0,0.0,0.0
G1.1.3,100,10,4,0.77,0.625974025974026,0.0,1.0,1.0,1.0,1.0,0.0,1.0,0.0,1.0,0.0,0.0,0.0,0.0,0.0,0.39,0.5923335923335923,0.02564102564102564,0.4282051282051283,0.0,0.0,0.0,0.0
G1.1.3,100,25,0,0.78,0.6035897435897437,0.0,1.0,1.0,1.0,1.0,0.0,1.0,0.0,1.0,0.0,0.0,0.0,0.0,0.0,0.44,0.5913406795224977,0.0,0.42818181818181816,0.0,0.0,0.0,0.0
G1.1.3,100,25,1,0.8,0.6224999999999999,0.0,1.0,1.0,1.0,1.0,0.0,1.0,0.0,1.0,0.0,0.0,0.0,0.0,0.0,0.46,0.5866754501537108,0.021739130434782608,0.41130434782608694,0.0,0.0,0.0,0.0
G1.1.3,100,25,2,0.73,0.6082191780821917,0.0,1.0,1.0,1.0,1.0,0.0,1.0,0.0,1.0,0.0,0.0,0.0,0.0,0.0,0.52,0.5812354312354311,0.0,0.40769230769230774,0.0,0.0,0.0,0.0
G1.1.3,100,25,3,0.73,0.6164383561643835,0.0,1.0,1.0,1.0,1.0,0.0,1.0,0.0,1.0,0.0,0.0,0.0,0.0,0.0,0.44,0.5855188246097336,0.0,0.40818181818181826,0.0,0.0,0.0,0.0
G1.1.3,100,25,4,0.73,0.6071232876712328,0.0,1.0,1.0,1.0,1.0,0.0,1.0,0.0,1.0,0.0,0.0,0.0,0.0,0.0,0.4,0.5918282828282827,0.0,0.4050000000000001,0.0,0.0,0.0,0.0
G1.1.3,100,50,0,0.67,0.5916417910447763,0.0,1.0,1.0,1.0,1.0,0.0,1.0,0.0,1.0,0.0,0.0,0.0,0.0,0.0,0.44,0.5756703397612489,0.0,0.4318181818181819,0.0,0.0,0.0,0.0
G1.1.3,100,50,1,0.77,0.5950649350649353,0.0,1.0,1.0,1.0,1.0,0.0,1.0,0.0,1.0,0.0,0.0,0.0,0.0,0.0,0.56,0.5774675324675326,0.0,0.42214285714285715,0.0,0.0,0.0,0.0
G1.1.3,100,50,2,0.73,0.6027397260273974,0.0,1.0,1.0,1.0,1.0,0.0,1.0,0.0,1.0,0.0,0.0,0.0,0.0,0.0,0.44,0.5842699724517908,0.0,0.4254545454545454,0.0,0.0,0.0,0.0
G1.1.3,100,50,3,0.81,0.5923456790123459,0.0,1.0,1.0,1.0,1.0,0.0,1.0,0.0,1.0,0.0,0.0,0.0,0.0,0.0,0.58,0.5858725182863117,0.0,0.4279310344827586,0.0,0.0,0.0,0.0
G1.1.3,100,50,4,0.77,0.6207792207792211,0.0,1.0,1.0,1.0,1.0,0.0,1.0,0.0,1.0,0.0,0.0,0.0,0.0,0.0,0.56,0.5787445887445889,0.0,0.39249999999999996,0.0,0.0,0.0,0.0
G1.1.3,100,100,0,0.72,0.6075000000000004,0.0,1.0,1.0,1.0,1.0,0.0,1.0,0.0,1.0,0.0,0.0,0.0,0.0,0.0,0.43,0.5870566126380082,0.0,0.40720930232558145,0.0,0.0,0.0,0.0
G1.1.3,100,100,1,0.68,0.5998529411764709,0.0,1.0,1.0,1.0,1.0,0.0,1.0,0.0,1.0,0.0,0.0,0.0,0.0,0.0,0.5,0.5831616161616164,0.0,0.4146,0.0,0.0,0.0,0.0
G1.1.3,100,100,2,0.61,0.5893442622950823,0.0,1.0,1.0,1.0,1.0,0.0,1.0,0.0,1.0,0.0,0.0,0.0,0.0,0.0,0.4,0.5873686868686872,0.0,0.4295,0.0,0.0,0.0,0.0
G1.1.3,100,100,3,0.72,0.5948611111111115,0.0,1.0,1.0,1.0,1.0,0.0,1.0,0.0,1.0,0.0,0.0,0.0,0.0,0.0,0.54,0.5840778151889267,0.0,0.4153703703703704,0.0,0.0,0.0,0.0
G1.1.3,100,100,4,0.71,0.6019718309859158,0.0,1.0,1.0,1.0,1.0,0.0,1.0,0.0,1.0,0.0,0.0,0.0,0.0,0.0,0.44,0.5823278236914603,0.0,0.41636363636363644,0.0,0.0,0.0,0.0
G1.2.1,10,10,0,0.9,0.6999999999999998,0.0,1.0,1.0,1.0,1.0,0.0,1.0,0.0,1.0,0.0,0.0,0.0,0.0,0.0,0.6,0.525925925925926,0.16666666666666666,0.31666666666666665,0.0,0.0,0.0,0.0
G1.2.1,10,10,1,1.0,0.72,0.0,1.0,1.0,1.0,1.0,0.0,1.0,0.0,1.0,0.0,0.0,0.0,0.0,0.0,0.4,0.5638888888888889,0.0,0.3,0.0,0.0,0.0,0.0
G1.2.1,10,10,2,0.9,0.8,0.0,1.0,1.0,1.0,1.0,0.0,1.0,0.0,1.0,0.0,0.0,0.0,0.0,0.0,0.6,0.5462962962962964,0.0,0.21666666666666667,0.0,0.0,0.0,0.0
G1.2.1,10,10,3,1.0,0.74,0.0,1.0,1.0,1.0,1.0,0.0,1.0,0.0,1.0,0.0,0.0,0.0,0.0,0.0,0.6,0.5462962962962963,0.0,0.2333333333333334,0.0,0.0,0.0,0.0
G1.2.1,10,10,4,1.0,0.6799999999999999,0.0,1.0,1.0,1.0,1.0,0.0,1.0,0.0,1.0,0.0,0.0,0.0,0.0,0.0,0.5,0.47333333333333333,0.0,0.3,0.0,0.0,0.0,0.0
G1.2.1,10,25,0,0.7,0.7257142857142858,0.03125,0.8571428571428571,1.0,0.8571428571428572,0.9955357142857143,0.024856090905491176,1.0,0.0,0.9955357142857143,0.024856090905491155,0.0,0.0,0.0,0.0,0.5,0.5413333333333332,0.0,0.31999999999999995,0.0,0.0,0.0,0.0
G1.2.1,10,25,1,1.0,0.704,0.0,1.0,1.0,1.0,1.0,0.0,1.0,0.0,1.0,0.0,0.0,0.0,0.0,0.0,0.7,0.5396825396825397,0.0,0.3028571428571429,0.0,0.0,0.0,0.0
G1.2.1,10,25,2,1.0,0.6519999999999999,0.0,1.0,1.0,1.0,1.0,0.0,1.0,0.0,1.0,0.0,0.0,0.0,0.0,0.0,0.6,0.517037037037037,0.0,0.3933333333333333,0.0,0.0,0.0,0.0
G1.2.1,10,25,3,1.0,0.6759999999999999,0.04,1.0,0.9,0.9,1.0,0.0,0.996,0.019595917942265423,0.996,0.019595917942265423,0.0,0.0,0.0,0.0,0.7,0.4926984126984126,0.0,0.3257142857142857,0.0,0.0,0.0,0.0
G1.2.1,10,25,4,0.9,0.6977777777777778,0.0,1.0,1.0,1.0,1.0,0.0,1.0,0.0,1.0,0.0,0.0,0.0,0.0,0.0,0.6,0.5555555555555555,0.0,0.3266666666666667,0.0,0.0,0.0,0.0
G1.2.1,10,50,0,1.0,0.6920000000000004,0.041666666666666664,0.9,1.0,0.9,0.9958333333333332,0.019982631347136327,1.0,0.0,0.9958333333333332,0.019982631347136327,0.0,0.0,0.0,0.0,0.7,0.5323809523809525,0.0,0.32285714285714284,0.0,0.0,0.0,0.0
G1.2.1,10,50,1,0.9,0.6711111111111114,0.0,1.0,1.0,1.0,1.0,0.0,1.0,0.0,1.0,0.0,0.0,0.0,0.0,0.0,0.7,0.5425396825396828,0.0,0.3314285714285714,0.0,0.0,0.0,0.0
G1.2.1,10,50,2,1.0,0.7100000000000003,0.0,1.0,1.0,1.0,1.0,0.0,1.0,0.0,1.0,0.0,0.0,0.0,0.0,0.0,0.6,0.535925925925926,0.0,0.3166666666666667,0.0,0.0,0.0,0.0
G1.2.1,10,50,3,0.8,0.6800000000000003,0.0,1.0,1.0,1.0,1.0,0.0,1.0,0.0,1.0,0.0,0.0,0.0,0.0,0.0,0.6,0.5422222222222224,0.0,0.3133333333333334,0.0,0.0,0.0,0.0
G1.2.1,10,50,4,1.0,0.7240000000000004,0.0,1.0,1.0,1.0,1.0,0.0,1.0,0.0,1.0,0.0,0.0,0.0,0.0,0.0,0.8,0.546388888888889,0.0,0.28250000000000003,0.0,0.0,0.0,0.0
G1.2.1,10,100,0,1.0,0.6920000000000004,0.0,1.0,1.0,1.0,1.0,0.0,1.0,0.0,1.0,0.0,0.0,0.0,0.0,0.0,0.4,0.5286111111111114,0.0,0.35,0.0,0.0,0.0,0.0
G1.2.1,10,100,1,1.0,0.6830000000000004,0.0625,0.9,1.0,0.9,0.99375,0.02420614591379635,1.0,0.0,0.99375,0.02420614591379635,0.0,0.0,0.0,0.0,0.5,0.5337777777777779,0.0,0.36200000000000004,0.0,0.0,0.0,0.0
G1.2.1,10,100,2,1.0,0.6840000000000004,0.0,1.0,1.0,1.0,1.0,0.0,1.0,0.0,1.0,0.0,0.0,0.0,0.0,0.0,0.9,0.5486419753086422,0.0,0.31666666666666665,0.0,0.0,0.0,0.0
G1.2.1,10,100,3,1.0,0.6650000000000004,0.0,1.0,1.0,1.0,1.0,0.0,1.0,0.0,1.0,0.0,0.0,0.0,0.0,0.0,0.4,0.5450000000000004,0.0,0.35749999999999993,0.0,0.0,0.0,0.0
G1.2.1,10,100,4,1.0,0.6800000000000004,0.041666666666666664,0.9,1.0,0.9,0.9958333333333332,0.019982631347136327,1.0,0.0,0.9958333333333332,0.019982631347136327,0.0,0.0,0.0,0.0,0.4,0.546666666666667,0.0,0.335,0.0,0.0,0.0,0.0
G1.2.1,25,10,0,0.96,0.7583333333333332,0.0,1.0,1.0,1.0,1.0,0.0,1.0,0.0,1.0,0.0,0.0,0.0,0.0,0.0,0.48,0.5725694444444444,0.0,0.23333333333333336,0.0,0.0,0.0,0.0
G1.2.1,25,10,1,0.92,0.7043478260869565,0.0,1.0,1.0,1.0,1.0,0.0,1.0,0.0,1.0,0.0,0.0,0.0,0.0,0.0,0.48,0.5385416666666666,0.0,0.275,0.0,0.0,0.0,0.0
G1.2.1,25,10,2,0.96,0.7583333333333333,0.0,1.0,1.0,1.0,1.0,0.0,1.0,0.0,1.0,0.0,0.0,0.0,0.0,0.0,0.48,0.5277777777777778,0.0,0.25833333333333336,0.0,0.0,0.0,0.0
G1.2.1,25,10,3,0.92,0.7,0.0,1.0,1.0,1.0,1.0,0.0,1.0,0.0,1.0,0.0,0.0,0.0,0.0,0.0,0.52,0.5384615384615384,0.0,0.29230769230769227,0.0,0.0,0.0,0.0
G1.2.1,25,10,4,0.88,0.7272727272727273,0.0,1.0,1.0,1.0,1.0,0.0,1.0,0.0,1.0,0.0,0.0,0.0,0.0,0.0,0.48,0.5520833333333334,0.0,0.25,0.0,0.0,0.0,0.0
G1.2.1,25,25,0,1.0,0.6912,0.0,1.0,1.0,1.0,1.0,0.0,1.0,0.0,1.0,0.0,0.0,0.0,0.0,0.0,0.8,0.5425833333333332,0.0,0.31200000000000006,0.0,0.0,0.0,0.0
G1.2.1,25,25,1,1.0,0.7136000000000001,0.0,1.0,1.0,1.0,1.0,0.0,1.0,0.0,1.0,0.0,0.0,0.0,0.0,0.0,0.6,0.5301111111111111,0.0,0.3093333333333334,0.0,0.0,0.0,0.0
G1.2.1,25,25,2,1.0,0.6848000000000001,0.0,1.0,1.0,1.0,1.0,0.0,1.0,0.0,1.0,0.0,0.0,0.0,0.0,0.0,0.56,0.5478571428571428,0.0,0.28857142857142865,0.0,0.0,0.0,0.0
G1.2.1,25,25,3,0.92,0.7513043478260871,0.0,1.0,1.0,1.0,1.0,0.0,1.0,0.0,1.0,0.0,0.0,0.0,0.0,0.0,0.68,0.5566666666666665,0.0,0.2564705882352941,0.0,0.0,0.0,0.0
G1.2.1,25,25,4,0.96,0.7000000000000001,0.0,1.0,1.0,1.0,1.0,0.0,1.0,0.0,1.0,0.0,0.0,0.0,0.0,0.0,0.76,0.5762280701754385,0.0,0.2947368421052632,0.0,0.0,0.0,0.0
G1.2.1,25,50,0,1.0,0.7048000000000003,0.0,1.0,1.0,1.0,1.0,0.0,1.0,0.0,1.0,0.0,0.0,0.0,0.0,0.0,0.6,0.5466111111111113,0.0,0.27866666666666673,0.0,0.0,0.0,0.0
G1.2.1,25,50,1,1.0,0.7120000000000003,0.0,1.0,1.0,1.0,1.0,0.0,1.0,0.0,1.0,0.0,0.0,0.0,0.0,0.0,0.64,0.5480208333333335,0.0,0.28500000000000003,0.0,0.0,0.0,0.0
G1.2.1,25,50,2,1.0,0.7064000000000005,0.0,1.0,1.0,1.0,1.0,0.0,1.0,0.0,1.0,0.0,0.0,0.0,0.0,0.0,0.76,0.5342105263157897,0.0,0.29052631578947374,0.0,0.0,0.0,0.0
G1.2.1,25,50,3,0.96,0.6733333333333338,0.0,1.0,1.0,1.0,1.0,0.0,1.0,0.0,1.0,0.0,0.0,0.0,0.0,0.0,0.48,0.5359027777777781,0.0,0.35999999999999993,0.0,0.0,0.0,0.0
G1.2.1,25,50,4,1.0,0.7120000000000004,0.0,1.0,1.0,1.0,1.0,0.0,1.0,0.0,1.0,0.0,0.0,0.0,0.0,0.0,0.72,0.5366203703703705,0.0,0.27666666666666667,0.0,0.0,0.0,0.0
G1.2.1,25,100,0,1.0,0.6852000000000005,0.0,1.0,1.0,1.0,1.0,0.0,1.0,0.0,1.0,0.0,0.0,0.0,0.0,0.0,0.56,0.5486011904761907,0.0,0.3249999999999999,0.0,0.0,0.0,0.0
G1.2.1,25,100,1,1.0,0.6784000000000004,0.0,1.0,1.0,1.0,1.0,0.0,1.0,0.0,1.0,0.0,0.0,0.0,0.0,0.0,0.6,0.5463611111111114,0.0,0.32599999999999996,0.0,0.0,0.0,0.0
G1.2.1,25,100,2,1.0,0.6976000000000003,0.0,1.0,1.0,1.0,1.0,0.0,1.0,0.0,1.0,0.0,0.0,0.0,0.0,0.0,0.76,0.5380921052631581,0.0,0.29947368421052634,0.0,0.0,0.0,0.0
G1.2.1,25,100,3,0.96,0.6929166666666671,0.0,1.0,1.0,1.0,1.0,0.0,1.0,0.0,1.0,0.0,0.0,0.0,0.0,0.0,0.64,0.5520833333333336,0.0,0.306875,0.0,0.0,0.0,0.0
G1.2.1,25,100,4,1.0,0.6928000000000004,0.0,1.0,1.0,1.0,1.0,0.0,1.0,0.0,1.0,0.0,0.0,0.0,0.0,0.0,0.64,0.5309114583333336,0.0,0.311875,0.0,0.0,0.0,0.0
G1.2.1,50,10,0,0.96,0.7125,0.0,1.0,1.0,1.0,1.0,0.0,1.0,0.0,1.0,0.0,0.0,0.0,0.0,0.0,0.54,0.5487528344671203,0.037037037037037035,0.32222222222222224,0.0,0.0,0.0,0.0
G1.2.1,50,10,1,0.94,0.7021276595744681,0.0,1.0,1.0,1.0,1.0,0.0,1.0,0.0,1.0,0.0,0.0,0.0,0.0,0.0,0.52,0.5368916797488226,0.0,0.3384615384615385,0.0,0.0,0.0,0.0
G1.2.1,50,10,2,0.94,0.7212765957446808,0.0,1.0,1.0,1.0,1.0,0.0,1.0,0.0,1.0,0.0,0.0,0.0,0.0,0.0,0.54,0.5595616024187452,0.0,0.2851851851851852,0.0,0.0,0.0,0.0
G1.2.1,50,10,3,0.98,0.7122448979591837,0.0,1.0,1.0,1.0,1.0,0.0,1.0,0.0,1.0,0.0,0.0,0.0,0.0,0.0,0.38,0.525563909774436,0.0,0.2578947368421053,0.0,0.0,0.0,0.0
G1.2.1,50,10,4,0.96,0.71875,0.0,1.0,1.0,1.0,1.0,0.0,1.0,0.0,1.0,0.0,0.0,0.0,0.0,0.0,0.66,0.5823747680890539,0.030303030303030304,0.29090909090909095,0.0,0.0,0.0,0.0
G1.2.1,50,25,0,0.98,0.7175510204081633,0.0,1.0,1.0,1.0,1.0,0.0,1.0,0.0,1.0,0.0,0.0,0.0,0.0,0.0,0.6,0.5382312925170069,0.0,0.2893333333333334,0.0,0.0,0.0,0.0
G1.2.1,50,25,1,0.98,0.7004081632653061,0.0,1.0,1.0,1.0,1.0,0.0,1.0,0.0,1.0,0.0,0.0,0.0,0.0,0.0,0.6,0.5494421768707483,0.0,0.30400000000000005,0.0,0.0,0.0,0.0
G1.2.1,50,25,2,0.98,0.6848979591836735,0.0,1.0,1.0,1.0,1.0,0.0,1.0,0.0,1.0,0.0,0.0,0.0,0.0,0.0,0.56,0.5378717201166181,0.0,0.33,0.0,0.0,0.0,0.0
G1.2.1,50,25,3,0.98,0.7020408163265307,0.0,1.0,1.0,1.0,1.0,0.0,1.0,0.0,1.0,0.0,0.0,0.0,0.0,0.0,0.62,0.5240289664252799,0.0,0.29419354838709677,0.0,0.0,0.0,0.0
G1.2.1,50,25,4,0.96,0.7108333333333334,0.0,1.0,1.0,1.0,1.0,0.0,1.0,0.0,1.0,0.0,0.0,0.0,0.0,0.0,0.6,0.5419591836734694,0.0,0.308,0.0,0.0,0.0,0.0
G1.2.1,50,50,0,1.0,0.7028000000000003,0.0,1.0,1.0,1.0,1.0,0.0,1.0,0.0,1.0,0.0,0.0,0.0,0.0,0.0,0.72,0.5297505668934241,0.0,0.30333333333333334,0.0,0.0,0.0,0.0
G1.2.1,50,50,1,0.98,0.7004081632653064,0.0,1.0,1.0,1.0,1.0,0.0,1.0,0.0,1.0,0.0,0.0,0.0,0.0,0.0,0.6,0.5232380952380954,0.0,0.30066666666666664,0.0,0.0,0.0,0.0
G1.2.1,50,50,2,1.0,0.6888000000000002,0.0,1.0,1.0,1.0,1.0,0.0,1.0,0.0,1.0,0.0,0.0,0.0,0.0,0.0,0.78,0.5250863422291996,0.0,0.3112820512820513,0.0,0.0,0.0,0.0
G1.2.1,50,50,3,1.0,0.6940000000000004,0.0,1.0,1.0,1.0,1.0,0.0,1.0,0.0,1.0,0.0,0.0,0.0,0.0,0.0,0.58,0.5340042223786067,0.0,0.30137931034482757,0.0,0.0,0.0,0.0
G1.2.1,50,50,4,0.98,0.7024489795918369,0.0,1.0,1.0,1.0,1.0,0.0,1.0,0.0,1.0,0.0,0.0,0.0,0.0,0.0,0.76,0.5423737916219121,0.0,0.29894736842105263,0.0,0.0,0.0,0.0
G1.2.1,50,100,0,1.0,0.6892000000000003,0.0,1.0,1.0,1.0,1.0,0.0,1.0,0.0,1.0,0.0,0.0,0.0,0.0,0.0,0.74,0.5374241588527304,0.0,0.3186486486486486,0.0,0.0,0.0,0.0
G1.2.1,50,100,1,1.0,0.6944000000000004,0.0,1.0,1.0,1.0,1.0,0.0,1.0,0.0,1.0,0.0,0.0,0.0,0.0,0.0,0.64,0.5347193877551023,0.0,0.3140625,0.0,0.0,0.0,0.0
G1.2.1,50,100,2,1.0,0.6862000000000004,0.0,1.0,1.0,1.0,1.0,0.0,1.0,0.0,1.0,0.0,0.0,0.0,0.0,0.0,0.66,0.542213976499691,0.0,0.3118181818181818,0.0,0.0,0.0,0.0
G1.2.1,50,100,3,1.0,0.6978000000000004,0.0,1.0,1.0,1.0,1.0,0.0,1.0,0.0,1.0,0.0,0.0,0.0,0.0,0.0,0.74,0.5408935466078327,0.0,0.3032432432432432,0.0,0.0,0.0,0.0
G1.2.1,50,100,4,1.0,0.6902000000000004,0.0,1.0,1.0,1.0,1.0,0.0,1.0,0.0,1.0,0.0,0.0,0.0,0.0,0.0,0.62,0.5473666886109286,0.0,0.3132258064516129,0.0,0.0,0.0,0.0
G1.2.1,100,10,0,0.94,0.7074468085106385,0.0,1.0,1.0,1.0,1.0,0.0,1.0,0.0,1.0,0.0,0.0,0.0,0.0,0.0,0.5,0.5521616161616162,0.0,0.29200000000000004,0.0,0.0,0.0,0.0
G1.2.1,100,10,1,0.98,0.7030612244897958,0.0,1.0,1.0,1.0,1.0,0.0,1.0,0.0,1.0,0.0,0.0,0.0,0.0,0.0,0.46,0.5537988581466843,0.0,0.28260869565217395,0.0,0.0,0.0,0.0
G1.2.1,100,10,2,0.97,0.6855670103092784,0.0,1.0,1.0,1.0,1.0,0.0,1.0,0.0,1.0,0.0,0.0,0.0,0.0,0.0,0.41,0.5557526484355751,0.0,0.3365853658536585,0.0,0.0,0.0,0.0
G1.2.1,100,10,3,0.96,0.7052083333333332,0.0,1.0,1.0,1.0,1.0,0.0,1.0,0.0,1.0,0.0,0.0,0.0,0.0,0.0,0.45,0.5468013468013467,0.0,0.3022222222222223,0.0,0.0,0.0,0.0
G1.2.1,100,10,4,0.93,0.7086021505376344,0.0,1.0,1.0,1.0,1.0,0.0,1.0,0.0,1.0,0.0,0.0,0.0,0.0,0.0,0.39,0.5406371406371407,0.02564102564102564,0.30769230769230776,0.0,0.0,0.0,0.0
G1.2.1,100,25,0,0.94,0.689787234042553,0.0,1.0,1.0,1.0,1.0,0.0,1.0,0.0,1.0,0.0,0.0,0.0,0.0,0.0,0.45,0.5367631874298541,0.0,0.328,0.0,0.0,0.0,0.0
G1.2.1,100,25,1,0.94,0.6919148936170213,0.0,1.0,1.0,1.0,1.0,0.0,1.0,0.0,1.0,0.0,0.0,0.0,0.0,0.0,0.55,0.549149678604224,0.0,0.31709090909090903,0.0,0.0,0.0,0.0
G1.2.1,100,25,2,0.98,0.6897959183673468,0.0,1.0,1.0,1.0,1.0,0.0,1.0,0.0,1.0,0.0,0.0,0.0,0.0,0.0,0.5,0.5371797979797979,0.0,0.31440000000000007,0.0,0.0,0.0,0.0
G1.2.1,100,25,3,0.96,0.6991666666666666,0.0,1.0,1.0,1.0,1.0,0.0,1.0,0.0,1.0,0.0,0.0,0.0,0.0,0.0,0.49,0.5369037311894455,0.0,0.3134693877551021,0.0,0.0,0.0,0.0
G1.2.1,100,25,4,0.97,0.7047422680412371,0.0,1.0,1.0,1.0,1.0,0.0,1.0,0.0,1.0,0.0,0.0,0.0,0.0,0.0,0.6,0.5467676767676767,0.0,0.30333333333333334,0.0,0.0,0.0,0.0
G1.2.1,100,50,0,1.0,0.6834000000000003,0.0,1.0,1.0,1.0,1.0,0.0,1.0,0.0,1.0,0.0,0.0,0.0,0.0,0.0,0.66,0.5374043464952558,0.0,0.32545454545454544,0.0,0.0,0.0,0.0
G1.2.1,100,50,1,0.98,0.692448979591837,0.0,1.0,1.0,1.0,1.0,0.0,1.0,0.0,1.0,0.0,0.0,0.0,0.0,0.0,0.56,0.5358116883116885,0.0,0.32928571428571424,0.0,0.0,0.0,0.0
G1.2.1,100,50,2,0.99,0.701616161616162,0.0,1.0,1.0,1.0,1.0,0.0,1.0,0.0,1.0,0.0,0.0,0.0,0.0,0.0,0.67,0.5394904266546059,0.0,0.2952238805970149,0.0,0.0,0.0,0.0
G1.2.1,100,50,3,0.99,0.6979797979797984,0.0,1.0,1.0,1.0,1.0,0.0,1.0,0.0,1.0,0.0,0.0,0.0,0.0,0.0,0.6,0.5331750841750843,0.0,0.31533333333333335,0.0,0.0,0.0,0.0
G1.2.1,100,50,4,0.97,0.7000000000000004,0.0,1.0,1.0,1.0,1.0,0.0,1.0,0.0,1.0,0.0,0.0,0.0,0.0,0.0,0.52,0.5421872571872574,0.0,0.29769230769230776,0.0,0.0,0.0,0.0
G1.2.1,100,100,0,1.0,0.6986000000000004,0.0,1.0,1.0,1.0,1.0,0.0,1.0,0.0,1.0,0.0,0.0,0.0,0.0,0.0,0.63,0.5421596921596926,0.0,0.3041269841269842,0.0,0.0,0.0,0.0
G1.2.1,100,100,1,1.0,0.7010000000000002,0.0,1.0,1.0,1.0,1.0,0.0,1.0,0.0,1.0,0.0,0.0,0.0,0.0,0.0,0.72,0.5401950056116726,0.0,0.29986111111111113,0.0,0.0,0.0,0.0
G1.2.1,100,100,2,1.0,0.6887000000000003,0.0,1.0,1.0,1.0,1.0,0.0,1.0,0.0,1.0,0.0,0.0,0.0,0.0,0.0,0.72,0.5394598765432101,0.0,0.3151388888888889,0.0,0.0,0.0,0.0
G1.2.1,100,100,3,1.0,0.6997000000000003,0.0,1.0,1.0,1.0,1.0,0.0,1.0,0.0,1.0,0.0,0.0,0.0,0.0,0.0,0.61,0.5383308494783908,0.0,0.2959016393442624,0.0,0.0,0.0,0.0
G1.2.1,100,100,4,0.99,0.7025252525252529,0.0,1.0,1.0,1.0,1.0,0.0,1.0,0.0,1.0,0.0,0.0,0.0,0.0,0.0,0.61,0.5395595297234643,0.0,0.2988524590163934,0.0,0.0,0.0,0.0
G1.2.2,10,10,0,1.0,0.69,0.043478260869565216,1.0,0.9,0.9,1.0,0.0,0.9956521739130434,0.0203931119992323,0.9956521739130434,0.0203931119992323,0.0,0.0,0.0,0.0,0.7,0.5285714285714286,0.0,0.3285714285714286,0.0,0.0,0.0,0.0
G1.2.2,10,10,1,1.0,0.7599999999999999,0.0,1.0,1.0,1.0,1.0,0.0,1.0,0.0,1.0,0.0,0.0,0.0,0.0,0.0,0.7,0.5571428571428572,0.0,0.24285714285714288,0.0,0.0,0.0,0.0
G1.2.2,10,10,2,1.0,0.6499999999999999,0.09523809523809523,1.0,0.8,0.8,1.0,0.0,0.9904761904761905,0.029354352395090353,0.9904761904761905,0.029354352395090353,0.0,0.0,0.0,0.0,0.9,0.5617283950617283,0.0,0.3333333333333333,0.0,0.0,0.0,0.0
G1.2.2,10,10,3,1.0,0.72,0.1111111111111111,0.8,0.9,0.7,0.9882716049382716,0.03322455960690837,0.9944444444444444,0.022906142364542553,0.9827160493827161,0.05108187868043753,0.0,0.0,0.0,0.0,0.5,0.5755555555555555,0.0,0.28,0.0,0.0,0.0,0.0
G1.2.2,10,10,4,0.9,0.7333333333333333,0.0,1.0,1.0,1.0,1.0,0.0,1.0,0.0,1.0,0.0,0.0,0.0,0.0,0.0,0.6,0.6185185185185185,0.16666666666666666,0.26666666666666666,0.0,0.0,0.0,0.0
G1.2.2,10,25,0,1.0,0.6559999999999999,0.0,1.0,1.0,1.0,1.0,0.0,1.0,0.0,1.0,0.0,0.0,0.0,0.0,0.0,0.6,0.5807407407407407,0.0,0.2733333333333333,0.0,0.0,0.0,0.0
G1.2.2,10,25,1,1.0,0.692,0.03571428571428571,0.9,1.0,0.9,0.9964285714285713,0.01855768722395225,1.0,0.0,0.9964285714285713,0.01855768722395225,0.0,0.0,0.0,0.0,0.5,0.5653333333333334,0.0,0.27999999999999997,0.0,0.0,0.0,0.0
G1.2.2,10,25,2,1.0,0.7,0.04,1.0,0.9,0.9,1.0,0.0,0.996,0.019595917942265423,0.996,0.019595917942265423,0.0,0.0,0.0,0.0,0.7,0.5263492063492062,0.0,0.33714285714285713,0.0,0.0,0.0,0.0
G1.2.2,10,25,3,1.0,0.708,0.0,1.0,1.0,1.0,1.0,0.0,1.0,0.0,1.0,0.0,0.0,0.0,0.0,0.0,0.8,0.5311111111111111,0.0,0.29000000000000004,0.0,0.0,0.0,0.0
G1.2.2,10,25,4,0.9,0.6933333333333334,0.045454545454545456,1.0,0.8888888888888888,0.8888888888888888,1.0,0.0,0.9949494949494949,0.02314432169169617,0.9949494949494949,0.02314432169169617,0.0,0.0,0.0,0.0,0.7,0.5625396825396825,0.0,0.33142857142857146,0.0,0.0,0.0,0.0
G1.2.2,10,50,0,1.0,0.7080000000000004,0.0,1.0,1.0,1.0,1.0,0.0,1.0,0.0,1.0,0.0,0.0,0.0,0.0,0.0,0.6,0.535925925925926,0.0,0.2966666666666667,0.0,0.0,0.0,0.0
G1.2.2,10,50,1,0.9,0.686666666666667,0.05555555555555555,0.8888888888888888,1.0,0.8888888888888888,0.9938271604938271,0.02545126929393619,1.0,0.0,0.9938271604938271,0.02545126929393619,0.0,0.0,0.0,0.0,0.5,0.5804444444444445,0.0,0.29200000000000004,0.0,0.0,0.0,0.0
G1.2.2,10,50,2,1.0,0.7120000000000003,0.0,1.0,1.0,1.0,1.0,0.0,1.0,0.0,1.0,0.0,0.0,0.0,0.0,0.0,0.8,0.5466666666666669,0.0,0.3025,0.0,0.0,0.0,0.0
G1.2.2,10,50,3,0.8,0.7000000000000003,0.0,1.0,1.0,1.0,1.0,0.0,1.0,0.0,1.0,0.0,0.0,0.0,0.0,0.0,0.7,0.5498412698412699,0.0,0.31142857142857144,0.0,0.0,0.0,0.0
G1.2.2,10,50,4,1.0,0.7040000000000003,0.0,1.0,1.0,1.0,1.0,0.0,1.0,0.0,1.0,0.0,0.0,0.0,0.0,0.0,0.7,0.5431746031746033,0.0,0.3114285714285714,0.0,0.0,0.0,0.0
G1.2.2,10,100,0,0.9,0.6788888888888892,0.0,1.0,1.0,1.0,1.0,0.0,1.0,0.0,1.0,0.0,0.0,0.0,0.0,0.0,0.7,0.5301587301587304,0.0,0.3314285714285714,0.0,0.0,0.0,0.0
G1.2.2,10,100,1,0.9,0.696666666666667,0.0,1.0,1.0,1.0,1.0,0.0,1.0,0.0,1.0,0.0,0.0,0.0,0.0,0.0,0.8,0.5370833333333336,0.0,0.30625,0.0,0.0,0.0,0.0
G1.2.2,10,100,2,0.9,0.6800000000000003,0.0,1.0,1.0,1.0,1.0,0.0,1.0,0.0,1.0,0.0,0.0,0.0,0.0,0.0,0.8,0.5273611111111114,0.0,0.31625000000000003,0.0,0.0,0.0,0.0
G1.2.2,10,100,3,1.0,0.7190000000000004,0.041666666666666664,1.0,0.9,0.9,1.0,0.0,0.9958333333333332,0.019982631347136327,0.9958333333333332,0.019982631347136327,0.0,0.0,0.0,0.0,0.9,0.5561728395061731,0.0,0.2733333333333333,0.0,0.0,0.0,0.0
G1.2.2,10,100,4,1.0,0.6960000000000004,0.0,1.0,1.0,1.0,1.0,0.0,1.0,0.0,1.0,0.0,0.0,0.0,0.0,0.0,1.0,0.542666666666667,0.0,0.304,0.0,0.0,0.0,0.0
G1.2.2,25,10,0,1.0,0.708,0.0,1.0,1.0,1.0,1.0,0.0,1.0,0.0,1.0,0.0,0.0,0.0,0.0,0.0,0.68,0.5637254901960784,0.0,0.31764705882352945,0.0,0.0,0.0,0.0
G1.2.2,25,10,1,1.0,0.708,0.0,1.0,1.0,1.0,1.0,0.0,1.0,0.0,1.0,0.0,0.0,0.0,0.0,0.0,0.44,0.5272727272727273,0.0,0.3090909090909091,0.0,0.0,0.0,0.0
G1.2.2,25,10,2,1.0,0.736,0.0,1.0,1.0,1.0,1.0,0.0,1.0,0.0,1.0,0.0,0.0,0.0,0.0,0.0,0.48,0.5614583333333333,0.0,0.2833333333333333,0.0,0.0,0.0,0.0
G1.2.2,25,10,3,0.92,0.7347826086956519,0.0,1.0,1.0,1.0,1.0,0.0,1.0,0.0,1.0,0.0,0.0,0.0,0.0,0.0,0.6,0.601388888888889,0.0,0.2733333333333333,0.0,0.0,0.0,0.0
G1.2.2,25,10,4,0.96,0.6999999999999998,0.0,1.0,1.0,1.0,1.0,0.0,1.0,0.0,1.0,0.0,0.0,0.0,0.0,0.0,0.52,0.5451923076923076,0.0,0.2769230769230769,0.0,0.0,0.0,0.0
G1.2.2,25,25,0,0.96,0.7200000000000001,0.0,1.0,1.0,1.0,1.0,0.0,1.0,0.0,1.0,0.0,0.0,0.0,0.0,0.0,0.64,0.5486458333333333,0.0,0.31000000000000005,0.0,0.0,0.0,0.0
G1.2.2,25,25,1,0.96,0.6916666666666668,0.0,1.0,1.0,1.0,1.0,0.0,1.0,0.0,1.0,0.0,0.0,0.0,0.0,0.0,0.72,0.5401851851851851,0.0,0.31333333333333335,0.0,0.0,0.0,0.0
G1.2.2,25,25,2,0.96,0.7233333333333333,0.0,1.0,1.0,1.0,1.0,0.0,1.0,0.0,1.0,0.0,0.0,0.0,0.0,0.0,0.56,0.5419047619047618,0.0,0.31142857142857144,0.0,0.0,0.0,0.0
G1.2.2,25,25,3,1.0,0.7168000000000001,0.0,1.0,1.0,1.0,1.0,0.0,1.0,0.0,1.0,0.0,0.0,0.0,0.0,0.0,0.72,0.5609259259259258,0.0,0.3022222222222223,0.0,0.0,0.0,0.0
G1.2.2,25,25,4,0.96,0.7183333333333334,0.0,1.0,1.0,1.0,1.0,0.0,1.0,0.0,1.0,0.0,0.0,0.0,0.0,0.0,0.56,0.5557142857142857,0.0,0.2914285714285715,0.0,0.0,0.0,0.0
G1.2.2,25,50,0,0.96,0.691666666666667,0.0,1.0,1.0,1.0,1.0,0.0,1.0,0.0,1.0,0.0,0.0,0.0,0.0,0.0,0.52,0.5380769230769233,0.0,0.30769230769230765,0.0,0.0,0.0,0.0
G1.2.2,25,50,1,0.96,0.7050000000000004,0.0,1.0,1.0,1.0,1.0,0.0,1.0,0.0,1.0,0.0,0.0,0.0,0.0,0.0,0.6,0.547277777777778,0.0,0.2973333333333334,0.0,0.0,0.0,0.0
G1.2.2,25,50,2,1.0,0.6840000000000004,0.0,1.0,1.0,1.0,1.0,0.0,1.0,0.0,1.0,0.0,0.0,0.0,0.0,0.0,0.76,0.5459649122807019,0.0,0.3252631578947368,0.0,0.0,0.0,0.0
G1.2.2,25,50,3,1.0,0.6800000000000003,0.0,1.0,1.0,1.0,1.0,0.0,1.0,0.0,1.0,0.0,0.0,0.0,0.0,0.0,0.56,0.5345238095238097,0.0,0.33,0.0,0.0,0.0,0.0
G1.2.2,25,50,4,1.0,0.7120000000000004,0.0,1.0,1.0,1.0,1.0,0.0,1.0,0.0,1.0,0.0,0.0,0.0,0.0,0.0,0.56,0.556904761904762,0.0,0.28857142857142853,0.0,0.0,0.0,0.0
G1.2.2,25,100,0,1.0,0.6964000000000002,0.0,1.0,1.0,1.0,1.0,0.0,1.0,0.0,1.0,0.0,0.0,0.0,0.0,0.0,0.84,0.5580753968253971,0.0,0.299047619047619,0.0,0.0,0.0,0.0
G1.2.2,25,100,1,1.0,0.6896000000000003,0.0,1.0,1.0,1.0,1.0,0.0,1.0,0.0,1.0,0.0,0.0,0.0,0.0,0.0,0.64,0.5442187500000002,0.0,0.32375,0.0,0.0,0.0,0.0
G1.2.2,25,100,2,1.0,0.6964000000000002,0.0,1.0,1.0,1.0,1.0,0.0,1.0,0.0,1.0,0.0,0.0,0.0,0.0,0.0,0.64,0.5413020833333335,0.0,0.293125,0.0,0.0,0.0,0.0
G1.2.2,25,100,3,1.0,0.6832000000000004,0.0,1.0,1.0,1.0,1.0,0.0,1.0,0.0,1.0,0.0,0.0,0.0,0.0,0.0,0.64,0.5454166666666669,0.0,0.31625000000000003,0.0,0.0,0.0,0.0
G1.2.2,25,100,4,0.96,0.6908333333333339,0.0,1.0,1.0,1.0,1.0,0.0,1.0,0.0,1.0,0.0,0.0,0.0,0.0,0.0,0.6,0.5321111111111113,0.0,0.3166666666666666,0.0,0.0,0.0,0.0
G1.2.2,50,10,0,0.9,0.6933333333333334,0.0,1.0,1.0,1.0,1.0,0.0,1.0,0.0,1.0,0.0,0.0,0.0,0.0,0.0,0.4,0.5356122448979592,0.0,0.35,0.0,0.0,0.0,0.0
G1.2.2,50,10,1,1.0,0.6679999999999999,0.0,1.0,1.0,1.0,1.0,0.0,1.0,0.0,1.0,0.0,0.0,0.0,0.0,0.0,0.44,0.5137291280148423,0.0,0.3136363636363636,0.0,0.0,0.0,0.0
G1.2.2,50,10,2,0.98,0.7061224489795919,0.0,1.0,1.0,1.0,1.0,0.0,1.0,0.0,1.0,0.0,0.0,0.0,0.0,0.0,0.52,0.5708006279434851,0.0,0.3153846153846154,0.0,0.0,0.0,0.0
G1.2.2,50,10,3,0.94,0.7021276595744681,0.0,1.0,1.0,1.0,1.0,0.0,1.0,0.0,1.0,0.0,0.0,0.0,0.0,0.0,0.42,0.5557823129251701,0.0,0.2952380952380953,0.0,0.0,0.0,0.0
G1.2.2,50,10,4,0.94,0.6851063829787233,0.0,1.0,1.0,1.0,1.0,0.0,1.0,0.0,1.0,0.0,0.0,0.0,0.0,0.0,0.44,0.5443413729128015,0.0,0.3090909090909091,0.0,0.0,0.0,0.0
G1.2.2,50,25,0,0.94,0.7021276595744682,0.0,1.0,1.0,1.0,1.0,0.0,1.0,0.0,1.0,0.0,0.0,0.0,0.0,0.0,0.42,0.5609718172983478,0.0,0.31809523809523815,0.0,0.0,0.0,0.0
G1.2.2,50,25,1,0.98,0.7240816326530614,0.0,1.0,1.0,1.0,1.0,0.0,1.0,0.0,1.0,0.0,0.0,0.0,0.0,0.0,0.58,0.545137227304715,0.0,0.2855172413793104,0.0,0.0,0.0,0.0
G1.2.2,50,25,2,0.96,0.7158333333333333,0.0,1.0,1.0,1.0,1.0,0.0,1.0,0.0,1.0,0.0,0.0,0.0,0.0,0.0,0.54,0.5340589569160998,0.0,0.2977777777777778,0.0,0.0,0.0,0.0
G1.2.2,50,25,3,0.98,0.7004081632653061,0.0,1.0,1.0,1.0,1.0,0.0,1.0,0.0,1.0,0.0,0.0,0.0,0.0,0.0,0.68,0.5408643457382951,0.0,0.3035294117647059,0.0,0.0,0.0,0.0
G1.2.2,50,25,4,0.98,0.6971428571428572,0.0,1.0,1.0,1.0,1.0,0.0,1.0,0.0,1.0,0.0,0.0,0.0,0.0,0.0,0.54,0.5456689342403629,0.0,0.3140740740740741,0.0,0.0,0.0,0.0
G1.2.2,50,50,0,0.96,0.6983333333333336,0.0,1.0,1.0,1.0,1.0,0.0,1.0,0.0,1.0,0.0,0.0,0.0,0.0,0.0,0.64,0.5384056122448981,0.0,0.306875,0.0,0.0,0.0,0.0
G1.2.2,50,50,1,1.0,0.7016000000000004,0.0,1.0,1.0,1.0,1.0,0.0,1.0,0.0,1.0,0.0,0.0,0.0,0.0,0.0,0.68,0.5433373349339736,0.0,0.2888235294117647,0.0,0.0,0.0,0.0
G1.2.2,50,50,2,0.98,0.69265306122449,0.0,1.0,1.0,1.0,1.0,0.0,1.0,0.0,1.0,0.0,0.0,0.0,0.0,0.0,0.78,0.5484877027734171,0.0,0.3056410256410257,0.0,0.0,0.0,0.0
G1.2.2,50,50,3,0.98,0.69265306122449,0.0,1.0,1.0,1.0,1.0,0.0,1.0,0.0,1.0,0.0,0.0,0.0,0.0,0.0,0.74,0.5446552675124106,0.0,0.30270270270270266,0.0,0.0,0.0,0.0
G1.2.2,50,50,4,0.98,0.6889795918367351,0.0,1.0,1.0,1.0,1.0,0.0,1.0,0.0,1.0,0.0,0.0,0.0,0.0,0.0,0.72,0.5445238095238094,0.0,0.30944444444444447,0.0,0.0,0.0,0.0
G1.2.2,50,100,0,1.0,0.6992000000000003,0.0,1.0,1.0,1.0,1.0,0.0,1.0,0.0,1.0,0.0,0.0,0.0,0.0,0.0,0.66,0.5460235003092149,0.0,0.3018181818181818,0.0,0.0,0.0,0.0
G1.2.2,50,100,1,1.0,0.6866000000000004,0.0,1.0,1.0,1.0,1.0,0.0,1.0,0.0,1.0,0.0,0.0,0.0,0.0,0.0,0.66,0.5454174397031541,0.0,0.31757575757575757,0.0,0.0,0.0,0.0
G1.2.2,50,100,2,1.0,0.6978000000000004,0.0,1.0,1.0,1.0,1.0,0.0,1.0,0.0,1.0,0.0,0.0,0.0,0.0,0.0,0.62,0.5410730743910469,0.0,0.30129032258064514,0.0,0.0,0.0,0.0
G1.2.2,50,100,3,1.0,0.6962000000000004,0.0,1.0,1.0,1.0,1.0,0.0,1.0,0.0,1.0,0.0,0.0,0.0,0.0,0.0,0.72,0.5401757369614516,0.0,0.30388888888888893,0.0,0.0,0.0,0.0
G1.2.2,50,100,4,1.0,0.6850000000000004,0.0,1.0,1.0,1.0,1.0,0.0,1.0,0.0,1.0,0.0,0.0,0.0,0.0,0.0,0.66,0.5371985157699447,0.0,0.31575757575757574,0.0,0.0,0.0,0.0
G1.2.2,100,10,0,0.92,0.716304347826087,0.0,1.0,1.0,1.0,1.0,0.0,1.0,0.0,1.0,0.0,0.0,0.0,0.0,0.0,0.48,0.5682239057239057,0.0,0.2833333333333333,0.0,0.0,0.0,0.0
G1.2.2,100,10,1,0.93,0.710752688172043,0.0,1.0,1.0,1.0,1.0,0.0,1.0,0.0,1.0,0.0,0.0,0.0,0.0,0.0,0.45,0.5460381593714927,0.0,0.2955555555555556,0.0,0.0,0.0,0.0
G1.2.2,100,10,2,0.95,0.7189473684210526,0.0,1.0,1.0,1.0,1.0,0.0,1.0,0.0,1.0,0.0,0.0,0.0,0.0,0.0,0.46,0.5743522178304787,0.0,0.2782608695652174,0.0,0.0,0.0,0.0
G1.2.2,100,10,3,0.97,0.7092783505154638,0.0,1.0,1.0,1.0,1.0,0.0,1.0,0.0,1.0,0.0,0.0,0.0,0.0,0.0,0.37,0.5500409500409501,0.0,0.2729729729729729,0.0,0.0,0.0,0.0
G1.2.2,100,10,4,0.96,0.6989583333333332,0.0,1.0,1.0,1.0,1.0,0.0,1.0,0.0,1.0,0.0,0.0,0.0,0.0,0.0,0.49,0.5623170480313338,0.0,0.3142857142857143,0.0,0.0,0.0,0.0
G1.2.2,100,25,0,0.97,0.6989690721649483,0.0,1.0,1.0,1.0,1.0,0.0,1.0,0.0,1.0,0.0,0.0,0.0,0.0,0.0,0.59,0.5420784112309535,0.0,0.3071186440677967,0.0,0.0,0.0,0.0
G1.2.2,100,25,1,0.96,0.7104166666666666,0.0,1.0,1.0,1.0,1.0,0.0,1.0,0.0,1.0,0.0,0.0,0.0,0.0,0.0,0.55,0.539070707070707,0.0,0.2894545454545454,0.0,0.0,0.0,0.0
G1.2.2,100,25,2,0.99,0.7054545454545453,0.0,1.0,1.0,1.0,1.0,0.0,1.0,0.0,1.0,0.0,0.0,0.0,0.0,0.0,0.59,0.5519739770587225,0.0,0.28949152542372886,0.0,0.0,0.0,0.0
G1.2.2,100,25,3,0.97,0.6981443298969072,0.0,1.0,1.0,1.0,1.0,0.0,1.0,0.0,1.0,0.0,0.0,0.0,0.0,0.0,0.51,0.5369221628045157,0.0,0.3129411764705882,0.0,0.0,0.0,0.0
G1.2.2,100,25,4,0.97,0.6923711340206186,0.0,1.0,1.0,1.0,1.0,0.0,1.0,0.0,1.0,0.0,0.0,0.0,0.0,0.0,0.56,0.5389898989898989,0.0,0.30428571428571427,0.0,0.0,0.0,0.0
G1.2.2,100,50,0,0.99,0.6931313131313135,0.0,1.0,1.0,1.0,1.0,0.0,1.0,0.0,1.0,0.0,0.0,0.0,0.0,0.0,0.7,0.5349668109668112,0.0,0.3171428571428571,0.0,0.0,0.0,0.0
G1.2.2,100,50,1,0.98,0.6879591836734696,0.0,1.0,1.0,1.0,1.0,0.0,1.0,0.0,1.0,0.0,0.0,0.0,0.0,0.0,0.62,0.5325285109156079,0.0,0.31580645161290327,0.0,0.0,0.0,0.0
G1.2.2,100,50,2,0.99,0.6969696969696971,0.0,1.0,1.0,1.0,1.0,0.0,1.0,0.0,1.0,0.0,0.0,0.0,0.0,0.0,0.71,0.5329036847346706,0.0,0.31154929577464785,0.0,0.0,0.0,0.0
G1.2.2,100,50,3,0.95,0.6993684210526319,0.0,1.0,1.0,1.0,1.0,0.0,1.0,0.0,1.0,0.0,0.0,0.0,0.0,0.0,0.63,0.5382010582010583,0.0,0.30126984126984135,0.0,0.0,0.0,0.0
G1.2.2,100,50,4,0.97,0.7051546391752581,0.0,1.0,1.0,1.0,1.0,0.0,1.0,0.0,1.0,0.0,0.0,0.0,0.0,0.0,0.54,0.531604938271605,0.0,0.2944444444444444,0.0,0.0,0.0,0.0
G1.2.2,100,100,0,1.0,0.6933000000000004,0.0,1.0,1.0,1.0,1.0,0.0,1.0,0.0,1.0,0.0,0.0,0.0,0.0,0.0,0.71,0.5371574903969273,0.0,0.31126760563380285,0.0,0.0,0.0,0.0
G1.2.2,100,100,1,0.99,0.695656565656566,0.0,1.0,1.0,1.0,1.0,0.0,1.0,0.0,1.0,0.0,0.0,0.0,0.0,0.0,0.55,0.5397245179063365,0.0,0.2981818181818182,0.0,0.0,0.0,0.0
G1.2.2,100,100,2,0.98,0.699183673469388,0.0,1.0,1.0,1.0,1.0,0.0,1.0,0.0,1.0,0.0,0.0,0.0,0.0,0.0,0.71,0.5400256081946226,0.0,0.296338028169014,0.0,0.0,0.0,0.0
G1.2.2,100,100,3,1.0,0.6996000000000003,0.0,1.0,1.0,1.0,1.0,0.0,1.0,0.0,1.0,0.0,0.0,0.0,0.0,0.0,0.68,0.5352718360071302,0.0,0.30294117647058827,0.0,0.0,0.0,0.0
G1.2.2,100,100,4,0.98,0.688571428571429,0.0,1.0,1.0,1.0,1.0,0.0,1.0,0.0,1.0,0.0,0.0,0.0,0.0,0.0,0.65,0.539592851592852,0.0,0.31353846153846154,0.0,0.0,0.0,0.0
G1.2.3,10,10,0,1.0,0.71,0.027777777777777776,1.0,0.8,0.8,1.0,0.0,0.9972222222222222,0.016433554953054486,0.9972222222222222,0.016433554953054486,0.0,0.0,0.0,0.0,0.8,0.5805555555555555,0.0,0.3,0.0,0.0,0.0,0.0
G1.2.3,10,10,1,1.0,0.6899999999999998,0.0,1.0,1.0,1.0,1.0,0.0,1.0,0.0,1.0,0.0,0.0,0.0,0.0,0.0,0.5,0.45999999999999996,0.0,0.32,0.0,0.0,0.0,0.0
G1.2.3,10,10,2,0.7,0.6857142857142857,0.013157894736842105,1.0,0.8571428571428572,0.8571428571428572,1.0,0.0,0.9981203007518797,0.01627867300346688,0.9981203007518797,0.01627867300346688,0.0,0.0,0.0,0.0,0.5,0.5399999999999999,0.2,0.4,0.0,0.0,0.0,0.0
G1.2.3,10,10,3,0.9,0.7444444444444444,0.013513513513513514,0.8888888888888888,1.0,0.8888888888888888,0.9984984984984985,0.012828834452428732,1.0,0.0,0.9984984984984985,0.012828834452428732,0.0,0.0,0.0,0.0,0.6,0.5703703703703704,0.0,0.3666666666666667,0.0,0.0,0.0,0.0
G1.2.3,10,10,4,1.0,0.66,0.012048192771084338,1.0,0.9,0.9,1.0,0.0,0.9987951807228916,0.010910102576069176,0.9987951807228916,0.010910102576069176,0.0,0.0,0.0,0.0,0.6,0.5,0.0,0.3833333333333333,0.0,0.0,0.0,0.0
G1.2.3,10,25,0,1.0,0.708,0.029411764705882353,1.0,0.8,0.8,1.0,0.0,0.9970588235294118,0.016895772489817728,0.9970588235294118,0.016895772489817728,0.0,0.0,0.0,0.0,0.7,0.5523809523809524,0.0,0.3028571428571429,0.0,0.0,0.0,0.0
G1.2.3,10,25,1,1.0,0.6359999999999999,0.0,1.0,1.0,1.0,1.0,0.0,1.0,0.0,1.0,0.0,0.0,0.0,0.0,0.0,0.7,0.5326984126984128,0.0,0.3942857142857143,0.0,0.0,0.0,0.0
G1.2.3,10,25,2,1.0,0.6799999999999999,0.0136986301369863,0.9,1.0,0.9,0.9986301369863014,0.011623673115395293,1.0,0.0,0.9986301369863014,0.011623673115395293,0.0,0.0,0.0,0.0,0.4,0.46333333333333326,0.0,0.4,0.0,0.0,0.0,0.0
G1.2.3,10,25,3,1.0,0.6679999999999999,0.037037037037037035,0.9,0.9,0.8,0.9987654320987654,0.011042310999998957,0.9987654320987654,0.011042310999998955,0.9975308641975308,0.015518277888859913,0.0,0.0,0.0,0.0,0.6,0.5422222222222222,0.0,0.37333333333333335,0.0,0.0,0.0,0.0
G1.2.3,10,25,4,0.9,0.7466666666666667,0.0,1.0,1.0,1.0,1.0,0.0,1.0,0.0,1.0,0.0,0.0,0.0,0.0,0.0,0.7,0.5485714285714286,0.0,0.26285714285714284,0.0,0.0,0.0,0.0
G1.2.3,10,50,0,1.0,0.6960000000000004,0.012987012987012988,1.0,0.9,0.9,1.0,0.0,0.9987012987012988,0.01132181543776798,0.9987012987012988,0.01132181543776798,0.0,0.0,0.0,0.0,0.9,0.5634567901234571,0.0,0.30666666666666675,0.0,0.0,0.0,0.0
G1.2.3,10,50,1,0.8,0.7300000000000003,0.0,1.0,1.0,1.0,1.0,0.0,1.0,0.0,1.0,0.0,0.0,0.0,0.0,0.0,0.6,0.5062962962962965,0.0,0.2866666666666667,0.0,0.0,0.0,0.0
G1.2.3,10,50,2,0.9,0.6711111111111114,0.03488372093023256,1.0,0.7777777777777778,0.7777777777777778,1.0,0.0,0.9974160206718345,0.016746099995885954,0.9974160206718345,0.016746099995885954,0.0,0.0,0.0,0.0,0.7,0.5492063492063494,0.0,0.3628571428571429,0.0,0.0,0.0,0.0
G1.2.3,10,50,3,0.9,0.706666666666667,0.0,1.0,1.0,1.0,1.0,0.0,1.0,0.0,1.0,0.0,0.0,0.0,0.0,0.0,0.3,0.5170370370370372,0.0,0.3466666666666667,0.0,0.0,0.0,0.0
G1.2.3,10,50,4,1.0,0.7120000000000004,0.011235955056179775,1.0,0.9,0.9,1.0,0.0,0.9988764044943821,0.010540260134434673,0.9988764044943821,0.010540260134434673,0.0,0.0,0.0,0.0,0.6,0.5244444444444446,0.0,0.30333333333333334,0.0,0.0,0.0,0.0
G1.2.3,10,100,0,1.0,0.6990000000000004,0.0,1.0,1.0,1.0,1.0,0.0,1.0,0.0,1.0,0.0,0.0,0.0,0.0,0.0,0.6,0.5472222222222225,0.0,0.3216666666666667,0.0,0.0,0.0,0.0
G1.2.3,10,100,1,1.0,0.7100000000000004,0.0,1.0,1.0,1.0,1.0,0.0,1.0,0.0,1.0,0.0,0.0,0.0,0.0,0.0,0.7,0.5260317460317462,0.0,0.29857142857142854,0.0,0.0,0.0,0.0
G1.2.3,10,100,2,1.0,0.6910000000000004,0.013333333333333334,1.0,0.9,0.9,1.0,0.0,0.9986666666666667,0.011469767022723499,0.9986666666666667,0.011469767022723499,0.0,0.0,0.0,0.0,0.6,0.5209259259259262,0.0,0.2966666666666667,0.0,0.0,0.0,0.0
G1.2.3,10,100,3,1.0,0.7030000000000004,0.0,1.0,1.0,1.0,1.0,0.0,1.0,0.0,1.0,0.0,0.0,0.0,0.0,0.0,0.7,0.5725396825396828,0.0,0.2942857142857143,0.0,0.0,0.0,0.0
G1.2.3,10,100,4,1.0,0.7060000000000005,0.0,1.0,1.0,1.0,1.0,0.0,1.0,0.0,1.0,0.0,0.0,0.0,0.0,0.0,0.4,0.5522222222222225,0.0,0.37500000000000006,0.0,0.0,0.0,0.0
G1.2.3,25,10,0,0.96,0.7124999999999999,0.0,1.0,1.0,1.0,1.0,0.0,1.0,0.0,1.0,0.0,0.0,0.0,0.0,0.0,0.56,0.536904761904762,0.0,0.3,0.0,0.0,0.0,0.0
G1.2.3,25,10,1,0.96,0.7125,0.0,1.0,1.0,1.0,1.0,0.0,1.0,0.0,1.0,0.0,0.0,0.0,0.0,0.0,0.6,0.5772222222222222,0.0,0.3,0.0,0.0,0.0,0.0
G1.2.3,25,10,2,0.96,0.6291666666666665,0.0,1.0,1.0,1.0,1.0,0.0,1.0,0.0,1.0,0.0,0.0,0.0,0.0,0.0,0.64,0.57734375,0.0,0.39375,0.0,0.0,0.0,0.0
G1.2.3,25,10,3,1.0,0.7,0.0,1.0,1.0,1.0,1.0,0.0,1.0,0.0,1.0,0.0,0.0,0.0,0.0,0.0,0.68,0.528921568627451,0.0,0.2882352941176471,0.0,0.0,0.0,0.0
G1.2.3,25,10,4,0.96,0.6833333333333332,0.0,1.0,1.0,1.0,1.0,0.0,1.0,0.0,1.0,0.0,0.0,0.0,0.0,0.0,0.64,0.50859375,0.0,0.34375,0.0,0.0,0.0,0.0
G1.2.3,25,25,0,1.0,0.7040000000000001,0.0,1.0,1.0,1.0,1.0,0.0,1.0,0.0,1.0,0.0,0.0,0.0,0.0,0.0,0.56,0.5317857142857143,0.0,0.3228571428571429,0.0,0.0,0.0,0.0
G1.2.3,25,25,1,0.92,0.7026086956521739,0.0,1.0,1.0,1.0,1.0,0.0,1.0,0.0,1.0,0.0,0.0,0.0,0.0,0.0,0.56,0.531904761904762,0.0,0.2942857142857143,0.0,0.0,0.0,0.0
G1.2.3,25,25,2,1.0,0.6816,0.0,1.0,1.0,1.0,1.0,0.0,1.0,0.0,1.0,0.0,0.0,0.0,0.0,0.0,0.72,0.5267592592592593,0.0,0.32222222222222224,0.0,0.0,0.0,0.0
G1.2.3,25,25,3,1.0,0.6992000000000002,0.0,1.0,1.0,1.0,1.0,0.0,1.0,0.0,1.0,0.0,0.0,0.0,0.0,0.0,0.72,0.544074074074074,0.0,0.30444444444444446,0.0,0.0,0.0,0.0
G1.2.3,25,25,4,0.96,0.7166666666666668,0.0,1.0,1.0,1.0,1.0,0.0,1.0,0.0,1.0,0.0,0.0,0.0,0.0,0.0,0.44,0.6006060606060606,0.0,0.31999999999999995,0.0,0.0,0.0,0.0
G1.2.3,25,50,0,1.0,0.6944000000000002,0.0,1.0,1.0,1.0,1.0,0.0,1.0,0.0,1.0,0.0,0.0,0.0,0.0,0.0,0.76,0.5531578947368423,0.0,0.3063157894736842,0.0,0.0,0.0,0.0
G1.2.3,25,50,1,0.96,0.6866666666666671,0.0,1.0,1.0,1.0,1.0,0.0,1.0,0.0,1.0,0.0,0.0,0.0,0.0,0.0,0.64,0.5470312500000001,0.0,0.32125000000000004,0.0,0.0,0.0,0.0
G1.2.3,25,50,2,0.96,0.6958333333333337,0.0,1.0,1.0,1.0,1.0,0.0,1.0,0.0,1.0,0.0,0.0,0.0,0.0,0.0,0.72,0.5285185185185187,0.0,0.2888888888888889,0.0,0.0,0.0,0.0
G1.2.3,25,50,3,0.96,0.6908333333333337,0.0,1.0,1.0,1.0,1.0,0.0,1.0,0.0,1.0,0.0,0.0,0.0,0.0,0.0,0.72,0.5343518518518522,0.0,0.30888888888888894,0.0,0.0,0.0,0.0
G1.2.3,25,50,4,0.96,0.6800000000000003,0.0,1.0,1.0,1.0,1.0,0.0,1.0,0.0,1.0,0.0,0.0,0.0,0.0,0.0,0.72,0.5539351851851854,0.0,0.3255555555555556,0.0,0.0,0.0,0.0
G1.2.3,25,100,0,1.0,0.6756000000000004,0.0,1.0,1.0,1.0,1.0,0.0,1.0,0.0,1.0,0.0,0.0,0.0,0.0,0.0,0.68,0.5328676470588238,0.0,0.31999999999999995,0.0,0.0,0.0,0.0
G1.2.3,25,100,1,1.0,0.6932000000000005,0.0,1.0,1.0,1.0,1.0,0.0,1.0,0.0,1.0,0.0,0.0,0.0,0.0,0.0,0.68,0.5403676470588238,0.0,0.3070588235294118,0.0,0.0,0.0,0.0
G1.2.3,25,100,2,0.96,0.6912500000000005,0.0,1.0,1.0,1.0,1.0,0.0,1.0,0.0,1.0,0.0,0.0,0.0,0.0,0.0,0.72,0.5527314814814818,0.0,0.31055555555555553,0.0,0.0,0.0,0.0
G1.2.3,25,100,3,0.96,0.6787500000000003,0.0,1.0,1.0,1.0,1.0,0.0,1.0,0.0,1.0,0.0,0.0,0.0,0.0,0.0,0.52,0.5389102564102566,0.0,0.33461538461538465,0.0,0.0,0.0,0.0
G1.2.3,25,100,4,1.0,0.7100000000000004,0.0,1.0,1.0,1.0,1.0,0.0,1.0,0.0,1.0,0.0,0.0,0.0,0.0,0.0,0.64,0.5435416666666669,0.0,0.294375,0.0,0.0,0.0,0.0
G1.2.3,50,10,0,0.94,0.7276595744680852,0.0,1.0,1.0,1.0,1.0,0.0,1.0,0.0,1.0,0.0,0.0,0.0,0.0,0.0,0.5,0.5837551020408164,0.0,0.28800000000000003,0.0,0.0,0.0,0.0
G1.2.3,50,10,1,0.94,0.7,0.0,1.0,1.0,1.0,1.0,0.0,1.0,0.0,1.0,0.0,0.0,0.0,0.0,0.0,0.42,0.5387755102040815,0.0,0.34285714285714286,0.0,0.0,0.0,0.0
G1.2.3,50,10,2,0.96,0.7229166666666668,0.0,1.0,1.0,1.0,1.0,0.0,1.0,0.0,1.0,0.0,0.0,0.0,0.0,0.0,0.42,0.5562682215743441,0.0,0.2571428571428572,0.0,0.0,0.0,0.0
G1.2.3,50,10,3,0.9,0.6799999999999999,0.0,1.0,1.0,1.0,1.0,0.0,1.0,0.0,1.0,0.0,0.0,0.0,0.0,0.0,0.62,0.5716919025674785,0.0,0.32903225806451614,0.0,0.0,0.0,0.0
G1.2.3,50,10,4,0.96,0.7333333333333334,0.0,1.0,1.0,1.0,1.0,0.0,1.0,0.0,1.0,0.0,0.0,0.0,0.0,0.0,0.48,0.5238945578231292,0.0,0.2791666666666667,0.0,0.0,0.0,0.0
G1.2.3,50,25,0,0.98,0.7028571428571428,0.0,1.0,1.0,1.0,1.0,0.0,1.0,0.0,1.0,0.0,0.0,0.0,0.0,0.0,0.6,0.5632380952380952,0.0,0.29866666666666664,0.0,0.0,0.0,0.0
G1.2.3,50,25,1,0.98,0.7273469387755104,0.0,1.0,1.0,1.0,1.0,0.0,1.0,0.0,1.0,0.0,0.0,0.0,0.0,0.0,0.48,0.5249659863945578,0.0,0.2866666666666667,0.0,0.0,0.0,0.0
G1.2.3,50,25,2,0.98,0.7330612244897958,0.0,1.0,1.0,1.0,1.0,0.0,1.0,0.0,1.0,0.0,0.0,0.0,0.0,0.0,0.5,0.5357387755102041,0.0,0.256,0.0,0.0,0.0,0.0
G1.2.3,50,25,3,1.0,0.6856,0.0,1.0,1.0,1.0,1.0,0.0,1.0,0.0,1.0,0.0,0.0,0.0,0.0,0.0,0.6,0.5258775510204081,0.0,0.32799999999999996,0.0,0.0,0.0,0.0
G1.2.3,50,25,4,0.98,0.6922448979591838,0.0,1.0,1.0,1.0,1.0,0.0,1.0,0.0,1.0,0.0,0.0,0.0,0.0,0.0,0.7,0.552209912536443,0.0,0.3108571428571429,0.0,0.0,0.0,0.0
G1.2.3,50,50,0,0.98,0.7081632653061226,0.0,1.0,1.0,1.0,1.0,0.0,1.0,0.0,1.0,0.0,0.0,0.0,0.0,0.0,0.56,0.5420116618075802,0.0,0.30428571428571427,0.0,0.0,0.0,0.0
G1.2.3,50,50,1,1.0,0.6900000000000003,0.0,1.0,1.0,1.0,1.0,0.0,1.0,0.0,1.0,0.0,0.0,0.0,0.0,0.0,0.56,0.5523615160349855,0.0,0.31999999999999995,0.0,0.0,0.0,0.0
G1.2.3,50,50,2,0.98,0.6983673469387759,0.0,1.0,1.0,1.0,1.0,0.0,1.0,0.0,1.0,0.0,0.0,0.0,0.0,0.0,0.64,0.547232142857143,0.0,0.295,0.0,0.0,0.0,0.0
G1.2.3,50,50,3,0.98,0.7000000000000002,0.0,1.0,1.0,1.0,1.0,0.0,1.0,0.0,1.0,0.0,0.0,0.0,0.0,0.0,0.7,0.5484431486880468,0.0,0.3005714285714286,0.0,0.0,0.0,0.0
G1.2.3,50,50,4,0.98,0.7016326530612248,0.0,1.0,1.0,1.0,1.0,0.0,1.0,0.0,1.0,0.0,0.0,0.0,0.0,0.0,0.66,0.5458998144712431,0.0,0.3030303030303031,0.0,0.0,0.0,0.0
G1.2.3,50,100,0,1.0,0.6850000000000002,0.0,1.0,1.0,1.0,1.0,0.0,1.0,0.0,1.0,0.0,0.0,0.0,0.0,0.0,0.68,0.5414825930372151,0.0,0.3161764705882352,0.0,0.0,0.0,0.0
G1.2.3,50,100,1,1.0,0.6894000000000005,0.0,1.0,1.0,1.0,1.0,0.0,1.0,0.0,1.0,0.0,0.0,0.0,0.0,0.0,0.64,0.5465561224489799,0.0,0.31125,0.0,0.0,0.0,0.0
G1.2.3,50,100,2,1.0,0.6902000000000004,0.0,1.0,1.0,1.0,1.0,0.0,1.0,0.0,1.0,0.0,0.0,0.0,0.0,0.0,0.64,0.5346301020408165,0.0,0.29781250000000004,0.0,0.0,0.0,0.0
G1.2.3,50,100,3,0.98,0.708775510204082,0.0,1.0,1.0,1.0,1.0,0.0,1.0,0.0,1.0,0.0,0.0,0.0,0.0,0.0,0.76,0.544559613319012,0.0,0.2918421052631579,0.0,0.0,0.0,0.0
G1.2.3,50,100,4,1.0,0.7030000000000005,0.0,1.0,1.0,1.0,1.0,0.0,1.0,0.0,1.0,0.0,0.0,0.0,0.0,0.0,0.6,0.5421564625850341,0.0,0.29633333333333334,0.0,0.0,0.0,0.0
G1.2.3,100,10,0,0.97,0.722680412371134,0.0,1.0,1.0,1.0,1.0,0.0,1.0,0.0,1.0,0.0,0.0,0.0,0.0,0.0,0.42,0.5623617123617124,0.0,0.2880952380952381,0.0,0.0,0.0,0.0
G1.2.3,100,10,1,0.96,0.6989583333333332,0.0,1.0,1.0,1.0,1.0,0.0,1.0,0.0,1.0,0.0,0.0,0.0,0.0,0.0,0.45,0.5400673400673401,0.0,0.29555555555555557,0.0,0.0,0.0,0.0
G1.2.3,100,10,2,0.9,0.7344444444444442,0.0,1.0,1.0,1.0,1.0,0.0,1.0,0.0,1.0,0.0,0.0,0.0,0.0,0.0,0.47,0.5598323662153448,0.02127659574468085,0.2659574468085107,0.0,0.0,0.0,0.0
G1.2.3,100,10,3,0.93,0.7075268817204299,0.0,1.0,1.0,1.0,1.0,0.0,1.0,0.0,1.0,0.0,0.0,0.0,0.0,0.0,0.45,0.5656116722783389,0.0,0.3,0.0,0.0,0.0,0.0
G1.2.3,100,10,4,0.94,0.6925531914893618,0.0,1.0,1.0,1.0,1.0,0.0,1.0,0.0,1.0,0.0,0.0,0.0,0.0,0.0,0.46,0.5317962231005708,0.0,0.3304347826086957,0.0,0.0,0.0,0.0
G1.2.3,100,25,0,0.96,0.7012499999999999,0.0,1.0,1.0,1.0,1.0,0.0,1.0,0.0,1.0,0.0,0.0,0.0,0.0,0.0,0.58,0.5524764890282131,0.0,0.31310344827586206,0.0,0.0,0.0,0.0
G1.2.3,100,25,1,0.96,0.7162499999999999,0.0,1.0,1.0,1.0,1.0,0.0,1.0,0.0,1.0,0.0,0.0,0.0,0.0,0.0,0.52,0.5437762237762238,0.0,0.29,0.0,0.0,0.0,0.0
G1.2.3,100,25,2,0.93,0.7023655913978494,0.0,1.0,1.0,1.0,1.0,0.0,1.0,0.0,1.0,0.0,0.0,0.0,0.0,0.0,0.47,0.5502772404900065,0.0,0.31148936170212765,0.0,0.0,0.0,0.0
G1.2.3,100,25,3,0.97,0.6931958762886599,0.0,1.0,1.0,1.0,1.0,0.0,1.0,0.0,1.0,0.0,0.0,0.0,0.0,0.0,0.66,0.5523660850933577,0.0,0.3024242424242425,0.0,0.0,0.0,0.0
G1.2.3,100,25,4,0.98,0.7053061224489796,0.0,1.0,1.0,1.0,1.0,0.0,1.0,0.0,1.0,0.0,0.0,0.0,0.0,0.0,0.59,0.5476870398904296,0.0,0.30644067796610175,0.0,0.0,0.0,0.0
G1.2.3,100,50,0,0.97,0.6979381443298972,0.0,1.0,1.0,1.0,1.0,0.0,1.0,0.0,1.0,0.0,0.0,0.0,0.0,0.0,0.68,0.5513071895424839,0.0,0.2938235294117647,0.0,0.0,0.0,0.0
G1.2.3,100,50,1,0.99,0.6933333333333336,0.0,1.0,1.0,1.0,1.0,0.0,1.0,0.0,1.0,0.0,0.0,0.0,0.0,0.0,0.7,0.5399769119769121,0.0,0.31114285714285705,0.0,0.0,0.0,0.0
G1.2.3,100,50,2,1.0,0.6994000000000004,0.0,1.0,1.0,1.0,1.0,0.0,1.0,0.0,1.0,0.0,0.0,0.0,0.0,0.0,0.65,0.5365656565656568,0.0,0.3033846153846154,0.0,0.0,0.0,0.0
G1.2.3,100,50,3,1.0,0.6974000000000004,0.0,1.0,1.0,1.0,1.0,0.0,1.0,0.0,1.0,0.0,0.0,0.0,0.0,0.0,0.75,0.5467232323232325,0.0,0.30373333333333336,0.0,0.0,0.0,0.0
G1.2.3,100,50,4,1.0,0.6928000000000003,0.0,1.0,1.0,1.0,1.0,0.0,1.0,0.0,1.0,0.0,0.0,0.0,0.0,0.0,0.7,0.5382597402597403,0.0,0.3011428571428571,0.0,0.0,0.0,0.0
G1.2.3,100,100,0,0.99,0.6931313131313136,0.0,1.0,1.0,1.0,1.0,0.0,1.0,0.0,1.0,0.0,0.0,0.0,0.0,0.0,0.67,0.5346690788481837,0.0,0.3144776119402985,0.0,0.0,0.0,0.0
G1.2.3,100,100,1,1.0,0.7012000000000005,0.0,1.0,1.0,1.0,1.0,0.0,1.0,0.0,1.0,0.0,0.0,0.0,0.0,0.0,0.59,0.5376373908577302,0.0,0.30169491525423725,0.0,0.0,0.0,0.0
G1.2.3,100,100,2,1.0,0.6973000000000004,0.0,1.0,1.0,1.0,1.0,0.0,1.0,0.0,1.0,0.0,0.0,0.0,0.0,0.0,0.56,0.5391810966810969,0.0,0.30785714285714283,0.0,0.0,0.0,0.0
G1.2.3,100,100,3,0.99,0.6974747474747477,0.0,1.0,1.0,1.0,1.0,0.0,1.0,0.0,1.0,0.0,0.0,0.0,0.0,0.0,0.66,0.5408004285277014,0.0,0.3040909090909091,0.0,0.0,0.0,0.0
G1.2.3,100,100,4,1.0,0.6903000000000002,0.0,1.0,1.0,1.0,1.0,0.0,1.0,0.0,1.0,0.0,0.0,0.0,0.0,0.0,0.64,0.5423942550505053,0.0,0.30890624999999994,0.0,0.0,0.0,0.0
G1.3.1,10,10,0,0.8,0.7374999999999999,0.0,1.0,1.0,1.0,1.0,0.0,1.0,0.0,1.0,0.0,0.0,0.0,0.0,0.0,0.6,0.5814814814814814,0.0,0.2833333333333333,0.0,0.0,0.0,0.0
G1.3.1,10,10,1,0.9,0.711111111111111,0.0,1.0,1.0,1.0,1.0,0.0,1.0,0.0,1.0,0.0,0.0,0.0,0.0,0.0,0.4,0.5416666666666666,0.0,0.325,0.0,0.0,0.0,0.0
G1.3.1,10,10,2,1.0,0.7999999999999999,0.029411764705882353,1.0,0.9,0.9,1.0,0.0,0.9970588235294118,0.016895772489817724,0.9970588235294118,0.016895772489817724,0.0,0.0,0.0,0.0,0.6,0.5148148148148148,0.0,0.18333333333333335,0.0,0.0,0.0,0.0
G1.3.1,10,10,3,0.9,0.6666666666666666,0.029411764705882353,1.0,0.8888888888888888,0.8888888888888888,1.0,0.0,0.9967320261437908,0.018773080544241934,0.9967320261437908,0.018773080544241934,0.0,0.0,0.0,0.0,0.4,0.5027777777777778,0.0,0.325,0.0,0.0,0.0,0.0
G1.3.1,10,10,4,1.0,0.6699999999999999,0.0,1.0,1.0,1.0,1.0,0.0,1.0,0.0,1.0,0.0,0.0,0.0,0.0,0.0,0.4,0.5583333333333333,0.0,0.4,0.0,0.0,0.0,0.0
G1.3.1,10,25,0,1.0,0.76,0.0,1.0,1.0,1.0,1.0,0.0,1.0,0.0,1.0,0.0,0.0,0.0,0.0,0.0,0.5,0.6062222222222221,0.0,0.248,0.0,0.0,0.0,0.0
G1.3.1,10,25,1,0.9,0.6711111111111111,0.0,1.0,1.0,1.0,1.0,0.0,1.0,0.0,1.0,0.0,0.0,0.0,0.0,0.0,0.5,0.5591111111111109,0.0,0.32,0.0,0.0,0.0,0.0
G1.3.1,10,25,2,1.0,0.704,0.0,1.0,1.0,1.0,1.0,0.0,1.0,0.0,1.0,0.0,0.0,0.0,0.0,0.0,0.4,0.57,0.0,0.24000000000000002,0.0,0.0,0.0,0.0
G1.3.1,10,25,3,0.9,0.7066666666666667,0.0,1.0,1.0,1.0,1.0,0.0,1.0,0.0,1.0,0.0,0.0,0.0,0.0,0.0,0.2,0.5688888888888888,0.0,0.3,0.0,0.0,0.0,0.0
G1.3.1,10,25,4,1.0,0.7,0.0,1.0,1.0,1.0,1.0,0.0,1.0,0.0,1.0,0.0,0.0,0.0,0.0,0.0,0.4,0.5622222222222222,0.0,0.3,0.0,0.0,0.0,0.0
G1.3.1,10,50,0,0.8,0.6825000000000003,0.047619047619047616,0.875,1.0,0.875,0.9940476190476191,0.026619856874997492,1.0,0.0,0.9940476190476191,0.026619856874997492,0.0,0.0,0.0,0.0,0.3,0.5644444444444447,0.0,0.35333333333333333,0.0,0.0,0.0,0.0
G1.3.1,10,50,1,1.0,0.6840000000000004,0.041666666666666664,0.9,1.0,0.9,0.9958333333333332,0.019982631347136327,1.0,0.0,0.9958333333333332,0.019982631347136327,0.0,0.0,0.0,0.0,0.4,0.5722222222222224,0.0,0.35,0.0,0.0,0.0,0.0
G1.3.1,10,50,2,1.0,0.6900000000000003,0.0,1.0,1.0,1.0,1.0,0.0,1.0,0.0,1.0,0.0,0.0,0.0,0.0,0.0,0.3,0.5800000000000002,0.0,0.2866666666666667,0.0,0.0,0.0,0.0
G1.3.1,10,50,3,1.0,0.6880000000000003,0.0,1.0,1.0,1.0,1.0,0.0,1.0,0.0,1.0,0.0,0.0,0.0,0.0,0.0,0.4,0.552777777777778,0.0,0.32499999999999996,0.0,0.0,0.0,0.0
G1.3.1,10,50,4,1.0,0.7140000000000004,0.0,1.0,1.0,1.0,1.0,0.0,1.0,0.0,1.0,0.0,0.0,0.0,0.0,0.0,0.3,0.5370370370370372,0.0,0.37333333333333335,0.0,0.0,0.0,0.0
G1.3.1,10,100,0,1.0,0.6790000000000004,0.0,1.0,1.0,1.0,1.0,0.0,1.0,0.0,1.0,0.0,0.0,0.0,0.0,0.0,0.3,0.5544444444444447,0.0,0.38999999999999996,0.0,0.0,0.0,0.0
G1.3.1,10,100,1,1.0,0.6820000000000004,0.0,1.0,1.0,1.0,1.0,0.0,1.0,0.0,1.0,0.0,0.0,0.0,0.0,0.0,0.3,0.5588888888888892,0.0,0.29000000000000004,0.0,0.0,0.0,0.0
G1.3.1,10,100,2,1.0,0.6720000000000004,0.03571428571428571,1.0,0.9,0.9,1.0,0.0,0.9964285714285713,0.018557687223952252,0.9964285714285713,0.018557687223952252,0.0,0.0,0.0,0.0,0.2,0.5644444444444447,0.0,0.41000000000000003,0.0,0.0,0.0,0.0
G1.3.1,10,100,3,1.0,0.7100000000000004,0.0,1.0,1.0,1.0,1.0,0.0,1.0,0.0,1.0,0.0,0.0,0.0,0.0,0.0,0.2,0.5294444444444447,0.0,0.44,0.0,0.0,0.0,0.0
G1.3.1,10,100,4,1.0,0.6910000000000004,0.0,1.0,1.0,1.0,1.0,0.0,1.0,0.0,1.0,0.0,0.0,0.0,0.0,0.0,0.6,0.545925925925926,0.0,0.3116666666666667,0.0,0.0,0.0,0.0
G1.3.1,25,10,0,0.96,0.6916666666666668,0.0,1.0,1.0,1.0,1.0,0.0,1.0,0.0,1.0,0.0,0.0,0.0,0.0,0.0,0.36,0.5532407407407407,0.0,0.3222222222222222,0.0,0.0,0.0,0.0
G1.3.1,25,10,1,1.0,0.6639999999999999,0.0,1.0,1.0,1.0,1.0,0.0,1.0,0.0,1.0,0.0,0.0,0.0,0.0,0.0,0.32,0.5901041666666667,0.0,0.4,0.0,0.0,0.0,0.0
G1.3.1,25,10,2,0.92,0.7,0.0,1.0,1.0,1.0,1.0,0.0,1.0,0.0,1.0,0.0,0.0,0.0,0.0,0.0,0.28,0.5511904761904761,0.14285714285714285,0.31428571428571433,0.0,0.0,0.0,0.0
G1.3.1,25,10,3,0.84,0.7238095238095238,0.0,1.0,1.0,1.0,1.0,0.0,1.0,0.0,1.0,0.0,0.0,0.0,0.0,0.0,0.4,0.6083333333333333,0.0,0.25000000000000006,0.0,0.0,0.0,0.0
G1.3.1,25,10,4,0.96,0.7333333333333334,0.0,1.0,1.0,1.0,1.0,0.0,1.0,0.0,1.0,0.0,0.0,0.0,0.0,0.0,0.36,0.5851851851851851,0.1111111111111111,0.36666666666666664,0.0,0.0,0.0,0.0
G1.3.1,25,25,0,0.84,0.6971428571428572,0.0,1.0,1.0,1.0,1.0,0.0,1.0,0.0,1.0,0.0,0.0,0.0,0.0,0.0,0.16,0.54625,0.0,0.25,0.0,0.0,0.0,0.0
G1.3.1,25,25,1,0.8,0.7080000000000001,0.0,1.0,1.0,1.0,1.0,0.0,1.0,0.0,1.0,0.0,0.0,0.0,0.0,0.0,0.2,0.5773333333333334,0.0,0.272,0.0,0.0,0.0,0.0
G1.3.1,25,25,2,0.96,0.7116666666666666,0.0,1.0,1.0,1.0,1.0,0.0,1.0,0.0,1.0,0.0,0.0,0.0,0.0,0.0,0.24,0.5497222222222222,0.0,0.27999999999999997,0.0,0.0,0.0,0.0
G1.3.1,25,25,3,0.92,0.7304347826086957,0.0,1.0,1.0,1.0,1.0,0.0,1.0,0.0,1.0,0.0,0.0,0.0,0.0,0.0,0.32,0.5279166666666666,0.0,0.29500000000000004,0.0,0.0,0.0,0.0
G1.3.1,25,25,4,0.96,0.6849999999999999,0.0,1.0,1.0,1.0,1.0,0.0,1.0,0.0,1.0,0.0,0.0,0.0,0.0,0.0,0.44,0.5803030303030302,0.0,0.309090909090909,0.0,0.0,0.0,0.0
G1.3.1,25,50,0,0.96,0.711666666666667,0.0,1.0,1.0,1.0,1.0,0.0,1.0,0.0,1.0,0.0,0.0,0.0,0.0,0.0,0.56,0.5375000000000002,0.0,0.28428571428571425,0.0,0.0,0.0,0.0
G1.3.1,25,50,1,0.84,0.6800000000000003,0.0,1.0,1.0,1.0,1.0,0.0,1.0,0.0,1.0,0.0,0.0,0.0,0.0,0.0,0.28,0.5383333333333334,0.0,0.34571428571428564,0.0,0.0,0.0,0.0
G1.3.1,25,50,2,1.0,0.6704000000000003,0.0,1.0,1.0,1.0,1.0,0.0,1.0,0.0,1.0,0.0,0.0,0.0,0.0,0.0,0.44,0.5413636363636365,0.0,0.33272727272727276,0.0,0.0,0.0,0.0
G1.3.1,25,50,3,0.96,0.6941666666666669,0.0,1.0,1.0,1.0,1.0,0.0,1.0,0.0,1.0,0.0,0.0,0.0,0.0,0.0,0.36,0.5369444444444447,0.0,0.30888888888888894,0.0,0.0,0.0,0.0
G1.3.1,25,50,4,0.96,0.714166666666667,0.0,1.0,1.0,1.0,1.0,0.0,1.0,0.0,1.0,0.0,0.0,0.0,0.0,0.0,0.28,0.5654761904761908,0.0,0.3028571428571429,0.0,0.0,0.0,0.0
G1.3.1,25,100,0,1.0,0.6952000000000003,0.0,1.0,1.0,1.0,1.0,0.0,1.0,0.0,1.0,0.0,0.0,0.0,0.0,0.0,0.32,0.5368750000000002,0.0,0.31625000000000003,0.0,0.0,0.0,0.0
G1.3.1,25,100,1,1.0,0.7016000000000006,0.0,1.0,1.0,1.0,1.0,0.0,1.0,0.0,1.0,0.0,0.0,0.0,0.0,0.0,0.28,0.5512500000000002,0.0,0.2742857142857143,0.0,0.0,0.0,0.0
G1.3.1,25,100,2,0.96,0.6962500000000004,0.0,1.0,1.0,1.0,1.0,0.0,1.0,0.0,1.0,0.0,0.0,0.0,0.0,0.0,0.2,0.5449166666666669,0.0,0.34,0.0,0.0,0.0,0.0
G1.3.1,25,100,3,1.0,0.6836000000000004,0.0,1.0,1.0,1.0,1.0,0.0,1.0,0.0,1.0,0.0,0.0,0.0,0.0,0.0,0.4,0.5366250000000002,0.0,0.321,0.0,0.0,0.0,0.0
G1.3.1,25,100,4,0.96,0.689166666666667,0.0,1.0,1.0,1.0,1.0,0.0,1.0,0.0,1.0,0.0,0.0,0.0,0.0,0.0,0.32,0.5379166666666669,0.0,0.30874999999999997,0.0,0.0,0.0,0.0
G1.3.1,50,10,0,0.88,0.7454545454545454,0.0,1.0,1.0,1.0,1.0,0.0,1.0,0.0,1.0,0.0,0.0,0.0,0.0,0.0,0.34,0.5638655462184874,0.0,0.24117647058823527,0.0,0.0,0.0,0.0
G1.3.1,50,10,1,0.86,0.727906976744186,0.0,1.0,1.0,1.0,1.0,0.0,1.0,0.0,1.0,0.0,0.0,0.0,0.0,0.0,0.32,0.5381377551020408,0.0,0.31875,0.0,0.0,0.0,0.0
G1.3.1,50,10,2,0.86,0.7093023255813954,0.0,1.0,1.0,1.0,1.0,0.0,1.0,0.0,1.0,0.0,0.0,0.0,0.0,0.0,0.22,0.6018552875695732,0.0,0.3,0.0,0.0,0.0,0.0
G1.3.1,50,10,3,0.78,0.7282051282051282,0.0,1.0,1.0,1.0,1.0,0.0,1.0,0.0,1.0,0.0,0.0,0.0,0.0,0.0,0.24,0.572108843537415,0.08333333333333333,0.30833333333333335,0.0,0.0,0.0,0.0
G1.3.1,50,10,4,0.9,0.7355555555555554,0.0,1.0,1.0,1.0,1.0,0.0,1.0,0.0,1.0,0.0,0.0,0.0,0.0,0.0,0.28,0.5690962099125364,0.07142857142857142,0.32142857142857145,0.0,0.0,0.0,0.0
G1.3.1,50,25,0,0.98,0.7257142857142859,0.0,1.0,1.0,1.0,1.0,0.0,1.0,0.0,1.0,0.0,0.0,0.0,0.0,0.0,0.28,0.5230320699708455,0.0,0.28285714285714286,0.0,0.0,0.0,0.0
G1.3.1,50,25,1,0.84,0.7200000000000001,0.0,1.0,1.0,1.0,1.0,0.0,1.0,0.0,1.0,0.0,0.0,0.0,0.0,0.0,0.24,0.5563945578231294,0.0,0.26333333333333336,0.0,0.0,0.0,0.0
G1.3.1,50,25,2,0.88,0.7072727272727274,0.0,1.0,1.0,1.0,1.0,0.0,1.0,0.0,1.0,0.0,0.0,0.0,0.0,0.0,0.28,0.540466472303207,0.0,0.3228571428571429,0.0,0.0,0.0,0.0
G1.3.1,50,25,3,0.94,0.7106382978723406,0.0,1.0,1.0,1.0,1.0,0.0,1.0,0.0,1.0,0.0,0.0,0.0,0.0,0.0,0.32,0.5335714285714286,0.0,0.31,0.0,0.0,0.0,0.0
G1.3.1,50,25,4,1.0,0.7216000000000001,0.0,1.0,1.0,1.0,1.0,0.0,1.0,0.0,1.0,0.0,0.0,0.0,0.0,0.0,0.3,0.5743673469387754,0.0,0.2693333333333333,0.0,0.0,0.0,0.0
G1.3.1,50,50,0,0.96,0.6933333333333337,0.0,1.0,1.0,1.0,1.0,0.0,1.0,0.0,1.0,0.0,0.0,0.0,0.0,0.0,0.46,0.5488553682342502,0.0,0.3,0.0,0.0,0.0,0.0
G1.3.1,50,50,1,0.96,0.7037500000000003,0.0,1.0,1.0,1.0,1.0,0.0,1.0,0.0,1.0,0.0,0.0,0.0,0.0,0.0,0.44,0.5328014842300558,0.0,0.3109090909090909,0.0,0.0,0.0,0.0
G1.3.1,50,50,2,0.9,0.7080000000000002,0.0,1.0,1.0,1.0,1.0,0.0,1.0,0.0,1.0,0.0,0.0,0.0,0.0,0.0,0.26,0.5504552590266877,0.0,0.3046153846153846,0.0,0.0,0.0,0.0
G1.3.1,50,50,3,0.98,0.7102040816326535,0.0,1.0,1.0,1.0,1.0,0.0,1.0,0.0,1.0,0.0,0.0,0.0,0.0,0.0,0.34,0.5460504201680673,0.0,0.2894117647058824,0.0,0.0,0.0,0.0
G1.3.1,50,50,4,0.98,0.6975510204081635,0.0,1.0,1.0,1.0,1.0,0.0,1.0,0.0,1.0,0.0,0.0,0.0,0.0,0.0,0.4,0.5452244897959184,0.0,0.314,0.0,0.0,0.0,0.0
G1.3.1,50,100,0,0.98,0.6912244897959188,0.0,1.0,1.0,1.0,1.0,0.0,1.0,0.0,1.0,0.0,0.0,0.0,0.0,0.0,0.42,0.5368804664723035,0.0,0.30904761904761907,0.0,0.0,0.0,0.0
G1.3.1,50,100,1,1.0,0.6936000000000004,0.0,1.0,1.0,1.0,1.0,0.0,1.0,0.0,1.0,0.0,0.0,0.0,0.0,0.0,0.44,0.5421521335807052,0.0,0.3054545454545454,0.0,0.0,0.0,0.0
G1.3.1,50,100,2,1.0,0.6894000000000005,0.0,1.0,1.0,1.0,1.0,0.0,1.0,0.0,1.0,0.0,0.0,0.0,0.0,0.0,0.42,0.5531875607385813,0.0,0.3114285714285714,0.0,0.0,0.0,0.0
G1.3.1,50,100,3,0.98,0.701632653061225,0.0,1.0,1.0,1.0,1.0,0.0,1.0,0.0,1.0,0.0,0.0,0.0,0.0,0.0,0.34,0.5368307322929174,0.0,0.3205882352941177,0.0,0.0,0.0,0.0
G1.3.1,50,100,4,1.0,0.6870000000000005,0.0,1.0,1.0,1.0,1.0,0.0,1.0,0.0,1.0,0.0,0.0,0.0,0.0,0.0,0.34,0.5448619447779114,0.0,0.32176470588235295,0.0,0.0,0.0,0.0
G1.3.1,100,10,0,0.86,0.7244186046511628,0.0,1.0,1.0,1.0,1.0,0.0,1.0,0.0,1.0,0.0,0.0,0.0,0.0,0.0,0.2,0.5582323232323232,0.0,0.34,0.0,0.0,0.0,0.0
G1.3.1,100,10,1,0.96,0.7135416666666666,0.0,1.0,1.0,1.0,1.0,0.0,1.0,0.0,1.0,0.0,0.0,0.0,0.0,0.0,0.24,0.5773989898989899,0.0,0.35000000000000003,0.0,0.0,0.0,0.0
G1.3.1,100,10,2,0.89,0.7235955056179775,0.0,1.0,1.0,1.0,1.0,0.0,1.0,0.0,1.0,0.0,0.0,0.0,0.0,0.0,0.19,0.5616161616161616,0.0,0.2842105263157895,0.0,0.0,0.0,0.0
G1.3.1,100,10,3,0.89,0.7426966292134829,0.0,1.0,1.0,1.0,1.0,0.0,1.0,0.0,1.0,0.0,0.0,0.0,0.0,0.0,0.19,0.5502923976608187,0.05263157894736842,0.2789473684210526,0.0,0.0,0.0,0.0
G1.3.1,100,10,4,0.95,0.7157894736842104,0.0,1.0,1.0,1.0,1.0,0.0,1.0,0.0,1.0,0.0,0.0,0.0,0.0,0.0,0.22,0.5619375573921027,0.0,0.33636363636363636,0.0,0.0,0.0,0.0
G1.3.1,100,25,0,0.93,0.6989247311827954,0.0,1.0,1.0,1.0,1.0,0.0,1.0,0.0,1.0,0.0,0.0,0.0,0.0,0.0,0.31,0.552179863147605,0.0,0.30838709677419357,0.0,0.0,0.0,0.0
G1.3.1,100,25,1,0.9,0.7155555555555555,0.0,1.0,1.0,1.0,1.0,0.0,1.0,0.0,1.0,0.0,0.0,0.0,0.0,0.0,0.27,0.5558249158249158,0.0,0.3066666666666667,0.0,0.0,0.0,0.0
G1.3.1,100,25,2,0.93,0.7010752688172043,0.0,1.0,1.0,1.0,1.0,0.0,1.0,0.0,1.0,0.0,0.0,0.0,0.0,0.0,0.3,0.5388956228956229,0.0,0.2973333333333334,0.0,0.0,0.0,0.0
G1.3.1,100,25,3,0.87,0.7268965517241379,0.0,1.0,1.0,1.0,1.0,0.0,1.0,0.0,1.0,0.0,0.0,0.0,0.0,0.0,0.19,0.5363742690058478,0.0,0.2631578947368422,0.0,0.0,0.0,0.0
G1.3.1,100,25,4,0.96,0.7120833333333333,0.0,1.0,1.0,1.0,1.0,0.0,1.0,0.0,1.0,0.0,0.0,0.0,0.0,0.0,0.34,0.5463220439691026,0.0,0.31058823529411766,0.0,0.0,0.0,0.0
G1.3.1,100,50,0,0.95,0.7037894736842109,0.0,1.0,1.0,1.0,1.0,0.0,1.0,0.0,1.0,0.0,0.0,0.0,0.0,0.0,0.27,0.5421099887766556,0.0,0.29555555555555557,0.0,0.0,0.0,0.0
G1.3.1,100,50,1,0.98,0.6961224489795921,0.0,1.0,1.0,1.0,1.0,0.0,1.0,0.0,1.0,0.0,0.0,0.0,0.0,0.0,0.39,0.5407977207977209,0.0,0.3015384615384615,0.0,0.0,0.0,0.0
G1.3.1,100,50,2,0.99,0.6991919191919195,0.0,1.0,1.0,1.0,1.0,0.0,1.0,0.0,1.0,0.0,0.0,0.0,0.0,0.0,0.36,0.5513748597081931,0.0,0.3111111111111111,0.0,0.0,0.0,0.0
G1.3.1,100,50,3,0.97,0.7032989690721653,0.0,1.0,1.0,1.0,1.0,0.0,1.0,0.0,1.0,0.0,0.0,0.0,0.0,0.0,0.37,0.5427354627354628,0.0,0.3145945945945946,0.0,0.0,0.0,0.0
G1.3.1,100,50,4,0.97,0.7065979381443301,0.0,1.0,1.0,1.0,1.0,0.0,1.0,0.0,1.0,0.0,0.0,0.0,0.0,0.0,0.32,0.5370517676767679,0.0,0.291875,0.0,0.0,0.0,0.0
G1.3.1,100,100,0,0.99,0.6993939393939398,0.0,1.0,1.0,1.0,1.0,0.0,1.0,0.0,1.0,0.0,0.0,0.0,0.0,0.0,0.27,0.5441975308641979,0.0,0.29666666666666675,0.0,0.0,0.0,0.0
G1.3.1,100,100,1,1.0,0.6926000000000003,0.0,1.0,1.0,1.0,1.0,0.0,1.0,0.0,1.0,0.0,0.0,0.0,0.0,0.0,0.3,0.5477777777777781,0.0,0.32000000000000006,0.0,0.0,0.0,0.0
G1.3.1,100,100,2,0.98,0.6947959183673472,0.0,1.0,1.0,1.0,1.0,0.0,1.0,0.0,1.0,0.0,0.0,0.0,0.0,0.0,0.32,0.5437657828282831,0.0,0.31125,0.0,0.0,0.0,0.0
G1.3.1,100,100,3,0.99,0.6975757575757581,0.0,1.0,1.0,1.0,1.0,0.0,1.0,0.0,1.0,0.0,0.0,0.0,0.0,0.0,0.4,0.5416616161616165,0.0,0.30674999999999997,0.0,0.0,0.0,0.0
G1.3.1,100,100,4,0.97,0.7031958762886603,0.0,1.0,1.0,1.0,1.0,0.0,1.0,0.0,1.0,0.0,0.0,0.0,0.0,0.0,0.41,0.5477235772357726,0.0,0.3017073170731708,0.0,0.0,0.0,0.0
G1.3.2,10,10,0,0.9,0.6333333333333333,0.0,1.0,1.0,1.0,1.0,0.0,1.0,0.0,1.0,0.0,0.0,0.0,0.0,0.0,0.4,0.5333333333333333,0.0,0.325,0.0,0.0,0.0,0.0
G1.3.2,10,10,1,0.9,0.7666666666666666,0.0,1.0,1.0,1.0,1.0,0.0,1.0,0.0,1.0,0.0,0.0,0.0,0.0,0.0,0.3,0.5518518518518519,0.0,0.2333333333333333,0.0,0.0,0.0,0.0
G1.3.2,10,10,2,0.9,0.7333333333333333,0.0,1.0,1.0,1.0,1.0,0.0,1.0,0.0,1.0,0.0,0.0,0.0,0.0,0.0,0.4,0.6166666666666667,0.0,0.25,0.0,0.0,0.0,0.0
G1.3.2,10,10,3,0.7,0.7714285714285714,0.041666666666666664,1.0,0.8571428571428572,0.8571428571428572,1.0,0.0,0.9940476190476191,0.028546616210194747,0.9940476190476191,0.028546616210194747,0.0,0.0,0.0,0.0,0.3,0.5703703703703704,0.0,0.16666666666666666,0.0,0.0,0.0,0.0
G1.3.2,10,10,4,1.0,0.72,0.07692307692307693,0.8,0.9,0.7,0.9918803418803418,0.02816949315842222,0.9957264957264957,0.02136752136752138,0.9876068376068375,0.046155824585643095,0.0,0.0,0.0,0.0,0.7,0.5904761904761904,0.0,0.2285714285714286,0.0,0.0,0.0,0.0
G1.3.2,10,25,0,0.7,0.6914285714285714,0.045454545454545456,1.0,0.8571428571428572,0.8571428571428572,1.0,0.0,0.9935064935064936,0.029756985032180768,0.9935064935064936,0.029756985032180768,0.0,0.0,0.0,0.0,0.4,0.5388888888888889,0.25,0.38,0.0,0.0,0.0,0.0
G1.3.2,10,25,1,0.9,0.7022222222222223,0.0,1.0,1.0,1.0,1.0,0.0,1.0,0.0,1.0,0.0,0.0,0.0,0.0,0.0,0.2,0.47555555555555545,0.0,0.4,0.0,0.0,0.0,0.0
G1.3.2,10,25,2,0.9,0.6622222222222223,0.041666666666666664,0.8888888888888888,1.0,0.8888888888888888,0.9953703703703703,0.02220292371904038,1.0,0.0,0.9953703703703703,0.02220292371904038,0.0,0.0,0.0,0.0,0.5,0.5342222222222222,0.0,0.368,0.0,0.0,0.0,0.0
G1.3.2,10,25,3,1.0,0.72,0.0,1.0,1.0,1.0,1.0,0.0,1.0,0.0,1.0,0.0,0.0,0.0,0.0,0.0,0.5,0.5377777777777777,0.0,0.27999999999999997,0.0,0.0,0.0,0.0
G1.3.2,10,25,4,1.0,0.6599999999999999,0.0,1.0,1.0,1.0,1.0,0.0,1.0,0.0,1.0,0.0,0.0,0.0,0.0,0.0,0.4,0.5277777777777777,0.0,0.28,0.0,0.0,0.0,0.0
G1.3.2,10,50,0,1.0,0.7200000000000003,0.0,1.0,1.0,1.0,1.0,0.0,1.0,0.0,1.0,0.0,0.0,0.0,0.0,0.0,0.2,0.5755555555555558,0.0,0.33,0.0,0.0,0.0,0.0
G1.3.2,10,50,1,1.0,0.6980000000000003,0.0,1.0,1.0,1.0,1.0,0.0,1.0,0.0,1.0,0.0,0.0,0.0,0.0,0.0,0.3,0.5437037037037039,0.0,0.3466666666666667,0.0,0.0,0.0,0.0
G1.3.2,10,50,2,1.0,0.7100000000000003,0.05,1.0,0.9,0.9,1.0,0.0,0.9949999999999999,0.021794494717703363,0.9949999999999999,0.021794494717703363,0.0,0.0,0.0,0.0,0.5,0.5164444444444445,0.0,0.352,0.0,0.0,0.0,0.0
G1.3.2,10,50,3,1.0,0.6880000000000003,0.0,1.0,1.0,1.0,1.0,0.0,1.0,0.0,1.0,0.0,0.0,0.0,0.0,0.0,0.3,0.5429629629629632,0.0,0.43333333333333335,0.0,0.0,0.0,0.0
G1.3.2,10,50,4,1.0,0.7100000000000003,0.0,1.0,1.0,1.0,1.0,0.0,1.0,0.0,1.0,0.0,0.0,0.0,0.0,0.0,0.3,0.5770370370370372,0.0,0.3066666666666667,0.0,0.0,0.0,0.0
G1.3.2,10,100,0,1.0,0.7020000000000004,0.0,1.0,1.0,1.0,1.0,0.0,1.0,0.0,1.0,0.0,0.0,0.0,0.0,0.0,0.3,0.5703703703703707,0.0,0.32666666666666666,0.0,0.0,0.0,0.0
G1.3.2,10,100,1,1.0,0.7030000000000004,0.0,1.0,1.0,1.0,1.0,0.0,1.0,0.0,1.0,0.0,0.0,0.0,0.0,0.0,0.5,0.5326666666666668,0.0,0.33799999999999997,0.0,0.0,0.0,0.0
G1.3.2,10,100,2,1.0,0.6910000000000004,0.0,1.0,1.0,1.0,1.0,0.0,1.0,0.0,1.0,0.0,0.0,0.0,0.0,0.0,0.6,0.5294444444444448,0.0,0.31666666666666665,0.0,0.0,0.0,0.0
G1.3.2,10,100,3,0.9,0.6766666666666671,0.0,1.0,1.0,1.0,1.0,0.0,1.0,0.0,1.0,0.0,0.0,0.0,0.0,0.0,0.3,0.5229629629629632,0.0,0.42,0.0,0.0,0.0,0.0
G1.3.2,10,100,4,1.0,0.7000000000000004,0.0,1.0,1.0,1.0,1.0,0.0,1.0,0.0,1.0,0.0,0.0,0.0,0.0,0.0,0.0,0.0,0.0,0.0,0.0,0.0,0.0,0.0
G1.3.2,25,10,0,0.96,0.6791666666666666,0.0,1.0,1.0,1.0,1.0,0.0,1.0,0.0,1.0,0.0,0.0,0.0,0.0,0.0,0.4,0.5679166666666665,0.0,0.29,0.0,0.0,0.0,0.0
G1.3.2,25,10,1,0.92,0.7478260869565219,0.0,1.0,1.0,1.0,1.0,0.0,1.0,0.0,1.0,0.0,0.0,0.0,0.0,0.0,0.32,0.5713541666666666,0.125,0.2625,0.0,0.0,0.0,0.0
G1.3.2,25,10,2,0.88,0.7272727272727273,0.0,1.0,1.0,1.0,1.0,0.0,1.0,0.0,1.0,0.0,0.0,0.0,0.0,0.0,0.36,0.5680555555555556,0.1111111111111111,0.2777777777777778,0.0,0.0,0.0,0.0
G1.3.2,25,10,3,1.0,0.7559999999999999,0.0,1.0,1.0,1.0,1.0,0.0,1.0,0.0,1.0,0.0,0.0,0.0,0.0,0.0,0.32,0.5791666666666666,0.0,0.325,0.0,0.0,0.0,0.0
G1.3.2,25,10,4,0.84,0.7238095238095237,0.0,1.0,1.0,1.0,1.0,0.0,1.0,0.0,1.0,0.0,0.0,0.0,0.0,0.0,0.32,0.51875,0.0,0.2625,0.0,0.0,0.0,0.0
G1.3.2,25,25,0,0.88,0.7054545454545456,0.0,1.0,1.0,1.0,1.0,0.0,1.0,0.0,1.0,0.0,0.0,0.0,0.0,0.0,0.36,0.5061111111111111,0.0,0.3377777777777778,0.0,0.0,0.0,0.0
G1.3.2,25,25,1,0.96,0.7133333333333334,0.0,1.0,1.0,1.0,1.0,0.0,1.0,0.0,1.0,0.0,0.0,0.0,0.0,0.0,0.4,0.5676666666666665,0.0,0.2920000000000001,0.0,0.0,0.0,0.0
G1.3.2,25,25,2,0.92,0.7147826086956522,0.0,1.0,1.0,1.0,1.0,0.0,1.0,0.0,1.0,0.0,0.0,0.0,0.0,0.0,0.32,0.5379166666666666,0.0,0.30000000000000004,0.0,0.0,0.0,0.0
G1.3.2,25,25,3,0.96,0.7266666666666667,0.0,1.0,1.0,1.0,1.0,0.0,1.0,0.0,1.0,0.0,0.0,0.0,0.0,0.0,0.36,0.552962962962963,0.0,0.2488888888888889,0.0,0.0,0.0,0.0
G1.3.2,25,25,4,0.96,0.71,0.0,1.0,1.0,1.0,1.0,0.0,1.0,0.0,1.0,0.0,0.0,0.0,0.0,0.0,0.24,0.5597222222222221,0.0,0.32,0.0,0.0,0.0,0.0
G1.3.2,25,50,0,1.0,0.6944000000000002,0.0,1.0,1.0,1.0,1.0,0.0,1.0,0.0,1.0,0.0,0.0,0.0,0.0,0.0,0.28,0.5534523809523811,0.0,0.31142857142857144,0.0,0.0,0.0,0.0
G1.3.2,25,50,1,1.0,0.6984000000000004,0.0,1.0,1.0,1.0,1.0,0.0,1.0,0.0,1.0,0.0,0.0,0.0,0.0,0.0,0.44,0.5291666666666668,0.0,0.33272727272727276,0.0,0.0,0.0,0.0
G1.3.2,25,50,2,1.0,0.6816000000000004,0.0,1.0,1.0,1.0,1.0,0.0,1.0,0.0,1.0,0.0,0.0,0.0,0.0,0.0,0.28,0.5272619047619049,0.0,0.34857142857142864,0.0,0.0,0.0,0.0
G1.3.2,25,50,3,0.88,0.7163636363636368,0.0,1.0,1.0,1.0,1.0,0.0,1.0,0.0,1.0,0.0,0.0,0.0,0.0,0.0,0.4,0.5421666666666669,0.0,0.316,0.0,0.0,0.0,0.0
G1.3.2,25,50,4,1.0,0.6928000000000004,0.0,1.0,1.0,1.0,1.0,0.0,1.0,0.0,1.0,0.0,0.0,0.0,0.0,0.0,0.48,0.5333333333333334,0.0,0.3183333333333333,0.0,0.0,0.0,0.0
G1.3.2,25,100,0,0.96,0.6875000000000003,0.0,1.0,1.0,1.0,1.0,0.0,1.0,0.0,1.0,0.0,0.0,0.0,0.0,0.0,0.44,0.5342803030303032,0.0,0.31636363636363635,0.0,0.0,0.0,0.0
G1.3.2,25,100,1,1.0,0.6856000000000004,0.0,1.0,1.0,1.0,1.0,0.0,1.0,0.0,1.0,0.0,0.0,0.0,0.0,0.0,0.2,0.5335833333333336,0.0,0.36,0.0,0.0,0.0,0.0
G1.3.2,25,100,2,1.0,0.6920000000000005,0.0,1.0,1.0,1.0,1.0,0.0,1.0,0.0,1.0,0.0,0.0,0.0,0.0,0.0,0.4,0.5477916666666669,0.0,0.326,0.0,0.0,0.0,0.0
G1.3.2,25,100,3,1.0,0.6948000000000004,0.0,1.0,1.0,1.0,1.0,0.0,1.0,0.0,1.0,0.0,0.0,0.0,0.0,0.0,0.32,0.5372916666666668,0.0,0.33375,0.0,0.0,0.0,0.0
G1.3.2,25,100,4,1.0,0.7016000000000004,0.0,1.0,1.0,1.0,1.0,0.0,1.0,0.0,1.0,0.0,0.0,0.0,0.0,0.0,0.12,0.5625000000000003,0.0,0.3933333333333333,0.0,0.0,0.0,0.0
G1.3.2,50,10,0,0.88,0.7204545454545455,0.0,1.0,1.0,1.0,1.0,0.0,1.0,0.0,1.0,0.0,0.0,0.0,0.0,0.0,0.38,0.5711063372717508,0.05263157894736842,0.3,0.0,0.0,0.0,0.0
G1.3.2,50,10,1,0.86,0.7116279069767442,0.0,1.0,1.0,1.0,1.0,0.0,1.0,0.0,1.0,0.0,0.0,0.0,0.0,0.0,0.26,0.5970172684458398,0.07692307692307693,0.3384615384615385,0.0,0.0,0.0,0.0
G1.3.2,50,10,2,0.92,0.7347826086956523,0.0,1.0,1.0,1.0,1.0,0.0,1.0,0.0,1.0,0.0,0.0,0.0,0.0,0.0,0.28,0.5683673469387756,0.0,0.22142857142857145,0.0,0.0,0.0,0.0
G1.3.2,50,10,3,0.86,0.7186046511627907,0.0,1.0,1.0,1.0,1.0,0.0,1.0,0.0,1.0,0.0,0.0,0.0,0.0,0.0,0.32,0.5825255102040816,0.0,0.30625,0.0,0.0,0.0,0.0
G1.3.2,50,10,4,0.9,0.7266666666666666,0.0,1.0,1.0,1.0,1.0,0.0,1.0,0.0,1.0,0.0,0.0,0.0,0.0,0.0,0.28,0.5715743440233236,0.0,0.3,0.0,0.0,0.0,0.0
G1.3.2,50,25,0,0.92,0.6930434782608695,0.0,1.0,1.0,1.0,1.0,0.0,1.0,0.0,1.0,0.0,0.0,0.0,0.0,0.0,0.4,0.5283265306122449,0.0,0.32000000000000006,0.0,0.0,0.0,0.0
G1.3.2,50,25,1,0.94,0.7097872340425532,0.0,1.0,1.0,1.0,1.0,0.0,1.0,0.0,1.0,0.0,0.0,0.0,0.0,0.0,0.38,0.5346509129967776,0.0,0.2863157894736843,0.0,0.0,0.0,0.0
G1.3.2,50,25,2,0.96,0.6908333333333334,0.0,1.0,1.0,1.0,1.0,0.0,1.0,0.0,1.0,0.0,0.0,0.0,0.0,0.0,0.36,0.5459410430839003,0.0,0.3177777777777778,0.0,0.0,0.0,0.0
G1.3.2,50,25,3,1.0,0.7224,0.0,1.0,1.0,1.0,1.0,0.0,1.0,0.0,1.0,0.0,0.0,0.0,0.0,0.0,0.46,0.5448092280390417,0.0,0.3043478260869566,0.0,0.0,0.0,0.0
G1.3.2,50,25,4,0.86,0.704186046511628,0.0,1.0,1.0,1.0,1.0,0.0,1.0,0.0,1.0,0.0,0.0,0.0,0.0,0.0,0.26,0.558116169544741,0.0,0.25538461538461543,0.0,0.0,0.0,0.0
G1.3.2,50,50,0,0.98,0.6902040816326532,0.0,1.0,1.0,1.0,1.0,0.0,1.0,0.0,1.0,0.0,0.0,0.0,0.0,0.0,0.4,0.5525714285714287,0.0,0.305,0.0,0.0,0.0,0.0
G1.3.2,50,50,1,0.98,0.6967346938775515,0.0,1.0,1.0,1.0,1.0,0.0,1.0,0.0,1.0,0.0,0.0,0.0,0.0,0.0,0.26,0.5587127158555731,0.0,0.2784615384615385,0.0,0.0,0.0,0.0
G1.3.2,50,50,2,0.94,0.6982978723404257,0.0,1.0,1.0,1.0,1.0,0.0,1.0,0.0,1.0,0.0,0.0,0.0,0.0,0.0,0.32,0.5410714285714286,0.0,0.295,0.0,0.0,0.0,0.0
G1.3.2,50,50,3,0.94,0.6987234042553195,0.0,1.0,1.0,1.0,1.0,0.0,1.0,0.0,1.0,0.0,0.0,0.0,0.0,0.0,0.34,0.5424249699879953,0.0,0.32705882352941174,0.0,0.0,0.0,0.0
G1.3.2,50,50,4,1.0,0.6944000000000002,0.0,1.0,1.0,1.0,1.0,0.0,1.0,0.0,1.0,0.0,0.0,0.0,0.0,0.0,0.34,0.54280912364946,0.0,0.3105882352941176,0.0,0.0,0.0,0.0
G1.3.2,50,100,0,1.0,0.6972000000000006,0.0,1.0,1.0,1.0,1.0,0.0,1.0,0.0,1.0,0.0,0.0,0.0,0.0,0.0,0.34,0.5393757503001202,0.0,0.3147058823529412,0.0,0.0,0.0,0.0
G1.3.2,50,100,1,1.0,0.7006000000000004,0.0,1.0,1.0,1.0,1.0,0.0,1.0,0.0,1.0,0.0,0.0,0.0,0.0,0.0,0.36,0.5341156462585037,0.0,0.31222222222222223,0.0,0.0,0.0,0.0
G1.3.2,50,100,2,0.98,0.6910204081632657,0.0,1.0,1.0,1.0,1.0,0.0,1.0,0.0,1.0,0.0,0.0,0.0,0.0,0.0,0.28,0.5281778425655979,0.0,0.31499999999999995,0.0,0.0,0.0,0.0
G1.3.2,50,100,3,0.98,0.7061224489795922,0.0,1.0,1.0,1.0,1.0,0.0,1.0,0.0,1.0,0.0,0.0,0.0,0.0,0.0,0.32,0.5407653061224493,0.0,0.29812500000000003,0.0,0.0,0.0,0.0
G1.3.2,50,100,4,1.0,0.7028000000000003,0.0,1.0,1.0,1.0,1.0,0.0,1.0,0.0,1.0,0.0,0.0,0.0,0.0,0.0,0.4,0.543418367346939,0.0,0.30100000000000005,0.0,0.0,0.0,0.0
G1.3.2,100,10,0,0.9,0.7077777777777777,0.0,1.0,1.0,1.0,1.0,0.0,1.0,0.0,1.0,0.0,0.0,0.0,0.0,0.0,0.2,0.5407575757575758,0.0,0.36500000000000005,0.0,0.0,0.0,0.0
G1.3.2,100,10,1,0.86,0.7302325581395348,0.0,1.0,1.0,1.0,1.0,0.0,1.0,0.0,1.0,0.0,0.0,0.0,0.0,0.0,0.24,0.5644781144781145,0.0,0.325,0.0,0.0,0.0,0.0
G1.3.2,100,10,2,0.88,0.7386363636363636,0.0,1.0,1.0,1.0,1.0,0.0,1.0,0.0,1.0,0.0,0.0,0.0,0.0,0.0,0.24,0.57003367003367,0.041666666666666664,0.2708333333333333,0.0,0.0,0.0,0.0
G1.3.2,100,10,3,0.93,0.7290322580645161,0.0,1.0,1.0,1.0,1.0,0.0,1.0,0.0,1.0,0.0,0.0,0.0,0.0,0.0,0.21,0.5311688311688312,0.0,0.3,0.0,0.0,0.0,0.0
G1.3.2,100,10,4,0.89,0.7224719101123593,0.0,1.0,1.0,1.0,1.0,0.0,1.0,0.0,1.0,0.0,0.0,0.0,0.0,0.0,0.23,0.5523935002195871,0.0,0.2652173913043478,0.0,0.0,0.0,0.0
G1.3.2,100,25,0,0.92,0.7156521739130435,0.0,1.0,1.0,1.0,1.0,0.0,1.0,0.0,1.0,0.0,0.0,0.0,0.0,0.0,0.3,0.5436363636363635,0.0,0.304,0.0,0.0,0.0,0.0
G1.3.2,100,25,1,0.92,0.7143478260869564,0.0,1.0,1.0,1.0,1.0,0.0,1.0,0.0,1.0,0.0,0.0,0.0,0.0,0.0,0.36,0.5477665544332211,0.0,0.2899999999999999,0.0,0.0,0.0,0.0
G1.3.2,100,25,2,0.91,0.7134065934065934,0.0,1.0,1.0,1.0,1.0,0.0,1.0,0.0,1.0,0.0,0.0,0.0,0.0,0.0,0.25,0.5489616161616161,0.0,0.31360000000000005,0.0,0.0,0.0,0.0
G1.3.2,100,25,3,0.91,0.6971428571428571,0.0,1.0,1.0,1.0,1.0,0.0,1.0,0.0,1.0,0.0,0.0,0.0,0.0,0.0,0.29,0.5491327063740856,0.0,0.3213793103448276,0.0,0.0,0.0,0.0
G1.3.2,100,25,4,0.94,0.7170212765957445,0.0,1.0,1.0,1.0,1.0,0.0,1.0,0.0,1.0,0.0,0.0,0.0,0.0,0.0,0.32,0.5357323232323232,0.0,0.29750000000000004,0.0,0.0,0.0,0.0
G1.3.2,100,50,0,0.94,0.6991489361702129,0.0,1.0,1.0,1.0,1.0,0.0,1.0,0.0,1.0,0.0,0.0,0.0,0.0,0.0,0.31,0.5364744216357121,0.0,0.2858064516129032,0.0,0.0,0.0,0.0
G1.3.2,100,50,1,0.97,0.7030927835051551,0.0,1.0,1.0,1.0,1.0,0.0,1.0,0.0,1.0,0.0,0.0,0.0,0.0,0.0,0.35,0.5391688311688314,0.0,0.30571428571428577,0.0,0.0,0.0,0.0
G1.3.2,100,50,2,0.96,0.6993750000000003,0.0,1.0,1.0,1.0,1.0,0.0,1.0,0.0,1.0,0.0,0.0,0.0,0.0,0.0,0.32,0.5437184343434345,0.0,0.315625,0.0,0.0,0.0,0.0
G1.3.2,100,50,3,0.97,0.7002061855670108,0.0,1.0,1.0,1.0,1.0,0.0,1.0,0.0,1.0,0.0,0.0,0.0,0.0,0.0,0.43,0.5495137420718818,0.0,0.2869767441860466,0.0,0.0,0.0,0.0
G1.3.2,100,50,4,0.95,0.6945263157894739,0.0,1.0,1.0,1.0,1.0,0.0,1.0,0.0,1.0,0.0,0.0,0.0,0.0,0.0,0.35,0.5335064935064937,0.0,0.31485714285714284,0.0,0.0,0.0,0.0
G1.3.2,100,100,0,1.0,0.6880000000000004,0.0,1.0,1.0,1.0,1.0,0.0,1.0,0.0,1.0,0.0,0.0,0.0,0.0,0.0,0.42,0.5447402597402601,0.0,0.31047619047619046,0.0,0.0,0.0,0.0
G1.3.2,100,100,1,0.99,0.6935353535353538,0.0,1.0,1.0,1.0,1.0,0.0,1.0,0.0,1.0,0.0,0.0,0.0,0.0,0.0,0.26,0.5340365190365193,0.0,0.31384615384615383,0.0,0.0,0.0,0.0
G1.3.2,100,100,2,0.99,0.6945454545454549,0.0,1.0,1.0,1.0,1.0,0.0,1.0,0.0,1.0,0.0,0.0,0.0,0.0,0.0,0.31,0.5477256435320954,0.0,0.28903225806451616,0.0,0.0,0.0,0.0
G1.3.2,100,100,3,0.97,0.6938144329896911,0.0,1.0,1.0,1.0,1.0,0.0,1.0,0.0,1.0,0.0,0.0,0.0,0.0,0.0,0.3,0.5472020202020205,0.0,0.3053333333333334,0.0,0.0,0.0,0.0
G1.3.2,100,100,4,0.99,0.7013131313131317,0.0,1.0,1.0,1.0,1.0,0.0,1.0,0.0,1.0,0.0,0.0,0.0,0.0,0.0,0.35,0.5431948051948053,0.0,0.2991428571428571,0.0,0.0,0.0,0.0
G1.3.3,10,10,0,0.8,0.7499999999999999,0.0136986301369863,1.0,0.875,0.875,1.0,0.0,0.9982876712328768,0.014529591394244128,0.9982876712328768,0.014529591394244128,0.0,0.0,0.0,0.0,0.4,0.6333333333333333,0.0,0.25,0.0,0.0,0.0,0.0
G1.3.3,10,10,1,0.7,0.7714285714285714,0.013157894736842105,1.0,0.8571428571428572,0.8571428571428572,1.0,0.0,0.9981203007518797,0.01627867300346688,0.9981203007518797,0.01627867300346688,0.0,0.0,0.0,0.0,0.4,0.5694444444444444,0.0,0.275,0.0,0.0,0.0,0.0
G1.3.3,10,10,2,0.9,0.6888888888888889,0.0,1.0,1.0,1.0,1.0,0.0,1.0,0.0,1.0,0.0,0.0,0.0,0.0,0.0,0.4,0.5416666666666667,0.0,0.25,0.0,0.0,0.0,0.0
G1.3.3,10,10,3,0.8,0.725,0.0,1.0,1.0,1.0,1.0,0.0,1.0,0.0,1.0,0.0,0.0,0.0,0.0,0.0,0.4,0.5777777777777777,0.0,0.45000000000000007,0.0,0.0,0.0,0.0
G1.3.3,10,10,4,1.0,0.7499999999999998,0.014084507042253521,0.9,1.0,0.9,0.9985915492957748,0.011783944035691201,1.0,0.0,0.9985915492957748,0.011783944035691201,0.0,0.0,0.0,0.0,0.3,0.6037037037037037,0.0,0.16666666666666666,0.0,0.0,0.0,0.0
G1.3.3,10,25,0,1.0,0.628,0.024096385542168676,0.9,0.9,0.8,0.9987951807228916,0.010910102576069176,0.998661311914324,0.012122336195632423,0.9974564926372156,0.016209738388912244,0.0,0.0,0.0,0.0,0.6,0.5214814814814814,0.0,0.38000000000000006,0.0,0.0,0.0,0.0
G1.3.3,10,25,1,1.0,0.6679999999999999,0.0,1.0,1.0,1.0,1.0,0.0,1.0,0.0,1.0,0.0,0.0,0.0,0.0,0.0,0.4,0.5266666666666666,0.0,0.32,0.0,0.0,0.0,0.0
G1.3.3,10,25,2,1.0,0.692,0.0,1.0,1.0,1.0,1.0,0.0,1.0,0.0,1.0,0.0,0.0,0.0,0.0,0.0,0.4,0.5255555555555556,0.0,0.35,0.0,0.0,0.0,0.0
G1.3.3,10,25,3,0.7,0.7142857142857143,0.02702702702702703,0.5714285714285714,1.0,0.5714285714285714,0.9935649935649935,0.04166387144462971,1.0,0.0,0.9935649935649935,0.0416638714446297,0.0,0.0,0.0,0.0,0.2,0.5844444444444443,0.0,0.24,0.0,0.0,0.0,0.0
G1.3.3,10,25,4,1.0,0.728,0.0,1.0,1.0,1.0,1.0,0.0,1.0,0.0,1.0,0.0,0.0,0.0,0.0,0.0,0.4,0.5288888888888889,0.0,0.33999999999999997,0.0,0.0,0.0,0.0
G1.3.3,10,50,0,1.0,0.6940000000000003,0.0,1.0,1.0,1.0,1.0,0.0,1.0,0.0,1.0,0.0,0.0,0.0,0.0,0.0,0.5,0.521777777777778,0.0,0.33199999999999996,0.0,0.0,0.0,0.0
G1.3.3,10,50,1,1.0,0.6840000000000004,0.0,1.0,1.0,1.0,1.0,0.0,1.0,0.0,1.0,0.0,0.0,0.0,0.0,0.0,0.5,0.5555555555555557,0.0,0.376,0.0,0.0,0.0,0.0
G1.3.3,10,50,2,0.9,0.6688888888888891,0.0,1.0,1.0,1.0,1.0,0.0,1.0,0.0,1.0,0.0,0.0,0.0,0.0,0.0,0.5,0.5337777777777779,0.0,0.38,0.0,0.0,0.0,0.0
G1.3.3,10,50,3,1.0,0.6960000000000003,0.0,1.0,1.0,1.0,1.0,0.0,1.0,0.0,1.0,0.0,0.0,0.0,0.0,0.0,0.5,0.5328888888888891,0.0,0.28400000000000003,0.0,0.0,0.0,0.0
G1.3.3,10,50,4,0.9,0.7088888888888891,0.0,1.0,1.0,1.0,1.0,0.0,1.0,0.0,1.0,0.0,0.0,0.0,0.0,0.0,0.4,0.5144444444444446,0.0,0.35500000000000004,0.0,0.0,0.0,0.0
G1.3.3,10,100,0,1.0,0.6790000000000004,0.0,1.0,1.0,1.0,1.0,0.0,1.0,0.0,1.0,0.0,0.0,0.0,0.0,0.0,0.4,0.5522222222222225,0.0,0.32,0.0,0.0,0.0,0.0
G1.3.3,10,100,1,1.0,0.6770000000000004,0.0125,0.9,1.0,0.9,0.99875,0.011110243021644484,1.0,0.0,0.99875,0.011110243021644484,0.0,0.0,0.0,0.0,0.5,0.5713333333333337,0.0,0.34400000000000003,0.0,0.0,0.0,0.0
G1.3.3,10,100,2,1.0,0.6840000000000004,0.0,1.0,1.0,1.0,1.0,0.0,1.0,0.0,1.0,0.0,0.0,0.0,0.0,0.0,0.4,0.5411111111111113,0.0,0.3625,0.0,0.0,0.0,0.0
G1.3.3,10,100,3,1.0,0.7180000000000005,0.0,1.0,1.0,1.0,1.0,0.0,1.0,0.0,1.0,0.0,0.0,0.0,0.0,0.0,0.2,0.5755555555555558,0.0,0.37,0.0,0.0,0.0,0.0
G1.3.3,10,100,4,1.0,0.6830000000000004,0.0,1.0,1.0,1.0,1.0,0.0,1.0,0.0,1.0,0.0,0.0,0.0,0.0,0.0,0.5,0.5442222222222225,0.0,0.33999999999999997,0.0,0.0,0.0,0.0
G1.3.3,25,10,0,0.96,0.7708333333333334,0.0,1.0,1.0,1.0,1.0,0.0,1.0,0.0,1.0,0.0,0.0,0.0,0.0,0.0,0.28,0.605952380952381,0.0,0.2285714285714286,0.0,0.0,0.0,0.0
G1.3.3,25,10,1,0.96,0.6708333333333333,0.0,1.0,1.0,1.0,1.0,0.0,1.0,0.0,1.0,0.0,0.0,0.0,0.0,0.0,0.36,0.5810185185185185,0.0,0.3,0.0,0.0,0.0,0.0
G1.3.3,25,10,2,0.88,0.7499999999999999,0.0,1.0,1.0,1.0,1.0,0.0,1.0,0.0,1.0,0.0,0.0,0.0,0.0,0.0,0.4,0.6125,0.0,0.28,0.0,0.0,0.0,0.0
G1.3.3,25,10,3,0.96,0.7166666666666667,0.0,1.0,1.0,1.0,1.0,0.0,1.0,0.0,1.0,0.0,0.0,0.0,0.0,0.0,0.32,0.5291666666666667,0.0,0.2875,0.0,0.0,0.0,0.0
G1.3.3,25,10,4,0.84,0.7285714285714285,0.0,1.0,1.0,1.0,1.0,0.0,1.0,0.0,1.0,0.0,0.0,0.0,0.0,0.0,0.4,0.5841666666666666,0.1,0.30999999999999994,0.0,0.0,0.0,0.0
G1.3.3,25,25,0,0.96,0.7316666666666668,0.0,1.0,1.0,1.0,1.0,0.0,1.0,0.0,1.0,0.0,0.0,0.0,0.0,0.0,0.32,0.5343749999999999,0.0,0.27,0.0,0.0,0.0,0.0
G1.3.3,25,25,1,0.92,0.6991304347826087,0.0,1.0,1.0,1.0,1.0,0.0,1.0,0.0,1.0,0.0,0.0,0.0,0.0,0.0,0.24,0.5075,0.0,0.36000000000000004,0.0,0.0,0.0,0.0
G1.3.3,25,25,2,0.92,0.7147826086956524,0.0,1.0,1.0,1.0,1.0,0.0,1.0,0.0,1.0,0.0,0.0,0.0,0.0,0.0,0.28,0.5683333333333332,0.0,0.25142857142857145,0.0,0.0,0.0,0.0
G1.3.3,25,25,3,1.0,0.7216000000000001,0.0,1.0,1.0,1.0,1.0,0.0,1.0,0.0,1.0,0.0,0.0,0.0,0.0,0.0,0.36,0.5216666666666666,0.0,0.2577777777777778,0.0,0.0,0.0,0.0
G1.3.3,25,25,4,0.92,0.7008695652173913,0.0,1.0,1.0,1.0,1.0,0.0,1.0,0.0,1.0,0.0,0.0,0.0,0.0,0.0,0.32,0.5470833333333333,0.0,0.25,0.0,0.0,0.0,0.0
G1.3.3,25,50,0,0.88,0.7000000000000003,0.0,1.0,1.0,1.0,1.0,0.0,1.0,0.0,1.0,0.0,0.0,0.0,0.0,0.0,0.36,0.5408333333333335,0.0,0.2933333333333333,0.0,0.0,0.0,0.0
G1.3.3,25,50,1,1.0,0.7032000000000004,0.0,1.0,1.0,1.0,1.0,0.0,1.0,0.0,1.0,0.0,0.0,0.0,0.0,0.0,0.28,0.5240476190476192,0.0,0.32,0.0,0.0,0.0,0.0
G1.3.3,25,50,2,0.96,0.7083333333333336,0.0,1.0,1.0,1.0,1.0,0.0,1.0,0.0,1.0,0.0,0.0,0.0,0.0,0.0,0.52,0.5565384615384616,0.0,0.2907692307692308,0.0,0.0,0.0,0.0
G1.3.3,25,50,3,1.0,0.7072000000000003,0.0,1.0,1.0,1.0,1.0,0.0,1.0,0.0,1.0,0.0,0.0,0.0,0.0,0.0,0.36,0.5687037037037039,0.0,0.30888888888888894,0.0,0.0,0.0,0.0
G1.3.3,25,50,4,0.96,0.6933333333333337,0.0,1.0,1.0,1.0,1.0,0.0,1.0,0.0,1.0,0.0,0.0,0.0,0.0,0.0,0.48,0.5398611111111112,0.0,0.3166666666666666,0.0,0.0,0.0,0.0
G1.3.3,25,100,0,1.0,0.7016000000000004,0.0,1.0,1.0,1.0,1.0,0.0,1.0,0.0,1.0,0.0,0.0,0.0,0.0,0.0,0.36,0.5343055555555558,0.0,0.30666666666666664,0.0,0.0,0.0,0.0
G1.3.3,25,100,1,1.0,0.6976000000000004,0.0,1.0,1.0,1.0,1.0,0.0,1.0,0.0,1.0,0.0,0.0,0.0,0.0,0.0,0.28,0.5507738095238098,0.0,0.3242857142857143,0.0,0.0,0.0,0.0
G1.3.3,25,100,2,1.0,0.6892000000000003,0.0,1.0,1.0,1.0,1.0,0.0,1.0,0.0,1.0,0.0,0.0,0.0,0.0,0.0,0.32,0.5537500000000003,0.0,0.3175,0.0,0.0,0.0,0.0
G1.3.3,25,100,3,1.0,0.6980000000000004,0.0,1.0,1.0,1.0,1.0,0.0,1.0,0.0,1.0,0.0,0.0,0.0,0.0,0.0,0.28,0.5380357142857145,0.0,0.32142857142857145,0.0,0.0,0.0,0.0
G1.3.3,25,100,4,0.96,0.691666666666667,0.0,1.0,1.0,1.0,1.0,0.0,1.0,0.0,1.0,0.0,0.0,0.0,0.0,0.0,0.28,0.5315476190476193,0.0,0.3185714285714286,0.0,0.0,0.0,0.0
G1.3.3,50,10,0,0.84,0.7309523809523808,0.0,1.0,1.0,1.0,1.0,0.0,1.0,0.0,1.0,0.0,0.0,0.0,0.0,0.0,0.2,0.523469387755102,0.0,0.28,0.0,0.0,0.0,0.0
G1.3.3,50,10,1,0.92,0.7108695652173912,0.0,1.0,1.0,1.0,1.0,0.0,1.0,0.0,1.0,0.0,0.0,0.0,0.0,0.0,0.32,0.5696428571428571,0.0,0.2875,0.0,0.0,0.0,0.0
G1.3.3,50,10,2,0.98,0.7326530612244896,0.0,1.0,1.0,1.0,1.0,0.0,1.0,0.0,1.0,0.0,0.0,0.0,0.0,0.0,0.22,0.5760667903525045,0.0,0.21818181818181823,0.0,0.0,0.0,0.0
G1.3.3,50,10,3,0.8,0.7474999999999999,0.0,1.0,1.0,1.0,1.0,0.0,1.0,0.0,1.0,0.0,0.0,0.0,0.0,0.0,0.22,0.5549165120593691,0.18181818181818182,0.34545454545454546,0.0,0.0,0.0,0.0
G1.3.3,50,10,4,0.86,0.7255813953488371,0.0,1.0,1.0,1.0,1.0,0.0,1.0,0.0,1.0,0.0,0.0,0.0,0.0,0.0,0.24,0.5709183673469388,0.0,0.2916666666666667,0.0,0.0,0.0,0.0
G1.3.3,50,25,0,0.96,0.7116666666666666,0.0,1.0,1.0,1.0,1.0,0.0,1.0,0.0,1.0,0.0,0.0,0.0,0.0,0.0,0.18,0.5473922902494331,0.0,0.32,0.0,0.0,0.0,0.0
G1.3.3,50,25,1,0.92,0.7043478260869567,0.0,1.0,1.0,1.0,1.0,0.0,1.0,0.0,1.0,0.0,0.0,0.0,0.0,0.0,0.28,0.5560932944606414,0.0,0.3000000000000001,0.0,0.0,0.0,0.0
G1.3.3,50,25,2,0.84,0.7095238095238097,0.0,1.0,1.0,1.0,1.0,0.0,1.0,0.0,1.0,0.0,0.0,0.0,0.0,0.0,0.28,0.5290379008746356,0.0,0.31142857142857144,0.0,0.0,0.0,0.0
G1.3.3,50,25,3,0.94,0.6961702127659576,0.0,1.0,1.0,1.0,1.0,0.0,1.0,0.0,1.0,0.0,0.0,0.0,0.0,0.0,0.3,0.5367074829931973,0.0,0.31200000000000006,0.0,0.0,0.0,0.0
G1.3.3,50,25,4,0.96,0.7075,0.0,1.0,1.0,1.0,1.0,0.0,1.0,0.0,1.0,0.0,0.0,0.0,0.0,0.0,0.28,0.5421574344023323,0.0,0.30857142857142855,0.0,0.0,0.0,0.0
G1.3.3,50,50,0,0.98,0.685714285714286,0.0,1.0,1.0,1.0,1.0,0.0,1.0,0.0,1.0,0.0,0.0,0.0,0.0,0.0,0.4,0.5389387755102042,0.0,0.31000000000000005,0.0,0.0,0.0,0.0
G1.3.3,50,50,1,0.96,0.6970833333333336,0.0,1.0,1.0,1.0,1.0,0.0,1.0,0.0,1.0,0.0,0.0,0.0,0.0,0.0,0.26,0.5663422291993722,0.0,0.3061538461538461,0.0,0.0,0.0,0.0
G1.3.3,50,50,2,1.0,0.7036000000000002,0.0,1.0,1.0,1.0,1.0,0.0,1.0,0.0,1.0,0.0,0.0,0.0,0.0,0.0,0.36,0.5385714285714287,0.0,0.3022222222222222,0.0,0.0,0.0,0.0
G1.3.3,50,50,3,0.94,0.6872340425531918,0.0,1.0,1.0,1.0,1.0,0.0,1.0,0.0,1.0,0.0,0.0,0.0,0.0,0.0,0.38,0.5522663802363053,0.0,0.3336842105263158,0.0,0.0,0.0,0.0
G1.3.3,50,50,4,0.98,0.7081632653061226,0.0,1.0,1.0,1.0,1.0,0.0,1.0,0.0,1.0,0.0,0.0,0.0,0.0,0.0,0.34,0.5462424969987998,0.0,0.3223529411764706,0.0,0.0,0.0,0.0
G1.3.3,50,100,0,1.0,0.6952000000000004,0.0,1.0,1.0,1.0,1.0,0.0,1.0,0.0,1.0,0.0,0.0,0.0,0.0,0.0,0.26,0.5376766091051808,0.0,0.29153846153846164,0.0,0.0,0.0,0.0
G1.3.3,50,100,1,1.0,0.6960000000000004,0.0,1.0,1.0,1.0,1.0,0.0,1.0,0.0,1.0,0.0,0.0,0.0,0.0,0.0,0.28,0.5390233236151606,0.0,0.3121428571428571,0.0,0.0,0.0,0.0
G1.3.3,50,100,2,0.96,0.6989583333333339,0.0,1.0,1.0,1.0,1.0,0.0,1.0,0.0,1.0,0.0,0.0,0.0,0.0,0.0,0.3,0.5479455782312929,0.0,0.294,0.0,0.0,0.0,0.0
G1.3.3,50,100,3,0.94,0.6891489361702131,0.0,1.0,1.0,1.0,1.0,0.0,1.0,0.0,1.0,0.0,0.0,0.0,0.0,0.0,0.38,0.5382599355531689,0.0,0.3173684210526315,0.0,0.0,0.0,0.0
G1.3.3,50,100,4,1.0,0.7054000000000005,0.0,1.0,1.0,1.0,1.0,0.0,1.0,0.0,1.0,0.0,0.0,0.0,0.0,0.0,0.34,0.5485234093637458,0.0,0.2835294117647059,0.0,0.0,0.0,0.0
G1.3.3,100,10,0,0.92,0.7130434782608696,0.0,1.0,1.0,1.0,1.0,0.0,1.0,0.0,1.0,0.0,0.0,0.0,0.0,0.0,0.27,0.561541339319117,0.0,0.362962962962963,0.0,0.0,0.0,0.0
G1.3.3,100,10,1,0.87,0.7057471264367816,0.0,1.0,1.0,1.0,1.0,0.0,1.0,0.0,1.0,0.0,0.0,0.0,0.0,0.0,0.21,0.5862914862914863,0.0,0.3476190476190476,0.0,0.0,0.0,0.0
G1.3.3,100,10,2,0.86,0.7174418604651163,0.0,1.0,1.0,1.0,1.0,0.0,1.0,0.0,1.0,0.0,0.0,0.0,0.0,0.0,0.24,0.5707491582491582,0.08333333333333333,0.3416666666666666,0.0,0.0,0.0,0.0
G1.3.3,100,10,3,0.92,0.7195652173913042,0.0,1.0,1.0,1.0,1.0,0.0,1.0,0.0,1.0,0.0,0.0,0.0,0.0,0.0,0.27,0.5615039281705949,0.0,0.3,0.0,0.0,0.0,0.0
G1.3.3,100,10,4,0.83,0.7301204819277106,0.0,1.0,1.0,1.0,1.0,0.0,1.0,0.0,1.0,0.0,0.0,0.0,0.0,0.0,0.21,0.5683501683501684,0.047619047619047616,0.3238095238095238,0.0,0.0,0.0,0.0
G1.3.3,100,25,0,0.96,0.7174999999999999,0.0,1.0,1.0,1.0,1.0,0.0,1.0,0.0,1.0,0.0,0.0,0.0,0.0,0.0,0.32,0.5497727272727272,0.0,0.27874999999999994,0.0,0.0,0.0,0.0
G1.3.3,100,25,1,0.95,0.6981052631578948,0.0,1.0,1.0,1.0,1.0,0.0,1.0,0.0,1.0,0.0,0.0,0.0,0.0,0.0,0.35,0.5461702741702741,0.0,0.31657142857142856,0.0,0.0,0.0,0.0
G1.3.3,100,25,2,0.89,0.7173033707865167,0.0,1.0,1.0,1.0,1.0,0.0,1.0,0.0,1.0,0.0,0.0,0.0,0.0,0.0,0.26,0.545034965034965,0.0,0.31230769230769234,0.0,0.0,0.0,0.0
G1.3.3,100,25,3,0.94,0.7157446808510638,0.0,1.0,1.0,1.0,1.0,0.0,1.0,0.0,1.0,0.0,0.0,0.0,0.0,0.0,0.23,0.557171717171717,0.0,0.3147826086956523,0.0,0.0,0.0,0.0
G1.3.3,100,25,4,0.94,0.72,0.0,1.0,1.0,1.0,1.0,0.0,1.0,0.0,1.0,0.0,0.0,0.0,0.0,0.0,0.26,0.5467443667443667,0.0,0.28615384615384615,0.0,0.0,0.0,0.0
G1.3.3,100,50,0,0.97,0.7028865979381447,0.0,1.0,1.0,1.0,1.0,0.0,1.0,0.0,1.0,0.0,0.0,0.0,0.0,0.0,0.35,0.5404386724386726,0.0,0.29200000000000004,0.0,0.0,0.0,0.0
G1.3.3,100,50,1,0.93,0.7017204301075273,0.0,1.0,1.0,1.0,1.0,0.0,1.0,0.0,1.0,0.0,0.0,0.0,0.0,0.0,0.36,0.5442255892255894,0.0,0.31611111111111106,0.0,0.0,0.0,0.0
G1.3.3,100,50,2,0.94,0.693829787234043,0.0,1.0,1.0,1.0,1.0,0.0,1.0,0.0,1.0,0.0,0.0,0.0,0.0,0.0,0.26,0.5400077700077702,0.0,0.28846153846153844,0.0,0.0,0.0,0.0
G1.3.3,100,50,3,0.96,0.7100000000000004,0.0,1.0,1.0,1.0,1.0,0.0,1.0,0.0,1.0,0.0,0.0,0.0,0.0,0.0,0.3,0.5280471380471383,0.0,0.27999999999999997,0.0,0.0,0.0,0.0
G1.3.3,100,50,4,0.97,0.6987628865979385,0.0,1.0,1.0,1.0,1.0,0.0,1.0,0.0,1.0,0.0,0.0,0.0,0.0,0.0,0.43,0.5424336387127087,0.0,0.2972093023255814,0.0,0.0,0.0,0.0
G1.3.3,100,100,0,0.98,0.694693877551021,0.0,1.0,1.0,1.0,1.0,0.0,1.0,0.0,1.0,0.0,0.0,0.0,0.0,0.0,0.34,0.5435888294711826,0.0,0.31176470588235294,0.0,0.0,0.0,0.0
G1.3.3,100,100,1,0.98,0.7086734693877554,0.0,1.0,1.0,1.0,1.0,0.0,1.0,0.0,1.0,0.0,0.0,0.0,0.0,0.0,0.36,0.5440965207631876,0.0,0.3038888888888889,0.0,0.0,0.0,0.0
G1.3.3,100,100,2,1.0,0.6918000000000002,0.0,1.0,1.0,1.0,1.0,0.0,1.0,0.0,1.0,0.0,0.0,0.0,0.0,0.0,0.39,0.5409893809893813,0.0,0.31846153846153835,0.0,0.0,0.0,0.0
G1.3.3,100,100,3,0.99,0.697373737373738,0.0,1.0,1.0,1.0,1.0,0.0,1.0,0.0,1.0,0.0,0.0,0.0,0.0,0.0,0.39,0.5491660191660193,0.0,0.3082051282051282,0.0,0.0,0.0,0.0
G1.3.3,100,100,4,0.99,0.6959595959595963,0.0,1.0,1.0,1.0,1.0,0.0,1.0,0.0,1.0,0.0,0.0,0.0,0.0,0.0,0.33,0.5405938169574537,0.0,0.30575757575757573,0.0,0.0,0.0,0.0
G2.1.1,10,10,0,0.8,0.5375000000000001,0.0,1.0,1.0,1.0,1.0,0.0,1.0,0.0,1.0,0.0,0.0,0.0,0.0,0.0,0.6,0.6203703703703703,0.0,0.44999999999999996,0.0,0.0,0.0,0.0
G2.1.1,10,10,1,0.9,0.6333333333333333,0.08695652173913043,0.8888888888888888,0.8888888888888888,0.7777777777777778,0.9951690821256038,0.022659013332480344,0.9951690821256038,0.022659013332480344,0.9903381642512078,0.03130792607926503,0.0,0.0,0.0,0.0,0.5,0.6444444444444445,0.0,0.32,0.0,0.0,0.0,0.0
G2.1.1,10,10,2,0.9,0.6666666666666665,0.0,1.0,1.0,1.0,1.0,0.0,1.0,0.0,1.0,0.0,0.0,0.0,0.0,0.0,0.7,0.5634920634920635,0.0,0.3571428571428572,0.0,0.0,0.0,0.0
G2.1.1,10,10,3,0.9,0.6222222222222222,0.043478260869565216,1.0,0.8888888888888888,0.8888888888888888,1.0,0.0,0.9951690821256038,0.022659013332480344,0.9951690821256038,0.022659013332480344,0.0,0.0,0.0,0.0,0.5,0.5599999999999999,0.0,0.38,0.0,0.0,0.0,0.0
G2.1.1,10,10,4,0.8,0.6499999999999999,0.05263157894736842,1.0,0.875,0.875,1.0,0.0,0.993421052631579,0.027912109783679508,0.993421052631579,0.027912109783679508,0.0,0.0,0.0,0.0,0.5,0.6111111111111112,0.2,0.34,0.0,0.0,0.0,0.0
G2.1.1,10,25,0,0.8,0.615,0.09090909090909091,1.0,0.875,0.875,1.0,0.0,0.9943181818181818,0.026037361903158182,0.9943181818181818,0.026037361903158182,0.0,0.0,0.0,0.0,0.6,0.5688888888888889,0.0,0.4466666666666667,0.0,0.0,0.0,0.0
G2.1.1,10,25,1,0.6,0.6133333333333334,0.043478260869565216,1.0,0.8333333333333334,0.8333333333333334,1.0,0.0,0.9927536231884059,0.0339885199987205,0.9927536231884059,0.0339885199987205,0.0,0.0,0.0,0.0,0.3,0.5274074074074073,0.0,0.4266666666666666,0.0,0.0,0.0,0.0
G2.1.1,10,25,2,0.8,0.605,0.04,1.0,0.875,0.875,1.0,0.0,0.995,0.024494897427831782,0.995,0.024494897427831782,0.0,0.0,0.0,0.0,0.7,0.5873015873015872,0.0,0.4114285714285715,0.0,0.0,0.0,0.0
G2.1.1,10,25,3,0.6,0.6733333333333333,0.0,1.0,1.0,1.0,1.0,0.0,1.0,0.0,1.0,0.0,0.0,0.0,0.0,0.0,0.4,0.6211111111111112,0.0,0.36,0.0,0.0,0.0,0.0
G2.1.1,10,25,4,0.6,0.56,0.0,1.0,1.0,1.0,1.0,0.0,1.0,0.0,1.0,0.0,0.0,0.0,0.0,0.0,0.5,0.5848888888888888,0.0,0.40800000000000003,0.0,0.0,0.0,0.0
G2.1.1,10,50,0,0.8,0.6225000000000003,0.0,1.0,1.0,1.0,1.0,0.0,1.0,0.0,1.0,0.0,0.0,0.0,0.0,0.0,0.8,0.5641666666666669,0.0,0.3775,0.0,0.0,0.0,0.0
G2.1.1,10,50,1,0.7,0.6085714285714288,0.0,1.0,1.0,1.0,1.0,0.0,1.0,0.0,1.0,0.0,0.0,0.0,0.0,0.0,0.5,0.5782222222222224,0.0,0.384,0.0,0.0,0.0,0.0
G2.1.1,10,50,2,0.5,0.5680000000000002,0.030303030303030304,1.0,0.8,0.8,1.0,0.0,0.9939393939393939,0.034283965148438664,0.9939393939393939,0.034283965148438664,0.0,0.0,0.0,0.0,0.4,0.5661111111111113,0.0,0.41500000000000004,0.0,0.0,0.0,0.0
G2.1.1,10,50,3,0.8,0.6100000000000002,0.041666666666666664,1.0,0.875,0.875,1.0,0.0,0.9947916666666666,0.024978289183920414,0.9947916666666666,0.024978289183920414,0.0,0.0,0.0,0.0,0.5,0.5622222222222224,0.0,0.43600000000000005,0.0,0.0,0.0,0.0
G2.1.1,10,50,4,0.5,0.5760000000000002,0.09523809523809523,0.6,1.0,0.6,0.980952380952381,0.08518354199999201,1.0,0.0,0.980952380952381,0.08518354199999201,0.0,0.0,0.0,0.0,0.3,0.5474074074074075,0.0,0.41333333333333333,0.0,0.0,0.0,0.0
G2.1.1,10,100,0,0.7,0.575714285714286,0.08333333333333333,1.0,0.8571428571428572,0.8571428571428572,1.0,0.0,0.9940476190476191,0.028546616210194747,0.9940476190476191,0.028546616210194747,0.0,0.0,0.0,0.0,0.6,0.5640740740740743,0.0,0.4266666666666667,0.0,0.0,0.0,0.0
G2.1.1,10,100,1,0.6,0.621666666666667,0.045454545454545456,1.0,0.8333333333333334,0.8333333333333334,1.0,0.0,0.9924242424242425,0.03471648253754424,0.9924242424242425,0.03471648253754424,0.0,0.0,0.0,0.0,0.4,0.5572222222222225,0.0,0.4175,0.0,0.0,0.0,0.0
G2.1.1,10,100,2,0.6,0.5800000000000003,0.10344827586206896,0.8333333333333334,0.8333333333333334,0.6666666666666667,0.9942528735632183,0.030410934609937813,0.9942528735632185,0.030410934609937816,0.9885057471264368,0.042232581772123745,0.0,0.0,0.0,0.0,0.5,0.5562222222222225,0.0,0.418,0.0,0.0,0.0,0.0
G2.1.1,10,100,3,0.4,0.5750000000000003,0.06451612903225806,0.75,0.75,0.5,0.9919354838709677,0.04417117399235211,0.9919354838709677,0.04417117399235212,0.9838709677419355,0.06141752504728958,0.0,0.0,0.0,0.0,0.3,0.5688888888888891,0.3333333333333333,0.42,0.0,0.0,0.0,0.0
G2.1.1,10,100,4,0.7,0.5971428571428575,0.08695652173913043,0.14285714285714285,1.0,0.1428571428571429,0.9527950310559007,0.17072499421226814,1.0,0.0,0.9527950310559007,0.17072499421226814,0.0,0.0,0.0,0.0,0.3,0.5896296296296298,0.0,0.4033333333333333,0.0,0.0,0.0,0.0
G2.1.1,25,10,0,0.84,0.6142857142857142,0.0,1.0,1.0,1.0,1.0,0.0,1.0,0.0,1.0,0.0,0.0,0.0,0.0,0.0,0.44,0.6102272727272726,0.09090909090909091,0.39999999999999997,0.0,0.0,0.0,0.0
G2.1.1,25,10,1,0.88,0.5863636363636363,0.0,1.0,1.0,1.0,1.0,0.0,1.0,0.0,1.0,0.0,0.0,0.0,0.0,0.0,0.56,0.5836309523809523,0.0,0.4285714285714285,0.0,0.0,0.0,0.0
G2.1.1,25,10,2,0.84,0.5999999999999999,0.0,1.0,1.0,1.0,1.0,0.0,1.0,0.0,1.0,0.0,0.0,0.0,0.0,0.0,0.4,0.6162499999999999,0.0,0.45999999999999996,0.0,0.0,0.0,0.0
G2.1.1,25,10,3,0.8,0.6399999999999999,0.0,1.0,1.0,1.0,1.0,0.0,1.0,0.0,1.0,0.0,0.0,0.0,0.0,0.0,0.52,0.5467948717948719,0.0,0.36153846153846153,0.0,0.0,0.0,0.0
G2.1.1,25,10,4,0.84,0.6666666666666666,0.0,1.0,1.0,1.0,1.0,0.0,1.0,0.0,1.0,0.0,0.0,0.0,0.0,0.0,0.32,0.5630208333333333,0.0,0.35,0.0,0.0,0.0,0.0
G2.1.1,25,25,0,0.8,0.608,0.0,1.0,1.0,1.0,1.0,0.0,1.0,0.0,1.0,0.0,0.0,0.0,0.0,0.0,0.56,0.5507142857142856,0.0,0.4142857142857143,0.0,0.0,0.0,0.0
G2.1.1,25,25,1,0.8,0.608,0.04,0.95,1.0,0.95,0.998,0.009797958971132722,1.0,0.0,0.998,0.009797958971132722,0.0,0.0,0.0,0.0,0.48,0.5619444444444444,0.0,0.4100000000000001,0.0,0.0,0.0,0.0
G2.1.1,25,25,2,0.84,0.5733333333333334,0.0,1.0,1.0,1.0,1.0,0.0,1.0,0.0,1.0,0.0,0.0,0.0,0.0,0.0,0.64,0.5510416666666667,0.0,0.4425,0.0,0.0,0.0,0.0
G2.1.1,25,25,3,0.96,0.5816666666666667,0.0,1.0,1.0,1.0,1.0,0.0,1.0,0.0,1.0,0.0,0.0,0.0,0.0,0.0,0.6,0.5628888888888887,0.0,0.4453333333333334,0.0,0.0,0.0,0.0
G2.1.1,25,25,4,0.8,0.6080000000000001,0.0,1.0,1.0,1.0,1.0,0.0,1.0,0.0,1.0,0.0,0.0,0.0,0.0,0.0,0.64,0.5608333333333333,0.0,0.4,0.0,0.0,0.0,0.0
G2.1.1,25,50,0,0.84,0.584761904761905,0.0,1.0,1.0,1.0,1.0,0.0,1.0,0.0,1.0,0.0,0.0,0.0,0.0,0.0,0.64,0.5644270833333336,0.0,0.42625,0.0,0.0,0.0,0.0
G2.1.1,25,50,1,0.72,0.6133333333333336,0.0,1.0,1.0,1.0,1.0,0.0,1.0,0.0,1.0,0.0,0.0,0.0,0.0,0.0,0.56,0.548809523809524,0.0,0.39428571428571424,0.0,0.0,0.0,0.0
G2.1.1,25,50,2,0.6,0.5946666666666668,0.0,1.0,1.0,1.0,1.0,0.0,1.0,0.0,1.0,0.0,0.0,0.0,0.0,0.0,0.24,0.5825000000000002,0.0,0.43333333333333335,0.0,0.0,0.0,0.0
G2.1.1,25,50,3,0.88,0.6027272727272729,0.0,1.0,1.0,1.0,1.0,0.0,1.0,0.0,1.0,0.0,0.0,0.0,0.0,0.0,0.44,0.5770454545454548,0.0,0.42545454545454553,0.0,0.0,0.0,0.0
G2.1.1,25,50,4,0.68,0.5835294117647061,0.0,1.0,1.0,1.0,1.0,0.0,1.0,0.0,1.0,0.0,0.0,0.0,0.0,0.0,0.52,0.5509615384615387,0.0,0.4292307692307693,0.0,0.0,0.0,0.0
G2.1.1,25,100,0,0.72,0.576666666666667,0.0,1.0,1.0,1.0,1.0,0.0,1.0,0.0,1.0,0.0,0.0,0.0,0.0,0.0,0.52,0.5532692307692311,0.0,0.43769230769230766,0.0,0.0,0.0,0.0
G2.1.1,25,100,1,0.8,0.6000000000000003,0.0,1.0,1.0,1.0,1.0,0.0,1.0,0.0,1.0,0.0,0.0,0.0,0.0,0.0,0.52,0.5537820512820515,0.0,0.41230769230769226,0.0,0.0,0.0,0.0
G2.1.1,25,100,2,0.8,0.5965000000000004,0.0,1.0,1.0,1.0,1.0,0.0,1.0,0.0,1.0,0.0,0.0,0.0,0.0,0.0,0.52,0.5667948717948721,0.0,0.41153846153846163,0.0,0.0,0.0,0.0
G2.1.1,25,100,3,0.64,0.6056250000000003,0.0,1.0,1.0,1.0,1.0,0.0,1.0,0.0,1.0,0.0,0.0,0.0,0.0,0.0,0.36,0.5628703703703706,0.0,0.40222222222222226,0.0,0.0,0.0,0.0
G2.1.1,25,100,4,0.64,0.5912500000000003,0.0,1.0,1.0,1.0,1.0,0.0,1.0,0.0,1.0,0.0,0.0,0.0,0.0,0.0,0.48,0.5574652777777781,0.0,0.42750000000000005,0.0,0.0,0.0,0.0
G2.1.1,50,10,0,0.74,0.6621621621621622,0.0,1.0,1.0,1.0,1.0,0.0,1.0,0.0,1.0,0.0,0.0,0.0,0.0,0.0,0.4,0.5892857142857142,0.0,0.36,0.0,0.0,0.0,0.0
G2.1.1,50,10,1,0.7,0.6628571428571428,0.0,1.0,1.0,1.0,1.0,0.0,1.0,0.0,1.0,0.0,0.0,0.0,0.0,0.0,0.32,0.5576530612244899,0.1875,0.46875,0.0,0.0,0.0,0.0
G2.1.1,50,10,2,0.76,0.6131578947368422,0.0,1.0,1.0,1.0,1.0,0.0,1.0,0.0,1.0,0.0,0.0,0.0,0.0,0.0,0.4,0.5686734693877551,0.05,0.4200000000000001,0.0,0.0,0.0,0.0
G2.1.1,50,10,3,0.78,0.6051282051282052,0.0,1.0,1.0,1.0,1.0,0.0,1.0,0.0,1.0,0.0,0.0,0.0,0.0,0.0,0.4,0.6042857142857143,0.0,0.3950000000000001,0.0,0.0,0.0,0.0
G2.1.1,50,10,4,0.68,0.6647058823529411,0.0,1.0,1.0,1.0,1.0,0.0,1.0,0.0,1.0,0.0,0.0,0.0,0.0,0.0,0.24,0.6217687074829931,0.0,0.3416666666666666,0.0,0.0,0.0,0.0
G2.1.1,50,25,0,0.8,0.602,0.0,1.0,1.0,1.0,1.0,0.0,1.0,0.0,1.0,0.0,0.0,0.0,0.0,0.0,0.64,0.5482908163265305,0.0,0.4175,0.0,0.0,0.0,0.0
G2.1.1,50,25,1,0.74,0.6021621621621623,0.0,1.0,1.0,1.0,1.0,0.0,1.0,0.0,1.0,0.0,0.0,0.0,0.0,0.0,0.48,0.5673809523809524,0.0,0.4366666666666667,0.0,0.0,0.0,0.0
G2.1.1,50,25,2,0.78,0.6133333333333333,0.0,1.0,1.0,1.0,1.0,0.0,1.0,0.0,1.0,0.0,0.0,0.0,0.0,0.0,0.48,0.5705102040816327,0.0,0.395,0.0,0.0,0.0,0.0
G2.1.1,50,25,3,0.74,0.6000000000000001,0.0,1.0,1.0,1.0,1.0,0.0,1.0,0.0,1.0,0.0,0.0,0.0,0.0,0.0,0.52,0.570298273155416,0.0,0.4184615384615385,0.0,0.0,0.0,0.0
G2.1.1,50,25,4,0.8,0.6050000000000001,0.0,1.0,1.0,1.0,1.0,0.0,1.0,0.0,1.0,0.0,0.0,0.0,0.0,0.0,0.52,0.5559183673469388,0.0,0.41846153846153855,0.0,0.0,0.0,0.0
G2.1.1,50,50,0,0.7,0.585714285714286,0.0,1.0,1.0,1.0,1.0,0.0,1.0,0.0,1.0,0.0,0.0,0.0,0.0,0.0,0.56,0.5581924198250731,0.0,0.4307142857142857,0.0,0.0,0.0,0.0
G2.1.1,50,50,1,0.78,0.606666666666667,0.0,1.0,1.0,1.0,1.0,0.0,1.0,0.0,1.0,0.0,0.0,0.0,0.0,0.0,0.46,0.5570008873114464,0.0,0.4121739130434783,0.0,0.0,0.0,0.0
G2.1.1,50,50,2,0.78,0.5943589743589744,0.0,1.0,1.0,1.0,1.0,0.0,1.0,0.0,1.0,0.0,0.0,0.0,0.0,0.0,0.62,0.5603818301514155,0.0,0.42129032258064525,0.0,0.0,0.0,0.0
G2.1.1,50,50,3,0.7,0.5840000000000002,0.0,1.0,1.0,1.0,1.0,0.0,1.0,0.0,1.0,0.0,0.0,0.0,0.0,0.0,0.54,0.5509145880574453,0.0,0.43111111111111106,0.0,0.0,0.0,0.0
G2.1.1,50,50,4,0.76,0.6157894736842109,0.0,1.0,1.0,1.0,1.0,0.0,1.0,0.0,1.0,0.0,0.0,0.0,0.0,0.0,0.5,0.5495673469387756,0.0,0.396,0.0,0.0,0.0,0.0
G2.1.1,50,100,0,0.66,0.592727272727273,0.0,1.0,1.0,1.0,1.0,0.0,1.0,0.0,1.0,0.0,0.0,0.0,0.0,0.0,0.48,0.5540476190476193,0.0,0.41625,0.0,0.0,0.0,0.0
G2.1.1,50,100,1,0.6,0.5923333333333337,0.0,1.0,1.0,1.0,1.0,0.0,1.0,0.0,1.0,0.0,0.0,0.0,0.0,0.0,0.46,0.5596628216503996,0.0,0.417391304347826,0.0,0.0,0.0,0.0
G2.1.1,50,100,2,0.66,0.6006060606060609,0.0,1.0,1.0,1.0,1.0,0.0,1.0,0.0,1.0,0.0,0.0,0.0,0.0,0.0,0.5,0.5611265306122452,0.0,0.408,0.0,0.0,0.0,0.0
G2.1.1,50,100,3,0.62,0.5961290322580649,0.0,1.0,1.0,1.0,1.0,0.0,1.0,0.0,1.0,0.0,0.0,0.0,0.0,0.0,0.5,0.5618530612244901,0.0,0.414,0.0,0.0,0.0,0.0
G2.1.1,50,100,4,0.76,0.5910526315789477,0.0,1.0,1.0,1.0,1.0,0.0,1.0,0.0,1.0,0.0,0.0,0.0,0.0,0.0,0.58,0.5602463054187194,0.0,0.41724137931034483,0.0,0.0,0.0,0.0
G2.1.1,100,10,0,0.82,0.6426829268292683,0.0,1.0,1.0,1.0,1.0,0.0,1.0,0.0,1.0,0.0,0.0,0.0,0.0,0.0,0.36,0.6180415263748597,0.0,0.3527777777777778,0.0,0.0,0.0,0.0
G2.1.1,100,10,1,0.77,0.6441558441558441,0.0,1.0,1.0,1.0,1.0,0.0,1.0,0.0,1.0,0.0,0.0,0.0,0.0,0.0,0.36,0.605864197530864,0.0,0.3444444444444445,0.0,0.0,0.0,0.0
G2.1.1,100,10,2,0.86,0.6302325581395349,0.0,1.0,1.0,1.0,1.0,0.0,1.0,0.0,1.0,0.0,0.0,0.0,0.0,0.0,0.4,0.5933333333333334,0.075,0.425,0.0,0.0,0.0,0.0
G2.1.1,100,10,3,0.75,0.6626666666666666,0.0,1.0,1.0,1.0,1.0,0.0,1.0,0.0,1.0,0.0,0.0,0.0,0.0,0.0,0.38,0.6139287612971822,0.05263157894736842,0.3684210526315789,0.0,0.0,0.0,0.0
G2.1.1,100,10,4,0.82,0.6524390243902438,0.0,1.0,1.0,1.0,1.0,0.0,1.0,0.0,1.0,0.0,0.0,0.0,0.0,0.0,0.34,0.6126856803327392,0.0,0.3735294117647059,0.0,0.0,0.0,0.0
G2.1.1,100,25,0,0.79,0.6020253164556961,0.0,1.0,1.0,1.0,1.0,0.0,1.0,0.0,1.0,0.0,0.0,0.0,0.0,0.0,0.49,0.5648567305710162,0.0,0.42367346938775513,0.0,0.0,0.0,0.0
G2.1.1,100,25,1,0.73,0.6049315068493151,0.0,1.0,1.0,1.0,1.0,0.0,1.0,0.0,1.0,0.0,0.0,0.0,0.0,0.0,0.38,0.5791919191919191,0.0,0.4242105263157895,0.0,0.0,0.0,0.0
G2.1.1,100,25,2,0.75,0.6026666666666666,0.0,1.0,1.0,1.0,1.0,0.0,1.0,0.0,1.0,0.0,0.0,0.0,0.0,0.0,0.42,0.578027898027898,0.0,0.4085714285714286,0.0,0.0,0.0,0.0
G2.1.1,100,25,3,0.78,0.6102564102564102,0.0,1.0,1.0,1.0,1.0,0.0,1.0,0.0,1.0,0.0,0.0,0.0,0.0,0.0,0.44,0.5690266299357207,0.0,0.41090909090909095,0.0,0.0,0.0,0.0
G2.1.1,100,25,4,0.71,0.6163380281690141,0.0,1.0,1.0,1.0,1.0,0.0,1.0,0.0,1.0,0.0,0.0,0.0,0.0,0.0,0.37,0.5656019656019655,0.0,0.40108108108108104,0.0,0.0,0.0,0.0
G2.1.1,100,50,0,0.75,0.5976000000000002,0.0,1.0,1.0,1.0,1.0,0.0,1.0,0.0,1.0,0.0,0.0,0.0,0.0,0.0,0.51,0.5535591206179443,0.0,0.42705882352941177,0.0,0.0,0.0,0.0
G2.1.1,100,50,1,0.74,0.5986486486486489,0.0,1.0,1.0,1.0,1.0,0.0,1.0,0.0,1.0,0.0,0.0,0.0,0.0,0.0,0.56,0.5625000000000002,0.0,0.41250000000000003,0.0,0.0,0.0,0.0
G2.1.1,100,50,2,0.72,0.5977777777777781,0.0,1.0,1.0,1.0,1.0,0.0,1.0,0.0,1.0,0.0,0.0,0.0,0.0,0.0,0.52,0.565839160839161,0.0,0.41923076923076924,0.0,0.0,0.0,0.0
G2.1.1,100,50,3,0.71,0.6129577464788734,0.0,1.0,1.0,1.0,1.0,0.0,1.0,0.0,1.0,0.0,0.0,0.0,0.0,0.0,0.44,0.5650918273645549,0.0,0.4,0.0,0.0,0.0,0.0
G2.1.1,100,50,4,0.75,0.5984000000000002,0.0,1.0,1.0,1.0,1.0,0.0,1.0,0.0,1.0,0.0,0.0,0.0,0.0,0.0,0.47,0.5614399312271654,0.0,0.428936170212766,0.0,0.0,0.0,0.0
G2.1.1,100,100,0,0.72,0.5983333333333336,0.0,1.0,1.0,1.0,1.0,0.0,1.0,0.0,1.0,0.0,0.0,0.0,0.0,0.0,0.54,0.5603367003367007,0.0,0.4112962962962963,0.0,0.0,0.0,0.0
G2.1.1,100,100,1,0.76,0.602368421052632,0.0,1.0,1.0,1.0,1.0,0.0,1.0,0.0,1.0,0.0,0.0,0.0,0.0,0.0,0.6,0.5596414141414144,0.0,0.409,0.0,0.0,0.0,0.0
G2.1.1,100,100,2,0.73,0.5927397260273976,0.0,1.0,1.0,1.0,1.0,0.0,1.0,0.0,1.0,0.0,0.0,0.0,0.0,0.0,0.52,0.5667987567987571,0.0,0.4215384615384616,0.0,0.0,0.0,0.0
G2.1.1,100,100,3,0.71,0.602816901408451,0.0,1.0,1.0,1.0,1.0,0.0,1.0,0.0,1.0,0.0,0.0,0.0,0.0,0.0,0.49,0.5586291486291489,0.0,0.40979591836734697,0.0,0.0,0.0,0.0
G2.1.1,100,100,4,0.64,0.5857812500000004,0.0,1.0,1.0,1.0,1.0,0.0,1.0,0.0,1.0,0.0,0.0,0.0,0.0,0.0,0.51,0.5673202614379087,0.0,0.4252941176470588,0.0,0.0,0.0,0.0
G2.1.2,10,10,0,0.7,0.6857142857142857,0.08695652173913043,1.0,0.7142857142857143,0.7142857142857143,1.0,0.0,0.9875776397515529,0.040253047816197866,0.9875776397515529,0.040253047816197866,0.0,0.0,0.0,0.0,0.6,0.5685185185185184,0.16666666666666666,0.3833333333333333,0.0,0.0,0.0,0.0
G2.1.2,10,10,1,0.8,0.6375,0.037037037037037035,0.875,1.0,0.875,0.9953703703703703,0.023606571822188817,1.0,0.0,0.9953703703703703,0.023606571822188817,0.0,0.0,0.0,0.0,0.6,0.6407407407407407,0.0,0.36666666666666664,0.0,0.0,0.0,0.0
G2.1.2,10,10,2,0.8,0.5874999999999999,0.037037037037037035,1.0,0.875,0.875,1.0,0.0,0.9953703703703703,0.023606571822188817,0.9953703703703703,0.023606571822188817,0.0,0.0,0.0,0.0,0.6,0.5370370370370371,0.0,0.4333333333333333,0.0,0.0,0.0,0.0
G2.1.2,10,10,3,0.8,0.6749999999999999,0.09375,0.75,0.875,0.625,0.9916294642857143,0.03249569946772471,0.9955357142857143,0.024856090905491155,0.9871651785714286,0.039988233431577286,0.0,0.0,0.0,0.0,0.4,0.5916666666666667,0.0,0.275,0.0,0.0,0.0,0.0
G2.1.2,10,10,4,1.0,0.6799999999999999,0.0,1.0,1.0,1.0,1.0,0.0,1.0,0.0,1.0,0.0,0.0,0.0,0.0,0.0,0.4,0.5083333333333333,0.0,0.30000000000000004,0.0,0.0,0.0,0.0
G2.1.2,10,25,0,0.9,0.6000000000000001,0.0,1.0,1.0,1.0,1.0,0.0,1.0,0.0,1.0,0.0,0.0,0.0,0.0,0.0,0.6,0.5837037037037036,0.0,0.39333333333333337,0.0,0.0,0.0,0.0
G2.1.2,10,25,1,1.0,0.5599999999999998,0.03125,1.0,0.9,0.9,1.0,0.0,0.996875,0.017399263633843812,0.996875,0.017399263633843812,0.0,0.0,0.0,0.0,0.8,0.565,0.0,0.45999999999999996,0.0,0.0,0.0,0.0
G2.1.2,10,25,2,0.8,0.595,0.1111111111111111,1.0,0.625,0.625,1.0,0.0,0.9861111111111112,0.03928371006591931,0.9861111111111112,0.03928371006591931,0.0,0.0,0.0,0.0,0.8,0.566111111111111,0.0,0.405,0.0,0.0,0.0,0.0
G2.1.2,10,25,3,0.4,0.5800000000000001,0.03571428571428571,1.0,0.75,0.75,1.0,0.0,0.9910714285714286,0.04639421805988065,0.9910714285714286,0.04639421805988065,0.0,0.0,0.0,0.0,0.4,0.5499999999999999,0.0,0.41000000000000003,0.0,0.0,0.0,0.0
G2.1.2,10,25,4,0.7,0.5657142857142857,0.0,1.0,1.0,1.0,1.0,0.0,1.0,0.0,1.0,0.0,0.0,0.0,0.0,0.0,0.5,0.5733333333333334,0.0,0.44000000000000006,0.0,0.0,0.0,0.0
G2.1.2,10,50,0,0.8,0.6050000000000002,0.0,1.0,1.0,1.0,1.0,0.0,1.0,0.0,1.0,0.0,0.0,0.0,0.0,0.0,0.7,0.5752380952380954,0.0,0.41428571428571426,0.0,0.0,0.0,0.0
G2.1.2,10,50,1,0.9,0.6355555555555559,0.14814814814814814,0.4444444444444444,0.8888888888888888,0.33333333333333337,0.9736184597295708,0.07218760034559016,0.9953703703703703,0.023606571822188817,0.9689888300999413,0.08174016003921034,0.0,0.0,0.0,0.0,0.3,0.5629629629629632,0.0,0.37333333333333335,0.0,0.0,0.0,0.0
G2.1.2,10,50,2,0.8,0.6100000000000002,0.03571428571428571,0.875,1.0,0.875,0.9955357142857143,0.023197109029940325,1.0,0.0,0.9955357142857143,0.023197109029940325,0.0,0.0,0.0,0.0,0.5,0.5644444444444446,0.0,0.392,0.0,0.0,0.0,0.0
G2.1.2,10,50,3,0.7,0.625714285714286,0.03125,1.0,0.8571428571428572,0.8571428571428572,1.0,0.0,0.9955357142857143,0.024856090905491155,0.9955357142857143,0.024856090905491155,0.0,0.0,0.0,0.0,0.4,0.5816666666666669,0.0,0.375,0.0,0.0,0.0,0.0
G2.1.2,10,50,4,0.5,0.5200000000000001,0.0,1.0,1.0,1.0,1.0,0.0,1.0,0.0,1.0,0.0,0.0,0.0,0.0,0.0,0.5,0.5413333333333336,0.2,0.472,0.0,0.0,0.0,0.0
G2.1.2,10,100,0,0.6,0.5450000000000003,0.0,1.0,1.0,1.0,1.0,0.0,1.0,0.0,1.0,0.0,0.0,0.0,0.0,0.0,0.6,0.5555555555555558,0.0,0.455,0.0,0.0,0.0,0.0
G2.1.2,10,100,1,1.0,0.5970000000000004,0.23076923076923078,0.7,0.9,0.6,0.9870726495726496,0.03596240178537228,0.9951923076923077,0.024038461538461536,0.9822649572649573,0.04179522136431163,0.0,0.0,0.0,0.0,0.6,0.5620370370370372,0.0,0.4200000000000001,0.0,0.0,0.0,0.0
G2.1.2,10,100,2,0.8,0.5975000000000004,0.037037037037037035,0.875,0.875,0.75,0.9953703703703703,0.023606571822188817,0.9953703703703703,0.023606571822188817,0.9907407407407407,0.047213143644377634,0.0,0.0,0.0,0.0,0.5,0.5380000000000001,0.0,0.446,0.0,0.0,0.0,0.0
G2.1.2,10,100,3,0.7,0.5971428571428575,0.08333333333333333,0.8571428571428571,0.8571428571428572,0.7142857142857143,0.9940476190476191,0.028546616210194768,0.9930555555555557,0.03330438557856054,0.9871031746031745,0.04291176340055984,0.0,0.0,0.0,0.0,0.5,0.5608888888888892,0.0,0.43,0.0,0.0,0.0,0.0
G2.1.2,10,100,4,0.6,0.5700000000000003,0.0,1.0,1.0,1.0,1.0,0.0,1.0,0.0,1.0,0.0,0.0,0.0,0.0,0.0,0.4,0.5758333333333336,0.0,0.43499999999999994,0.0,0.0,0.0,0.0
G2.1.2,25,10,0,0.72,0.6277777777777778,0.0,1.0,1.0,1.0,1.0,0.0,1.0,0.0,1.0,0.0,0.0,0.0,0.0,0.0,0.44,0.6124999999999999,0.18181818181818182,0.36363636363636365,0.0,0.0,0.0,0.0
G2.1.2,25,10,1,0.88,0.5636363636363636,0.0,1.0,1.0,1.0,1.0,0.0,1.0,0.0,1.0,0.0,0.0,0.0,0.0,0.0,0.4,0.5483333333333335,0.0,0.5199999999999999,0.0,0.0,0.0,0.0
G2.1.2,25,10,2,0.8,0.6000000000000001,0.0,1.0,1.0,1.0,1.0,0.0,1.0,0.0,1.0,0.0,0.0,0.0,0.0,0.0,0.52,0.5490384615384615,0.07692307692307693,0.4307692307692308,0.0,0.0,0.0,0.0
G2.1.2,25,10,3,0.88,0.6318181818181818,0.0,1.0,1.0,1.0,1.0,0.0,1.0,0.0,1.0,0.0,0.0,0.0,0.0,0.0,0.52,0.5756410256410256,0.0,0.38461538461538464,0.0,0.0,0.0,0.0
G2.1.2,25,10,4,0.72,0.5444444444444444,0.0,1.0,1.0,1.0,1.0,0.0,1.0,0.0,1.0,0.0,0.0,0.0,0.0,0.0,0.44,0.5606060606060606,0.0,0.5272727272727272,0.0,0.0,0.0,0.0
G2.1.2,25,25,0,0.8,0.574,0.0,1.0,1.0,1.0,1.0,0.0,1.0,0.0,1.0,0.0,0.0,0.0,0.0,0.0,0.64,0.5691666666666666,0.0,0.4375,0.0,0.0,0.0,0.0
G2.1.2,25,25,1,0.76,0.6126315789473684,0.0,1.0,1.0,1.0,1.0,0.0,1.0,0.0,1.0,0.0,0.0,0.0,0.0,0.0,0.48,0.5401388888888888,0.0,0.41,0.0,0.0,0.0,0.0
G2.1.2,25,25,2,0.84,0.6285714285714286,0.0,1.0,1.0,1.0,1.0,0.0,1.0,0.0,1.0,0.0,0.0,0.0,0.0,0.0,0.56,0.5767857142857142,0.0,0.38285714285714295,0.0,0.0,0.0,0.0
G2.1.2,25,25,3,0.72,0.628888888888889,0.0,1.0,1.0,1.0,1.0,0.0,1.0,0.0,1.0,0.0,0.0,0.0,0.0,0.0,0.48,0.5565277777777777,0.0,0.3866666666666667,0.0,0.0,0.0,0.0
G2.1.2,25,25,4,0.68,0.6047058823529412,0.0,1.0,1.0,1.0,1.0,0.0,1.0,0.0,1.0,0.0,0.0,0.0,0.0,0.0,0.36,0.5644444444444443,0.0,0.4355555555555556,0.0,0.0,0.0,0.0
G2.1.2,25,50,0,0.76,0.6147368421052635,0.0,1.0,1.0,1.0,1.0,0.0,1.0,0.0,1.0,0.0,0.0,0.0,0.0,0.0,0.56,0.5660714285714288,0.0,0.4014285714285714,0.0,0.0,0.0,0.0
G2.1.2,25,50,1,0.84,0.604761904761905,0.0,1.0,1.0,1.0,1.0,0.0,1.0,0.0,1.0,0.0,0.0,0.0,0.0,0.0,0.64,0.5703645833333335,0.0,0.40625,0.0,0.0,0.0,0.0
G2.1.2,25,50,2,0.8,0.6030000000000003,0.0,1.0,1.0,1.0,1.0,0.0,1.0,0.0,1.0,0.0,0.0,0.0,0.0,0.0,0.64,0.5620833333333335,0.0,0.40249999999999997,0.0,0.0,0.0,0.0
G2.1.2,25,50,3,0.8,0.6030000000000003,0.0,1.0,1.0,1.0,1.0,0.0,1.0,0.0,1.0,0.0,0.0,0.0,0.0,0.0,0.56,0.5604761904761907,0.0,0.4257142857142857,0.0,0.0,0.0,0.0
G2.1.2,25,50,4,0.76,0.5873684210526319,0.0,1.0,1.0,1.0,1.0,0.0,1.0,0.0,1.0,0.0,0.0,0.0,0.0,0.0,0.64,0.5732291666666669,0.0,0.4225,0.0,0.0,0.0,0.0
G2.1.2,25,100,0,0.68,0.6200000000000003,0.0,1.0,1.0,1.0,1.0,0.0,1.0,0.0,1.0,0.0,0.0,0.0,0.0,0.0,0.6,0.5693611111111114,0.0,0.386,0.0,0.0,0.0,0.0
G2.1.2,25,100,1,0.8,0.5910000000000004,0.0,1.0,1.0,1.0,1.0,0.0,1.0,0.0,1.0,0.0,0.0,0.0,0.0,0.0,0.64,0.5627864583333335,0.0,0.41875,0.0,0.0,0.0,0.0
G2.1.2,25,100,2,0.8,0.5960000000000003,0.0,1.0,1.0,1.0,1.0,0.0,1.0,0.0,1.0,0.0,0.0,0.0,0.0,0.0,0.6,0.560638888888889,0.0,0.4099999999999999,0.0,0.0,0.0,0.0
G2.1.2,25,100,3,0.6,0.5773333333333336,0.08695652173913043,0.9333333333333333,0.9333333333333333,0.8666666666666667,0.9971014492753624,0.0135954079994882,0.9968944099378882,0.014566508570880207,0.9939958592132505,0.019468304239664804,0.0,0.0,0.0,0.0,0.44,0.564507575757576,0.0,0.4327272727272728,0.0,0.0,0.0,0.0
G2.1.2,25,100,4,0.76,0.5936842105263161,0.0,1.0,1.0,1.0,1.0,0.0,1.0,0.0,1.0,0.0,0.0,0.0,0.0,0.0,0.56,0.5595833333333337,0.0,0.4228571428571429,0.0,0.0,0.0,0.0
G2.1.2,50,10,0,0.84,0.6047619047619048,0.0,1.0,1.0,1.0,1.0,0.0,1.0,0.0,1.0,0.0,0.0,0.0,0.0,0.0,0.44,0.5702226345083488,0.045454545454545456,0.40000000000000013,0.0,0.0,0.0,0.0
G2.1.2,50,10,1,0.78,0.6128205128205129,0.0,1.0,1.0,1.0,1.0,0.0,1.0,0.0,1.0,0.0,0.0,0.0,0.0,0.0,0.42,0.5776482021379981,0.0,0.42380952380952375,0.0,0.0,0.0,0.0
G2.1.2,50,10,2,0.74,0.6594594594594596,0.0,1.0,1.0,1.0,1.0,0.0,1.0,0.0,1.0,0.0,0.0,0.0,0.0,0.0,0.38,0.5746509129967776,0.0,0.3210526315789474,0.0,0.0,0.0,0.0
G2.1.2,50,10,3,0.82,0.5951219512195122,0.0,1.0,1.0,1.0,1.0,0.0,1.0,0.0,1.0,0.0,0.0,0.0,0.0,0.0,0.36,0.5674603174603173,0.0,0.4722222222222222,0.0,0.0,0.0,0.0
G2.1.2,50,10,4,0.74,0.6081081081081081,0.0,1.0,1.0,1.0,1.0,0.0,1.0,0.0,1.0,0.0,0.0,0.0,0.0,0.0,0.38,0.5874328678839956,0.05263157894736842,0.4157894736842105,0.0,0.0,0.0,0.0
G2.1.2,50,25,0,0.8,0.61,0.0,1.0,1.0,1.0,1.0,0.0,1.0,0.0,1.0,0.0,0.0,0.0,0.0,0.0,0.42,0.5811078717201166,0.0,0.4057142857142858,0.0,0.0,0.0,0.0
G2.1.2,50,25,1,0.84,0.6295238095238096,0.0,1.0,1.0,1.0,1.0,0.0,1.0,0.0,1.0,0.0,0.0,0.0,0.0,0.0,0.52,0.5762637362637363,0.0,0.38769230769230767,0.0,0.0,0.0,0.0
G2.1.2,50,25,2,0.76,0.6115789473684212,0.0,1.0,1.0,1.0,1.0,0.0,1.0,0.0,1.0,0.0,0.0,0.0,0.0,0.0,0.56,0.5775218658892128,0.0,0.39714285714285724,0.0,0.0,0.0,0.0
G2.1.2,50,25,3,0.84,0.6228571428571429,0.0,1.0,1.0,1.0,1.0,0.0,1.0,0.0,1.0,0.0,0.0,0.0,0.0,0.0,0.38,0.5827712137486573,0.0,0.4126315789473685,0.0,0.0,0.0,0.0
G2.1.2,50,25,4,0.7,0.6034285714285713,0.0,1.0,1.0,1.0,1.0,0.0,1.0,0.0,1.0,0.0,0.0,0.0,0.0,0.0,0.42,0.5447230320699709,0.0,0.41714285714285715,0.0,0.0,0.0,0.0
G2.1.2,50,50,0,0.74,0.5762162162162164,0.0,1.0,1.0,1.0,1.0,0.0,1.0,0.0,1.0,0.0,0.0,0.0,0.0,0.0,0.58,0.5615200562983816,0.0,0.43931034482758624,0.0,0.0,0.0,0.0
G2.1.2,50,50,1,0.62,0.6058064516129034,0.0,1.0,1.0,1.0,1.0,0.0,1.0,0.0,1.0,0.0,0.0,0.0,0.0,0.0,0.46,0.5546406388642415,0.0,0.41826086956521735,0.0,0.0,0.0,0.0
G2.1.2,50,50,2,0.6,0.6093333333333336,0.0,1.0,1.0,1.0,1.0,0.0,1.0,0.0,1.0,0.0,0.0,0.0,0.0,0.0,0.44,0.5574025974025975,0.0,0.4054545454545455,0.0,0.0,0.0,0.0
G2.1.2,50,50,3,0.74,0.6108108108108111,0.0,1.0,1.0,1.0,1.0,0.0,1.0,0.0,1.0,0.0,0.0,0.0,0.0,0.0,0.46,0.5684649511978705,0.0,0.4121739130434783,0.0,0.0,0.0,0.0
G2.1.2,50,50,4,0.64,0.6312500000000002,0.0,1.0,1.0,1.0,1.0,0.0,1.0,0.0,1.0,0.0,0.0,0.0,0.0,0.0,0.46,0.5652351375332744,0.0,0.38086956521739135,0.0,0.0,0.0,0.0
G2.1.2,50,100,0,0.8,0.6015000000000003,0.0,1.0,1.0,1.0,1.0,0.0,1.0,0.0,1.0,0.0,0.0,0.0,0.0,0.0,0.5,0.5586204081632656,0.0,0.4296,0.0,0.0,0.0,0.0
G2.1.2,50,100,1,0.6,0.6073333333333336,0.0,1.0,1.0,1.0,1.0,0.0,1.0,0.0,1.0,0.0,0.0,0.0,0.0,0.0,0.38,0.568464017185822,0.0,0.4163157894736842,0.0,0.0,0.0,0.0
G2.1.2,50,100,2,0.62,0.5867741935483874,0.0,1.0,1.0,1.0,1.0,0.0,1.0,0.0,1.0,0.0,0.0,0.0,0.0,0.0,0.42,0.5550631681243927,0.0,0.430952380952381,0.0,0.0,0.0,0.0
G2.1.2,50,100,3,0.66,0.5951515151515155,0.0,1.0,1.0,1.0,1.0,0.0,1.0,0.0,1.0,0.0,0.0,0.0,0.0,0.0,0.54,0.5756689342403631,0.0,0.4118518518518519,0.0,0.0,0.0,0.0
G2.1.2,50,100,4,0.7,0.6022857142857145,0.0,1.0,1.0,1.0,1.0,0.0,1.0,0.0,1.0,0.0,0.0,0.0,0.0,0.0,0.46,0.557923691215617,0.0,0.4082608695652174,0.0,0.0,0.0,0.0
G2.1.2,100,10,0,0.75,0.6320000000000001,0.0,1.0,1.0,1.0,1.0,0.0,1.0,0.0,1.0,0.0,0.0,0.0,0.0,0.0,0.36,0.5695005611672278,0.0,0.4000000000000001,0.0,0.0,0.0,0.0
G2.1.2,100,10,1,0.82,0.6304878048780487,0.0,1.0,1.0,1.0,1.0,0.0,1.0,0.0,1.0,0.0,0.0,0.0,0.0,0.0,0.39,0.5694120694120695,0.0,0.3641025641025641,0.0,0.0,0.0,0.0
G2.1.2,100,10,2,0.73,0.6356164383561642,0.0,1.0,1.0,1.0,1.0,0.0,1.0,0.0,1.0,0.0,0.0,0.0,0.0,0.0,0.3,0.5903367003367002,0.0,0.36666666666666664,0.0,0.0,0.0,0.0
G2.1.2,100,10,3,0.81,0.6382716049382715,0.0,1.0,1.0,1.0,1.0,0.0,1.0,0.0,1.0,0.0,0.0,0.0,0.0,0.0,0.37,0.5714987714987715,0.05405405405405406,0.4108108108108108,0.0,0.0,0.0,0.0
G2.1.2,100,10,4,0.78,0.6243589743589744,0.0,1.0,1.0,1.0,1.0,0.0,1.0,0.0,1.0,0.0,0.0,0.0,0.0,0.0,0.3,0.5655892255892254,0.0,0.41,0.0,0.0,0.0,0.0
G2.1.2,100,25,0,0.76,0.6157894736842104,0.0,1.0,1.0,1.0,1.0,0.0,1.0,0.0,1.0,0.0,0.0,0.0,0.0,0.0,0.46,0.5701800614844091,0.0,0.4121739130434783,0.0,0.0,0.0,0.0
G2.1.2,100,25,1,0.71,0.6022535211267607,0.0,1.0,1.0,1.0,1.0,0.0,1.0,0.0,1.0,0.0,0.0,0.0,0.0,0.0,0.39,0.5548407148407148,0.0,0.41641025641025636,0.0,0.0,0.0,0.0
G2.1.2,100,25,2,0.77,0.6176623376623376,0.0,1.0,1.0,1.0,1.0,0.0,1.0,0.0,1.0,0.0,0.0,0.0,0.0,0.0,0.45,0.5692749719416385,0.0,0.4035555555555555,0.0,0.0,0.0,0.0
G2.1.2,100,25,3,0.82,0.6136585365853658,0.0,1.0,1.0,1.0,1.0,0.0,1.0,0.0,1.0,0.0,0.0,0.0,0.0,0.0,0.48,0.5607407407407407,0.0,0.40166666666666667,0.0,0.0,0.0,0.0
G2.1.2,100,25,4,0.77,0.6140259740259739,0.0,1.0,1.0,1.0,1.0,0.0,1.0,0.0,1.0,0.0,0.0,0.0,0.0,0.0,0.49,0.5690950319521746,0.0,0.4008163265306123,0.0,0.0,0.0,0.0
G2.1.2,100,50,0,0.82,0.5980487804878051,0.0,1.0,1.0,1.0,1.0,0.0,1.0,0.0,1.0,0.0,0.0,0.0,0.0,0.0,0.58,0.568342041100662,0.0,0.42,0.0,0.0,0.0,0.0
G2.1.2,100,50,1,0.73,0.5958904109589044,0.0,1.0,1.0,1.0,1.0,0.0,1.0,0.0,1.0,0.0,0.0,0.0,0.0,0.0,0.52,0.5710295260295263,0.0,0.4265384615384615,0.0,0.0,0.0,0.0
G2.1.2,100,50,2,0.71,0.607605633802817,0.0,1.0,1.0,1.0,1.0,0.0,1.0,0.0,1.0,0.0,0.0,0.0,0.0,0.0,0.41,0.5679526977087955,0.0,0.4180487804878049,0.0,0.0,0.0,0.0
G2.1.2,100,50,3,0.72,0.6011111111111114,0.0,1.0,1.0,1.0,1.0,0.0,1.0,0.0,1.0,0.0,0.0,0.0,0.0,0.0,0.52,0.5724592074592078,0.0,0.415,0.0,0.0,0.0,0.0
G2.1.2,100,50,4,0.75,0.5933333333333335,0.0,1.0,1.0,1.0,1.0,0.0,1.0,0.0,1.0,0.0,0.0,0.0,0.0,0.0,0.55,0.5597906336088156,0.0,0.4236363636363637,0.0,0.0,0.0,0.0
G2.1.2,100,100,0,0.8,0.6038750000000003,0.0,1.0,1.0,1.0,1.0,0.0,1.0,0.0,1.0,0.0,0.0,0.0,0.0,0.0,0.53,0.5580484086144467,0.0,0.41245283018867923,0.0,0.0,0.0,0.0
G2.1.2,100,100,1,0.7,0.6097142857142861,0.0,1.0,1.0,1.0,1.0,0.0,1.0,0.0,1.0,0.0,0.0,0.0,0.0,0.0,0.49,0.5686002886002889,0.0,0.4036734693877552,0.0,0.0,0.0,0.0
G2.1.2,100,100,2,0.68,0.6010294117647063,0.0,1.0,1.0,1.0,1.0,0.0,1.0,0.0,1.0,0.0,0.0,0.0,0.0,0.0,0.43,0.553504815597839,0.0,0.4172093023255815,0.0,0.0,0.0,0.0
G2.1.2,100,100,3,0.7,0.5957142857142862,0.0,1.0,1.0,1.0,1.0,0.0,1.0,0.0,1.0,0.0,0.0,0.0,0.0,0.0,0.54,0.5658698092031429,0.0,0.41407407407407404,0.0,0.0,0.0,0.0
G2.1.2,100,100,4,0.75,0.5945333333333336,0.0,1.0,1.0,1.0,1.0,0.0,1.0,0.0,1.0,0.0,0.0,0.0,0.0,0.0,0.54,0.5706359895248787,0.0,0.4153703703703703,0.0,0.0,0.0,0.0
G2.1.3,10,10,0,0.6,0.65,0.0,1.0,1.0,1.0,1.0,0.0,1.0,0.0,1.0,0.0,0.0,0.0,0.0,0.0,0.5,0.6133333333333332,0.0,0.36,0.0,0.0,0.0,0.0
G2.1.3,10,10,1,0.9,0.6,0.0,1.0,1.0,1.0,1.0,0.0,1.0,0.0,1.0,0.0,0.0,0.0,0.0,0.0,0.6,0.6185185185185184,0.0,0.39999999999999997,0.0,0.0,0.0,0.0
G2.1.3,10,10,2,0.9,0.5888888888888889,0.0,1.0,1.0,1.0,1.0,0.0,1.0,0.0,1.0,0.0,0.0,0.0,0.0,0.0,0.8,0.5888888888888888,0.0,0.41250000000000003,0.0,0.0,0.0,0.0
G2.1.3,10,10,3,1.0,0.6499999999999999,0.0,1.0,1.0,1.0,1.0,0.0,1.0,0.0,1.0,0.0,0.0,0.0,0.0,0.0,0.8,0.5763888888888888,0.0,0.35,0.0,0.0,0.0,0.0
G2.1.3,10,10,4,0.9,0.6555555555555554,0.013513513513513514,1.0,0.8888888888888888,0.8888888888888888,1.0,0.0,0.9984984984984985,0.01282883445242873,0.9984984984984985,0.01282883445242873,0.0,0.0,0.0,0.0,0.7,0.6015873015873016,0.0,0.32857142857142857,0.0,0.0,0.0,0.0
G2.1.3,10,25,0,0.6,0.6466666666666667,0.0410958904109589,0.5,1.0,0.5,0.991552511415525,0.041391629944488015,1.0,0.0,0.991552511415525,0.041391629944488015,0.0,0.0,0.0,0.0,0.3,0.5703703703703703,0.0,0.36000000000000004,0.0,0.0,0.0,0.0
G2.1.3,10,25,1,0.8,0.56,0.027777777777777776,1.0,0.75,0.75,1.0,0.0,0.9965277777777778,0.020541943691318107,0.9965277777777778,0.020541943691318107,0.0,0.0,0.0,0.0,0.5,0.5359999999999998,0.0,0.45600000000000007,0.0,0.0,0.0,0.0
G2.1.3,10,25,2,0.9,0.6222222222222222,0.0125,0.8888888888888888,1.0,0.8888888888888888,0.9986111111111111,0.01234471446849388,1.0,0.0,0.9986111111111111,0.01234471446849388,0.0,0.0,0.0,0.0,0.4,0.571111111111111,0.0,0.34,0.0,0.0,0.0,0.0
G2.1.3,10,25,3,0.6,0.5866666666666667,0.012987012987012988,1.0,0.8333333333333334,0.8333333333333334,1.0,0.0,0.997835497835498,0.018869692396279964,0.997835497835498,0.018869692396279964,0.0,0.0,0.0,0.0,0.3,0.5762962962962963,0.0,0.3466666666666667,0.0,0.0,0.0,0.0
G2.1.3,10,25,4,0.6,0.6533333333333334,0.0,1.0,1.0,1.0,1.0,0.0,1.0,0.0,1.0,0.0,0.0,0.0,0.0,0.0,0.3,0.5896296296296296,0.0,0.3333333333333333,0.0,0.0,0.0,0.0
G2.1.3,10,50,0,0.8,0.6025000000000003,0.04054054054054054,0.75,1.0,0.75,0.9963803088803089,0.021767693376156843,1.0,0.0,0.9963803088803089,0.021767693376156833,0.0,0.0,0.0,0.0,0.6,0.6022222222222224,0.0,0.39666666666666667,0.0,0.0,0.0,0.0
G2.1.3,10,50,1,0.9,0.5666666666666669,0.013333333333333334,0.8888888888888888,1.0,0.8888888888888888,0.9985185185185185,0.012744185580803894,1.0,0.0,0.9985185185185185,0.012744185580803894,0.0,0.0,0.0,0.0,0.8,0.5508333333333334,0.0,0.4375,0.0,0.0,0.0,0.0
G2.1.3,10,50,2,0.5,0.5360000000000001,0.0,1.0,1.0,1.0,1.0,0.0,1.0,0.0,1.0,0.0,0.0,0.0,0.0,0.0,0.5,0.5271111111111113,0.0,0.46399999999999997,0.0,0.0,0.0,0.0
G2.1.3,10,50,3,0.9,0.6044444444444447,0.013157894736842105,1.0,0.8888888888888888,0.8888888888888888,1.0,0.0,0.9985380116959064,0.01266119011380759,0.9985380116959064,0.01266119011380759,0.0,0.0,0.0,0.0,0.8,0.5419444444444446,0.0,0.4075,0.0,0.0,0.0,0.0
G2.1.3,10,50,4,0.9,0.5911111111111114,0.0,1.0,1.0,1.0,1.0,0.0,1.0,0.0,1.0,0.0,0.0,0.0,0.0,0.0,0.5,0.5706666666666668,0.0,0.43599999999999994,0.0,0.0,0.0,0.0
G2.1.3,10,100,0,0.7,0.5957142857142861,0.05405405405405406,0.5714285714285714,0.8571428571428572,0.4285714285714286,0.9931145431145431,0.03382739111232397,0.9966216216216216,0.028864877517964634,0.9897361647361647,0.043942578284154724,0.0,0.0,0.0,0.0,0.4,0.5916666666666669,0.0,0.41750000000000004,0.0,0.0,0.0,0.0
G2.1.3,10,100,1,0.5,0.5460000000000003,0.0,1.0,1.0,1.0,1.0,0.0,1.0,0.0,1.0,0.0,0.0,0.0,0.0,0.0,0.5,0.5513333333333336,0.0,0.454,0.0,0.0,0.0,0.0
G2.1.3,10,100,2,0.8,0.5850000000000003,0.015151515151515152,1.0,0.875,0.875,1.0,0.0,0.9981060606060606,0.01526942755359574,0.9981060606060606,0.01526942755359574,0.0,0.0,0.0,0.0,0.6,0.5738888888888892,0.0,0.45166666666666666,0.0,0.0,0.0,0.0
G2.1.3,10,100,3,0.5,0.5900000000000003,0.012345679012345678,1.0,0.8,0.8,1.0,0.0,0.9975308641975308,0.022084621999997927,0.9975308641975308,0.022084621999997927,0.0,0.0,0.0,0.0,0.4,0.5750000000000002,0.0,0.40249999999999997,0.0,0.0,0.0,0.0
G2.1.3,10,100,4,0.8,0.5900000000000003,0.0379746835443038,0.875,0.875,0.75,0.9984177215189873,0.013974305168240265,0.9984177215189873,0.013974305168240265,0.9968354430379747,0.019635559566441228,0.0,0.0,0.0,0.0,0.5,0.5911111111111115,0.0,0.41,0.0,0.0,0.0,0.0
G2.1.3,25,10,0,0.72,0.6222222222222222,0.0,1.0,1.0,1.0,1.0,0.0,1.0,0.0,1.0,0.0,0.0,0.0,0.0,0.0,0.48,0.5541666666666666,0.0,0.375,0.0,0.0,0.0,0.0
G2.1.3,25,10,1,0.8,0.6799999999999999,0.0,1.0,1.0,1.0,1.0,0.0,1.0,0.0,1.0,0.0,0.0,0.0,0.0,0.0,0.4,0.6008333333333332,0.0,0.31999999999999995,0.0,0.0,0.0,0.0
G2.1.3,25,10,2,0.76,0.5947368421052632,0.0,1.0,1.0,1.0,1.0,0.0,1.0,0.0,1.0,0.0,0.0,0.0,0.0,0.0,0.44,0.5708333333333333,0.0,0.41818181818181815,0.0,0.0,0.0,0.0
G2.1.3,25,10,3,0.92,0.5913043478260869,0.0,1.0,1.0,1.0,1.0,0.0,1.0,0.0,1.0,0.0,0.0,0.0,0.0,0.0,0.44,0.5318181818181817,0.0,0.4818181818181818,0.0,0.0,0.0,0.0
G2.1.3,25,10,4,0.84,0.6476190476190474,0.0,1.0,1.0,1.0,1.0,0.0,1.0,0.0,1.0,0.0,0.0,0.0,0.0,0.0,0.44,0.5545454545454546,0.0,0.33636363636363636,0.0,0.0,0.0,0.0
G2.1.3,25,25,0,0.8,0.608,0.0,1.0,1.0,1.0,1.0,0.0,1.0,0.0,1.0,0.0,0.0,0.0,0.0,0.0,0.48,0.5898611111111111,0.0,0.4366666666666667,0.0,0.0,0.0,0.0
G2.1.3,25,25,1,0.76,0.6421052631578947,0.0,1.0,1.0,1.0,1.0,0.0,1.0,0.0,1.0,0.0,0.0,0.0,0.0,0.0,0.48,0.5695833333333333,0.0,0.35000000000000003,0.0,0.0,0.0,0.0
G2.1.3,25,25,2,0.8,0.616,0.0,1.0,1.0,1.0,1.0,0.0,1.0,0.0,1.0,0.0,0.0,0.0,0.0,0.0,0.48,0.5640277777777777,0.0,0.4033333333333335,0.0,0.0,0.0,0.0
G2.1.3,25,25,3,0.84,0.6380952380952382,0.0,1.0,1.0,1.0,1.0,0.0,1.0,0.0,1.0,0.0,0.0,0.0,0.0,0.0,0.64,0.5728125,0.0,0.37,0.0,0.0,0.0,0.0
G2.1.3,25,25,4,0.72,0.6133333333333333,0.0,1.0,1.0,1.0,1.0,0.0,1.0,0.0,1.0,0.0,0.0,0.0,0.0,0.0,0.48,0.5470833333333333,0.0,0.4300000000000001,0.0,0.0,0.0,0.0
G2.1.3,25,50,0,0.68,0.607058823529412,0.0,1.0,1.0,1.0,1.0,0.0,1.0,0.0,1.0,0.0,0.0,0.0,0.0,0.0,0.44,0.5610606060606063,0.0,0.4163636363636364,0.0,0.0,0.0,0.0
G2.1.3,25,50,1,0.68,0.6164705882352943,0.0,1.0,1.0,1.0,1.0,0.0,1.0,0.0,1.0,0.0,0.0,0.0,0.0,0.0,0.48,0.5872916666666669,0.0,0.39666666666666667,0.0,0.0,0.0,0.0
G2.1.3,25,50,2,0.56,0.5800000000000002,0.0,1.0,1.0,1.0,1.0,0.0,1.0,0.0,1.0,0.0,0.0,0.0,0.0,0.0,0.4,0.5769166666666669,0.0,0.43200000000000005,0.0,0.0,0.0,0.0
G2.1.3,25,50,3,0.72,0.5988888888888891,0.0,1.0,1.0,1.0,1.0,0.0,1.0,0.0,1.0,0.0,0.0,0.0,0.0,0.0,0.52,0.5760256410256412,0.0,0.41076923076923083,0.0,0.0,0.0,0.0
G2.1.3,25,50,4,0.68,0.5882352941176473,0.0,1.0,1.0,1.0,1.0,0.0,1.0,0.0,1.0,0.0,0.0,0.0,0.0,0.0,0.44,0.5734090909090912,0.0,0.4327272727272728,0.0,0.0,0.0,0.0
G2.1.3,25,100,0,0.76,0.600526315789474,0.0,1.0,1.0,1.0,1.0,0.0,1.0,0.0,1.0,0.0,0.0,0.0,0.0,0.0,0.48,0.5595833333333337,0.0,0.41750000000000004,0.0,0.0,0.0,0.0
G2.1.3,25,100,1,0.64,0.6162500000000003,0.0,1.0,1.0,1.0,1.0,0.0,1.0,0.0,1.0,0.0,0.0,0.0,0.0,0.0,0.4,0.5779166666666671,0.0,0.388,0.0,0.0,0.0,0.0
G2.1.3,25,100,2,0.76,0.6068421052631582,0.0,1.0,1.0,1.0,1.0,0.0,1.0,0.0,1.0,0.0,0.0,0.0,0.0,0.0,0.6,0.5659444444444447,0.0,0.4000000000000001,0.0,0.0,0.0,0.0
G2.1.3,25,100,3,0.8,0.6085000000000003,0.012658227848101266,1.0,0.95,0.95,1.0,0.0,0.9993670886075949,0.005589722067296108,0.9993670886075949,0.005589722067296108,0.0,0.0,0.0,0.0,0.56,0.5505654761904764,0.0,0.39714285714285713,0.0,0.0,0.0,0.0
G2.1.3,25,100,4,0.64,0.5918750000000004,0.0,1.0,1.0,1.0,1.0,0.0,1.0,0.0,1.0,0.0,0.0,0.0,0.0,0.0,0.48,0.5499305555555558,0.0,0.42583333333333334,0.0,0.0,0.0,0.0
G2.1.3,50,10,0,0.82,0.6219512195121951,0.0,1.0,1.0,1.0,1.0,0.0,1.0,0.0,1.0,0.0,0.0,0.0,0.0,0.0,0.3,0.5922448979591837,0.0,0.42,0.0,0.0,0.0,0.0
G2.1.3,50,10,1,0.8,0.6375,0.0,1.0,1.0,1.0,1.0,0.0,1.0,0.0,1.0,0.0,0.0,0.0,0.0,0.0,0.38,0.5792696025778733,0.10526315789473684,0.4315789473684211,0.0,0.0,0.0,0.0
G2.1.3,50,10,2,0.72,0.6249999999999999,0.0,1.0,1.0,1.0,1.0,0.0,1.0,0.0,1.0,0.0,0.0,0.0,0.0,0.0,0.36,0.5704081632653062,0.0,0.4222222222222222,0.0,0.0,0.0,0.0
G2.1.3,50,10,3,0.74,0.6702702702702703,0.0,1.0,1.0,1.0,1.0,0.0,1.0,0.0,1.0,0.0,0.0,0.0,0.0,0.0,0.38,0.5773361976369495,0.0,0.35789473684210527,0.0,0.0,0.0,0.0
G2.1.3,50,10,4,0.76,0.6263157894736843,0.0,1.0,1.0,1.0,1.0,0.0,1.0,0.0,1.0,0.0,0.0,0.0,0.0,0.0,0.38,0.5687432867883996,0.05263157894736842,0.42631578947368426,0.0,0.0,0.0,0.0
G2.1.3,50,25,0,0.74,0.597837837837838,0.0,1.0,1.0,1.0,1.0,0.0,1.0,0.0,1.0,0.0,0.0,0.0,0.0,0.0,0.56,0.5698250728862974,0.0,0.42,0.0,0.0,0.0,0.0
G2.1.3,50,25,1,0.8,0.608,0.0,1.0,1.0,1.0,1.0,0.0,1.0,0.0,1.0,0.0,0.0,0.0,0.0,0.0,0.46,0.558083407275954,0.0,0.42434782608695654,0.0,0.0,0.0,0.0
G2.1.3,50,25,2,0.74,0.6227027027027028,0.0,1.0,1.0,1.0,1.0,0.0,1.0,0.0,1.0,0.0,0.0,0.0,0.0,0.0,0.48,0.5761904761904763,0.041666666666666664,0.38833333333333336,0.0,0.0,0.0,0.0
G2.1.3,50,25,3,0.64,0.5925,0.0,1.0,1.0,1.0,1.0,0.0,1.0,0.0,1.0,0.0,0.0,0.0,0.0,0.0,0.38,0.5583673469387755,0.0,0.42526315789473684,0.0,0.0,0.0,0.0
G2.1.3,50,25,4,0.8,0.556,0.0,1.0,1.0,1.0,1.0,0.0,1.0,0.0,1.0,0.0,0.0,0.0,0.0,0.0,0.5,0.5463183673469387,0.0,0.46399999999999997,0.0,0.0,0.0,0.0
G2.1.3,50,50,0,0.78,0.6220512820512825,0.0,1.0,1.0,1.0,1.0,0.0,1.0,0.0,1.0,0.0,0.0,0.0,0.0,0.0,0.58,0.5674454609429979,0.0,0.38275862068965516,0.0,0.0,0.0,0.0
G2.1.3,50,50,1,0.76,0.6026315789473685,0.0,1.0,1.0,1.0,1.0,0.0,1.0,0.0,1.0,0.0,0.0,0.0,0.0,0.0,0.36,0.5614512471655329,0.0,0.4255555555555556,0.0,0.0,0.0,0.0
G2.1.3,50,50,2,0.68,0.5958823529411768,0.0,1.0,1.0,1.0,1.0,0.0,1.0,0.0,1.0,0.0,0.0,0.0,0.0,0.0,0.52,0.5733751962323392,0.0,0.4115384615384616,0.0,0.0,0.0,0.0
G2.1.3,50,50,3,0.7,0.6131428571428573,0.0,1.0,1.0,1.0,1.0,0.0,1.0,0.0,1.0,0.0,0.0,0.0,0.0,0.0,0.46,0.5734516415261758,0.0,0.3991304347826087,0.0,0.0,0.0,0.0
G2.1.3,50,50,4,0.76,0.6052631578947372,0.0,1.0,1.0,1.0,1.0,0.0,1.0,0.0,1.0,0.0,0.0,0.0,0.0,0.0,0.48,0.550748299319728,0.0,0.42250000000000004,0.0,0.0,0.0,0.0
G2.1.3,50,100,0,0.64,0.5737500000000003,0.0,1.0,1.0,1.0,1.0,0.0,1.0,0.0,1.0,0.0,0.0,0.0,0.0,0.0,0.5,0.5660081632653065,0.0,0.4372,0.0,0.0,0.0,0.0
G2.1.3,50,100,1,0.62,0.5941935483870973,0.0,1.0,1.0,1.0,1.0,0.0,1.0,0.0,1.0,0.0,0.0,0.0,0.0,0.0,0.42,0.5570262390670557,0.0,0.42000000000000004,0.0,0.0,0.0,0.0
G2.1.3,50,100,2,0.88,0.5784090909090913,0.0,1.0,1.0,1.0,1.0,0.0,1.0,0.0,1.0,0.0,0.0,0.0,0.0,0.0,0.76,0.5653651987110636,0.0,0.43052631578947365,0.0,0.0,0.0,0.0
G2.1.3,50,100,3,0.7,0.5920000000000003,0.0,1.0,1.0,1.0,1.0,0.0,1.0,0.0,1.0,0.0,0.0,0.0,0.0,0.0,0.5,0.5609714285714289,0.0,0.42080000000000006,0.0,0.0,0.0,0.0
G2.1.3,50,100,4,0.58,0.6013793103448279,0.0,1.0,1.0,1.0,1.0,0.0,1.0,0.0,1.0,0.0,0.0,0.0,0.0,0.0,0.44,0.5489610389610393,0.0,0.40954545454545455,0.0,0.0,0.0,0.0
G2.1.3,100,10,0,0.82,0.6256097560975609,0.0,1.0,1.0,1.0,1.0,0.0,1.0,0.0,1.0,0.0,0.0,0.0,0.0,0.0,0.35,0.5753535353535353,0.0,0.44285714285714284,0.0,0.0,0.0,0.0
G2.1.3,100,10,1,0.82,0.6097560975609755,0.0,1.0,1.0,1.0,1.0,0.0,1.0,0.0,1.0,0.0,0.0,0.0,0.0,0.0,0.45,0.6014590347923681,0.0,0.40666666666666645,0.0,0.0,0.0,0.0
G2.1.3,100,10,2,0.78,0.6282051282051282,0.0,1.0,1.0,1.0,1.0,0.0,1.0,0.0,1.0,0.0,0.0,0.0,0.0,0.0,0.35,0.5716305916305916,0.02857142857142857,0.4142857142857143,0.0,0.0,0.0,0.0
G2.1.3,100,10,3,0.79,0.6341772151898736,0.0,1.0,1.0,1.0,1.0,0.0,1.0,0.0,1.0,0.0,0.0,0.0,0.0,0.0,0.41,0.6017245627001724,0.0,0.38048780487804884,0.0,0.0,0.0,0.0
G2.1.3,100,10,4,0.76,0.6236842105263158,0.0,1.0,1.0,1.0,1.0,0.0,1.0,0.0,1.0,0.0,0.0,0.0,0.0,0.0,0.35,0.6077633477633477,0.02857142857142857,0.40285714285714286,0.0,0.0,0.0,0.0
G2.1.3,100,25,0,0.73,0.6093150684931506,0.0,1.0,1.0,1.0,1.0,0.0,1.0,0.0,1.0,0.0,0.0,0.0,0.0,0.0,0.42,0.5697065897065896,0.0,0.41904761904761906,0.0,0.0,0.0,0.0
G2.1.3,100,25,1,0.75,0.6101333333333332,0.0,1.0,1.0,1.0,1.0,0.0,1.0,0.0,1.0,0.0,0.0,0.0,0.0,0.0,0.48,0.5832239057239056,0.0,0.3975,0.0,0.0,0.0,0.0
G2.1.3,100,25,2,0.71,0.6287323943661972,0.0,1.0,1.0,1.0,1.0,0.0,1.0,0.0,1.0,0.0,0.0,0.0,0.0,0.0,0.37,0.576183456183456,0.0,0.3967567567567567,0.0,0.0,0.0,0.0
G2.1.3,100,25,3,0.73,0.6175342465753424,0.0,1.0,1.0,1.0,1.0,0.0,1.0,0.0,1.0,0.0,0.0,0.0,0.0,0.0,0.47,0.5802278100150439,0.0,0.4059574468085107,0.0,0.0,0.0,0.0
G2.1.3,100,25,4,0.76,0.6194736842105263,0.0,1.0,1.0,1.0,1.0,0.0,1.0,0.0,1.0,0.0,0.0,0.0,0.0,0.0,0.41,0.5481448632668143,0.0,0.3990243902439024,0.0,0.0,0.0,0.0
G2.1.3,100,50,0,0.8,0.6000000000000002,0.0,1.0,1.0,1.0,1.0,0.0,1.0,0.0,1.0,0.0,0.0,0.0,0.0,0.0,0.55,0.5678420569329663,0.0,0.416,0.0,0.0,0.0,0.0
G2.1.3,100,50,1,0.77,0.5942857142857145,0.0,1.0,1.0,1.0,1.0,0.0,1.0,0.0,1.0,0.0,0.0,0.0,0.0,0.0,0.52,0.5552369852369854,0.0,0.4226923076923077,0.0,0.0,0.0,0.0
G2.1.3,100,50,2,0.73,0.607123287671233,0.0,1.0,1.0,1.0,1.0,0.0,1.0,0.0,1.0,0.0,0.0,0.0,0.0,0.0,0.57,0.567457026404395,0.0,0.4052631578947368,0.0,0.0,0.0,0.0
G2.1.3,100,50,3,0.74,0.6121621621621625,0.0,1.0,1.0,1.0,1.0,0.0,1.0,0.0,1.0,0.0,0.0,0.0,0.0,0.0,0.47,0.565811304534709,0.0,0.4008510638297873,0.0,0.0,0.0,0.0
G2.1.3,100,50,4,0.77,0.6041558441558443,0.0,1.0,1.0,1.0,1.0,0.0,1.0,0.0,1.0,0.0,0.0,0.0,0.0,0.0,0.51,0.5600713012477719,0.0,0.4117647058823529,0.0,0.0,0.0,0.0
G2.1.3,100,100,0,0.72,0.6027777777777781,0.0,1.0,1.0,1.0,1.0,0.0,1.0,0.0,1.0,0.0,0.0,0.0,0.0,0.0,0.48,0.571734006734007,0.0,0.41562499999999997,0.0,0.0,0.0,0.0
G2.1.3,100,100,1,0.67,0.5989552238805973,0.0,1.0,1.0,1.0,1.0,0.0,1.0,0.0,1.0,0.0,0.0,0.0,0.0,0.0,0.53,0.5686849628359065,0.0,0.40792452830188675,0.0,0.0,0.0,0.0
G2.1.3,100,100,2,0.76,0.5982894736842108,0.0,1.0,1.0,1.0,1.0,0.0,1.0,0.0,1.0,0.0,0.0,0.0,0.0,0.0,0.58,0.5673110414489727,0.0,0.40965517241379307,0.0,0.0,0.0,0.0
G2.1.3,100,100,3,0.76,0.6015789473684213,0.0,1.0,1.0,1.0,1.0,0.0,1.0,0.0,1.0,0.0,0.0,0.0,0.0,0.0,0.51,0.5607149930679345,0.0,0.4166666666666667,0.0,0.0,0.0,0.0
G2.1.3,100,100,4,0.77,0.5935064935064938,0.0,1.0,1.0,1.0,1.0,0.0,1.0,0.0,1.0,0.0,0.0,0.0,0.0,0.0,0.53,0.5643434343434346,0.0,0.4215094339622641,0.0,0.0,0.0,0.0
G2.2.1,10,10,0,0.9,0.7222222222222222,0.0,1.0,1.0,1.0,1.0,0.0,1.0,0.0,1.0,0.0,0.0,0.0,0.0,0.0,0.7,0.5857142857142856,0.0,0.3,0.0,0.0,0.0,0.0
G2.2.1,10,10,1,0.8,0.5625,0.07142857142857142,1.0,0.875,0.875,1.0,0.0,0.9955357142857143,0.023197109029940325,0.9955357142857143,0.023197109029940325,0.0,0.0,0.0,0.0,0.5,0.5666666666666667,0.2,0.42000000000000004,0.0,0.0,0.0,0.0
G2.2.1,10,10,2,1.0,0.6399999999999999,0.0,1.0,1.0,1.0,1.0,0.0,1.0,0.0,1.0,0.0,0.0,0.0,0.0,0.0,0.5,0.5066666666666666,0.0,0.32,0.0,0.0,0.0,0.0
G2.2.1,10,10,3,1.0,0.7,0.0,1.0,1.0,1.0,1.0,0.0,1.0,0.0,1.0,0.0,0.0,0.0,0.0,0.0,0.6,0.6074074074074074,0.0,0.31666666666666665,0.0,0.0,0.0,0.0
G2.2.1,10,10,4,1.0,0.7499999999999999,0.0,1.0,1.0,1.0,1.0,0.0,1.0,0.0,1.0,0.0,0.0,0.0,0.0,0.0,0.8,0.5763888888888888,0.0,0.30000000000000004,0.0,0.0,0.0,0.0
G2.2.1,10,25,0,1.0,0.6719999999999999,0.0,1.0,1.0,1.0,1.0,0.0,1.0,0.0,1.0,0.0,0.0,0.0,0.0,0.0,0.7,0.5834920634920635,0.0,0.32,0.0,0.0,0.0,0.0
G2.2.1,10,25,1,1.0,0.7,0.0,1.0,1.0,1.0,1.0,0.0,1.0,0.0,1.0,0.0,0.0,0.0,0.0,0.0,0.4,0.5055555555555554,0.0,0.41999999999999993,0.0,0.0,0.0,0.0
G2.2.1,10,25,2,1.0,0.688,0.029411764705882353,0.9,0.8,0.7,0.9970588235294118,0.016895772489817724,0.9941176470588234,0.03379154497963545,0.9911764705882353,0.050687317469453194,0.0,0.0,0.0,0.0,0.6,0.5266666666666665,0.0,0.34,0.0,0.0,0.0,0.0
G2.2.1,10,25,3,0.9,0.6888888888888889,0.09090909090909091,1.0,0.7777777777777778,0.7777777777777778,1.0,0.0,0.98989898989899,0.031942198587559395,0.98989898989899,0.031942198587559395,0.0,0.0,0.0,0.0,0.7,0.5726984126984126,0.0,0.29714285714285715,0.0,0.0,0.0,0.0
G2.2.1,10,25,4,1.0,0.688,0.06666666666666667,0.9,0.9,0.8,0.9966666666666666,0.017950549357115007,0.9966666666666666,0.017950549357115007,0.9933333333333334,0.024944382578492942,0.0,0.0,0.0,0.0,0.6,0.594074074074074,0.0,0.32666666666666666,0.0,0.0,0.0,0.0
G2.2.1,10,50,0,1.0,0.6760000000000003,0.0,1.0,1.0,1.0,1.0,0.0,1.0,0.0,1.0,0.0,0.0,0.0,0.0,0.0,0.7,0.5720634920634923,0.0,0.3285714285714286,0.0,0.0,0.0,0.0
G2.2.1,10,50,1,1.0,0.6960000000000004,0.0,1.0,1.0,1.0,1.0,0.0,1.0,0.0,1.0,0.0,0.0,0.0,0.0,0.0,0.7,0.5514285714285716,0.0,0.31714285714285717,0.0,0.0,0.0,0.0
G2.2.1,10,50,2,1.0,0.6940000000000003,0.0,1.0,1.0,1.0,1.0,0.0,1.0,0.0,1.0,0.0,0.0,0.0,0.0,0.0,0.7,0.5530158730158732,0.0,0.28857142857142865,0.0,0.0,0.0,0.0
G2.2.1,10,50,3,1.0,0.6900000000000002,0.034482758620689655,1.0,0.9,0.9,1.0,0.0,0.996551724137931,0.01824656076596269,0.996551724137931,0.01824656076596269,0.0,0.0,0.0,0.0,0.4,0.6038888888888891,0.0,0.325,0.0,0.0,0.0,0.0
G2.2.1,10,50,4,1.0,0.7000000000000003,0.0,1.0,1.0,1.0,1.0,0.0,1.0,0.0,1.0,0.0,0.0,0.0,0.0,0.0,0.7,0.5622222222222224,0.0,0.32571428571428573,0.0,0.0,0.0,0.0
G2.2.1,10,100,0,1.0,0.6940000000000004,0.0,1.0,1.0,1.0,1.0,0.0,1.0,0.0,1.0,0.0,0.0,0.0,0.0,0.0,0.7,0.5831746031746035,0.0,0.28285714285714286,0.0,0.0,0.0,0.0
G2.2.1,10,100,1,1.0,0.6560000000000004,0.03333333333333333,1.0,0.9,0.9,1.0,0.0,0.9966666666666666,0.017950549357115007,0.9966666666666666,0.017950549357115007,0.0,0.0,0.0,0.0,0.7,0.5515873015873017,0.0,0.33142857142857146,0.0,0.0,0.0,0.0
G2.2.1,10,100,2,1.0,0.6940000000000004,0.03571428571428571,1.0,0.9,0.9,1.0,0.0,0.9964285714285713,0.01855768722395225,0.9964285714285713,0.01855768722395225,0.0,0.0,0.0,0.0,0.8,0.572916666666667,0.0,0.30375,0.0,0.0,0.0,0.0
G2.2.1,10,100,3,1.0,0.6940000000000004,0.0,1.0,1.0,1.0,1.0,0.0,1.0,0.0,1.0,0.0,0.0,0.0,0.0,0.0,0.7,0.5642857142857145,0.0,0.31,0.0,0.0,0.0,0.0
G2.2.1,10,100,4,1.0,0.7200000000000004,0.0,1.0,1.0,1.0,1.0,0.0,1.0,0.0,1.0,0.0,0.0,0.0,0.0,0.0,0.5,0.5762222222222225,0.0,0.28,0.0,0.0,0.0,0.0
G2.2.1,25,10,0,0.96,0.6791666666666666,0.0,1.0,1.0,1.0,1.0,0.0,1.0,0.0,1.0,0.0,0.0,0.0,0.0,0.0,0.56,0.6116071428571427,0.0,0.3071428571428571,0.0,0.0,0.0,0.0
G2.2.1,25,10,1,0.96,0.7208333333333332,0.0,1.0,1.0,1.0,1.0,0.0,1.0,0.0,1.0,0.0,0.0,0.0,0.0,0.0,0.64,0.56640625,0.0,0.30000000000000004,0.0,0.0,0.0,0.0
G2.2.1,25,10,2,0.8,0.735,0.0,1.0,1.0,1.0,1.0,0.0,1.0,0.0,1.0,0.0,0.0,0.0,0.0,0.0,0.4,0.5725,0.0,0.25999999999999995,0.0,0.0,0.0,0.0
G2.2.1,25,10,3,1.0,0.6879999999999998,0.0,1.0,1.0,1.0,1.0,0.0,1.0,0.0,1.0,0.0,0.0,0.0,0.0,0.0,0.64,0.54921875,0.0,0.30625,0.0,0.0,0.0,0.0
G2.2.1,25,10,4,0.96,0.7333333333333334,0.0,1.0,1.0,1.0,1.0,0.0,1.0,0.0,1.0,0.0,0.0,0.0,0.0,0.0,0.6,0.5808333333333332,0.0,0.2533333333333333,0.0,0.0,0.0,0.0
G2.2.1,25,25,0,0.96,0.7383333333333334,0.0,1.0,1.0,1.0,1.0,0.0,1.0,0.0,1.0,0.0,0.0,0.0,0.0,0.0,0.84,0.5724603174603173,0.0,0.2514285714285715,0.0,0.0,0.0,0.0
G2.2.1,25,25,1,0.96,0.695,0.0,1.0,1.0,1.0,1.0,0.0,1.0,0.0,1.0,0.0,0.0,0.0,0.0,0.0,0.6,0.5903333333333333,0.0,0.3093333333333333,0.0,0.0,0.0,0.0
G2.2.1,25,25,2,1.0,0.7120000000000001,0.0,1.0,1.0,1.0,1.0,0.0,1.0,0.0,1.0,0.0,0.0,0.0,0.0,0.0,0.6,0.5837777777777777,0.0,0.2933333333333334,0.0,0.0,0.0,0.0
G2.2.1,25,25,3,0.88,0.6872727272727274,0.0,1.0,1.0,1.0,1.0,0.0,1.0,0.0,1.0,0.0,0.0,0.0,0.0,0.0,0.68,0.5517647058823529,0.0,0.32,0.0,0.0,0.0,0.0
G2.2.1,25,25,4,0.96,0.7083333333333334,0.0,1.0,1.0,1.0,1.0,0.0,1.0,0.0,1.0,0.0,0.0,0.0,0.0,0.0,0.56,0.5492857142857143,0.0,0.30571428571428566,0.0,0.0,0.0,0.0
G2.2.1,25,50,0,0.96,0.6625000000000002,0.0,1.0,1.0,1.0,1.0,0.0,1.0,0.0,1.0,0.0,0.0,0.0,0.0,0.0,0.52,0.5489743589743591,0.0,0.3676923076923077,0.0,0.0,0.0,0.0
G2.2.1,25,50,1,1.0,0.7128000000000003,0.0,1.0,1.0,1.0,1.0,0.0,1.0,0.0,1.0,0.0,0.0,0.0,0.0,0.0,0.52,0.5636538461538463,0.0,0.27692307692307694,0.0,0.0,0.0,0.0
G2.2.1,25,50,2,1.0,0.7040000000000003,0.0,1.0,1.0,1.0,1.0,0.0,1.0,0.0,1.0,0.0,0.0,0.0,0.0,0.0,0.52,0.5526923076923078,0.0,0.29384615384615387,0.0,0.0,0.0,0.0
G2.2.1,25,50,3,1.0,0.7024000000000002,0.0,1.0,1.0,1.0,1.0,0.0,1.0,0.0,1.0,0.0,0.0,0.0,0.0,0.0,0.8,0.5707083333333334,0.0,0.30100000000000005,0.0,0.0,0.0,0.0
G2.2.1,25,50,4,0.96,0.7075000000000004,0.0,1.0,1.0,1.0,1.0,0.0,1.0,0.0,1.0,0.0,0.0,0.0,0.0,0.0,0.56,0.5864880952380955,0.0,0.29714285714285715,0.0,0.0,0.0,0.0
G2.2.1,25,100,0,1.0,0.6948000000000004,0.0,1.0,1.0,1.0,1.0,0.0,1.0,0.0,1.0,0.0,0.0,0.0,0.0,0.0,0.76,0.5564473684210528,0.0,0.29947368421052634,0.0,0.0,0.0,0.0
G2.2.1,25,100,1,0.96,0.7037500000000003,0.0,1.0,1.0,1.0,1.0,0.0,1.0,0.0,1.0,0.0,0.0,0.0,0.0,0.0,0.56,0.5809821428571432,0.0,0.29714285714285715,0.0,0.0,0.0,0.0
G2.2.1,25,100,2,1.0,0.6996000000000006,0.0,1.0,1.0,1.0,1.0,0.0,1.0,0.0,1.0,0.0,0.0,0.0,0.0,0.0,0.6,0.5560000000000003,0.0,0.296,0.0,0.0,0.0,0.0
G2.2.1,25,100,3,1.0,0.6932000000000004,0.0,1.0,1.0,1.0,1.0,0.0,1.0,0.0,1.0,0.0,0.0,0.0,0.0,0.0,0.48,0.561215277777778,0.0,0.3,0.0,0.0,0.0,0.0
G2.2.1,25,100,4,0.96,0.6941666666666672,0.0,1.0,1.0,1.0,1.0,0.0,1.0,0.0,1.0,0.0,0.0,0.0,0.0,0.0,0.72,0.5734027777777781,0.0,0.3138888888888889,0.0,0.0,0.0,0.0
G2.2.1,50,10,0,0.92,0.7043478260869565,0.0,1.0,1.0,1.0,1.0,0.0,1.0,0.0,1.0,0.0,0.0,0.0,0.0,0.0,0.54,0.5701436130007559,0.037037037037037035,0.3370370370370371,0.0,0.0,0.0,0.0
G2.2.1,50,10,1,0.96,0.6791666666666666,0.0,1.0,1.0,1.0,1.0,0.0,1.0,0.0,1.0,0.0,0.0,0.0,0.0,0.0,0.5,0.5444897959183673,0.0,0.308,0.0,0.0,0.0,0.0
G2.2.1,50,10,2,0.96,0.7416666666666666,0.0,1.0,1.0,1.0,1.0,0.0,1.0,0.0,1.0,0.0,0.0,0.0,0.0,0.0,0.52,0.5880690737833596,0.038461538461538464,0.2730769230769231,0.0,0.0,0.0,0.0
G2.2.1,50,10,3,0.92,0.7021739130434782,0.0,1.0,1.0,1.0,1.0,0.0,1.0,0.0,1.0,0.0,0.0,0.0,0.0,0.0,0.48,0.5795068027210885,0.041666666666666664,0.32916666666666666,0.0,0.0,0.0,0.0
G2.2.1,50,10,4,0.98,0.6877551020408164,0.0,1.0,1.0,1.0,1.0,0.0,1.0,0.0,1.0,0.0,0.0,0.0,0.0,0.0,0.48,0.5426020408163265,0.0,0.3458333333333334,0.0,0.0,0.0,0.0
G2.2.1,50,25,0,0.96,0.6808333333333333,0.0,1.0,1.0,1.0,1.0,0.0,1.0,0.0,1.0,0.0,0.0,0.0,0.0,0.0,0.58,0.5461787473610134,0.0,0.3324137931034483,0.0,0.0,0.0,0.0
G2.2.1,50,25,1,0.98,0.6987755102040817,0.0,1.0,1.0,1.0,1.0,0.0,1.0,0.0,1.0,0.0,0.0,0.0,0.0,0.0,0.56,0.5633819241982507,0.0,0.29714285714285715,0.0,0.0,0.0,0.0
G2.2.1,50,25,2,0.98,0.7159183673469389,0.0,1.0,1.0,1.0,1.0,0.0,1.0,0.0,1.0,0.0,0.0,0.0,0.0,0.0,0.62,0.556734693877551,0.0,0.2941935483870968,0.0,0.0,0.0,0.0
G2.2.1,50,25,3,0.98,0.6946938775510205,0.0,1.0,1.0,1.0,1.0,0.0,1.0,0.0,1.0,0.0,0.0,0.0,0.0,0.0,0.64,0.5689285714285715,0.0,0.31875000000000003,0.0,0.0,0.0,0.0
G2.2.1,50,25,4,0.98,0.7183673469387756,0.0,1.0,1.0,1.0,1.0,0.0,1.0,0.0,1.0,0.0,0.0,0.0,0.0,0.0,0.66,0.559678416821274,0.0,0.2775757575757576,0.0,0.0,0.0,0.0
G2.2.1,50,50,0,0.98,0.6861224489795921,0.0,1.0,1.0,1.0,1.0,0.0,1.0,0.0,1.0,0.0,0.0,0.0,0.0,0.0,0.76,0.5624704618689582,0.0,0.3178947368421053,0.0,0.0,0.0,0.0
G2.2.1,50,50,1,0.96,0.7100000000000003,0.0,1.0,1.0,1.0,1.0,0.0,1.0,0.0,1.0,0.0,0.0,0.0,0.0,0.0,0.6,0.5517006802721091,0.0,0.3013333333333334,0.0,0.0,0.0,0.0
G2.2.1,50,50,2,0.96,0.692916666666667,0.0,1.0,1.0,1.0,1.0,0.0,1.0,0.0,1.0,0.0,0.0,0.0,0.0,0.0,0.74,0.5717374517374518,0.0,0.3162162162162163,0.0,0.0,0.0,0.0
G2.2.1,50,50,3,0.98,0.6853061224489798,0.0,1.0,1.0,1.0,1.0,0.0,1.0,0.0,1.0,0.0,0.0,0.0,0.0,0.0,0.72,0.5572335600907032,0.0,0.3122222222222223,0.0,0.0,0.0,0.0
G2.2.1,50,50,4,0.96,0.7045833333333335,0.0,1.0,1.0,1.0,1.0,0.0,1.0,0.0,1.0,0.0,0.0,0.0,0.0,0.0,0.58,0.5666995073891627,0.0,0.3020689655172414,0.0,0.0,0.0,0.0
G2.2.1,50,100,0,1.0,0.6998000000000003,0.0,1.0,1.0,1.0,1.0,0.0,1.0,0.0,1.0,0.0,0.0,0.0,0.0,0.0,0.64,0.5643112244897962,0.0,0.29875,0.0,0.0,0.0,0.0
G2.2.1,50,100,1,1.0,0.6892000000000005,0.0,1.0,1.0,1.0,1.0,0.0,1.0,0.0,1.0,0.0,0.0,0.0,0.0,0.0,0.76,0.563716433941998,0.0,0.3078947368421053,0.0,0.0,0.0,0.0
G2.2.1,50,100,2,0.96,0.698541666666667,0.0,1.0,1.0,1.0,1.0,0.0,1.0,0.0,1.0,0.0,0.0,0.0,0.0,0.0,0.6,0.560183673469388,0.0,0.301,0.0,0.0,0.0,0.0
G2.2.1,50,100,3,0.98,0.7042857142857146,0.0,1.0,1.0,1.0,1.0,0.0,1.0,0.0,1.0,0.0,0.0,0.0,0.0,0.0,0.58,0.5674524982406758,0.0,0.2868965517241379,0.0,0.0,0.0,0.0
G2.2.1,50,100,4,0.98,0.6951020408163269,0.0,1.0,1.0,1.0,1.0,0.0,1.0,0.0,1.0,0.0,0.0,0.0,0.0,0.0,0.68,0.5597238895558225,0.0,0.30970588235294116,0.0,0.0,0.0,0.0
G2.2.1,100,10,0,0.93,0.7247311827956987,0.0,1.0,1.0,1.0,1.0,0.0,1.0,0.0,1.0,0.0,0.0,0.0,0.0,0.0,0.46,0.571629336846728,0.0,0.28478260869565214,0.0,0.0,0.0,0.0
G2.2.1,100,10,1,0.95,0.7157894736842102,0.0,1.0,1.0,1.0,1.0,0.0,1.0,0.0,1.0,0.0,0.0,0.0,0.0,0.0,0.43,0.578482499412732,0.0,0.29534883720930233,0.0,0.0,0.0,0.0
G2.2.1,100,10,2,0.97,0.7144329896907217,0.0,1.0,1.0,1.0,1.0,0.0,1.0,0.0,1.0,0.0,0.0,0.0,0.0,0.0,0.4,0.5616666666666668,0.0,0.30500000000000005,0.0,0.0,0.0,0.0
G2.2.1,100,10,3,0.98,0.7142857142857142,0.0,1.0,1.0,1.0,1.0,0.0,1.0,0.0,1.0,0.0,0.0,0.0,0.0,0.0,0.46,0.5654369784804567,0.0,0.3065217391304348,0.0,0.0,0.0,0.0
G2.2.1,100,10,4,0.97,0.702061855670103,0.0,1.0,1.0,1.0,1.0,0.0,1.0,0.0,1.0,0.0,0.0,0.0,0.0,0.0,0.44,0.5889577594123048,0.0,0.3159090909090909,0.0,0.0,0.0,0.0
G2.2.1,100,25,0,0.97,0.6874226804123709,0.0,1.0,1.0,1.0,1.0,0.0,1.0,0.0,1.0,0.0,0.0,0.0,0.0,0.0,0.45,0.5597575757575757,0.0,0.32622222222222225,0.0,0.0,0.0,0.0
G2.2.1,100,25,1,0.97,0.6985567010309277,0.0,1.0,1.0,1.0,1.0,0.0,1.0,0.0,1.0,0.0,0.0,0.0,0.0,0.0,0.65,0.5638228438228439,0.0,0.3009230769230769,0.0,0.0,0.0,0.0
G2.2.1,100,25,2,0.97,0.6973195876288658,0.0,1.0,1.0,1.0,1.0,0.0,1.0,0.0,1.0,0.0,0.0,0.0,0.0,0.0,0.57,0.5562785752259435,0.0,0.30245614035087715,0.0,0.0,0.0,0.0
G2.2.1,100,25,3,0.99,0.6985858585858584,0.0,1.0,1.0,1.0,1.0,0.0,1.0,0.0,1.0,0.0,0.0,0.0,0.0,0.0,0.61,0.5656499420433844,0.0,0.30950819672131147,0.0,0.0,0.0,0.0
G2.2.1,100,25,4,0.99,0.6981818181818182,0.0,1.0,1.0,1.0,1.0,0.0,1.0,0.0,1.0,0.0,0.0,0.0,0.0,0.0,0.67,0.5673752449871852,0.0,0.302089552238806,0.0,0.0,0.0,0.0
G2.2.1,100,50,0,1.0,0.6978000000000004,0.0,1.0,1.0,1.0,1.0,0.0,1.0,0.0,1.0,0.0,0.0,0.0,0.0,0.0,0.69,0.5639086517347388,0.0,0.30231884057971015,0.0,0.0,0.0,0.0
G2.2.1,100,50,1,0.99,0.6905050505050507,0.0,1.0,1.0,1.0,1.0,0.0,1.0,0.0,1.0,0.0,0.0,0.0,0.0,0.0,0.68,0.5677361853832444,0.0,0.3129411764705883,0.0,0.0,0.0,0.0
G2.2.1,100,50,2,1.0,0.6854000000000003,0.0,1.0,1.0,1.0,1.0,0.0,1.0,0.0,1.0,0.0,0.0,0.0,0.0,0.0,0.73,0.5678123702781239,0.0,0.31479452054794516,0.0,0.0,0.0,0.0
G2.2.1,100,50,3,1.0,0.7008000000000003,0.0,1.0,1.0,1.0,1.0,0.0,1.0,0.0,1.0,0.0,0.0,0.0,0.0,0.0,0.72,0.5566386083052751,0.0,0.30638888888888893,0.0,0.0,0.0,0.0
G2.2.1,100,50,4,0.98,0.6910204081632656,0.0,1.0,1.0,1.0,1.0,0.0,1.0,0.0,1.0,0.0,0.0,0.0,0.0,0.0,0.69,0.5605152979066025,0.0,0.3159420289855072,0.0,0.0,0.0,0.0
G2.2.1,100,100,0,1.0,0.6944000000000004,0.0,1.0,1.0,1.0,1.0,0.0,1.0,0.0,1.0,0.0,0.0,0.0,0.0,0.0,0.63,0.5604810004810008,0.0,0.30317460317460315,0.0,0.0,0.0,0.0
G2.2.1,100,100,1,0.98,0.6946938775510209,0.0,1.0,1.0,1.0,1.0,0.0,1.0,0.0,1.0,0.0,0.0,0.0,0.0,0.0,0.64,0.5630034722222225,0.0,0.30203125,0.0,0.0,0.0,0.0
G2.2.1,100,100,2,1.0,0.6975000000000002,0.0,1.0,1.0,1.0,1.0,0.0,1.0,0.0,1.0,0.0,0.0,0.0,0.0,0.0,0.71,0.56556409162043,0.0,0.3059154929577464,0.0,0.0,0.0,0.0
G2.2.1,100,100,3,1.0,0.6929000000000005,0.0,1.0,1.0,1.0,1.0,0.0,1.0,0.0,1.0,0.0,0.0,0.0,0.0,0.0,0.66,0.5651913070094892,0.0,0.3098484848484849,0.0,0.0,0.0,0.0
G2.2.1,100,100,4,1.0,0.6916000000000002,0.0,1.0,1.0,1.0,1.0,0.0,1.0,0.0,1.0,0.0,0.0,0.0,0.0,0.0,0.7,0.5569437229437233,0.0,0.30757142857142855,0.0,0.0,0.0,0.0
G2.2.2,10,10,0,0.9,0.7555555555555555,0.0,1.0,1.0,1.0,1.0,0.0,1.0,0.0,1.0,0.0,0.0,0.0,0.0,0.0,0.5,0.6066666666666667,0.0,0.2,0.0,0.0,0.0,0.0
G2.2.2,10,10,1,0.9,0.6888888888888888,0.0,1.0,1.0,1.0,1.0,0.0,1.0,0.0,1.0,0.0,0.0,0.0,0.0,0.0,0.7,0.5857142857142856,0.0,0.3428571428571429,0.0,0.0,0.0,0.0
G2.2.2,10,10,2,1.0,0.7100000000000001,0.03333333333333333,1.0,0.9,0.9,1.0,0.0,0.9966666666666666,0.017950549357115007,0.9966666666666666,0.017950549357115007,0.0,0.0,0.0,0.0,0.9,0.5814814814814816,0.0,0.3111111111111111,0.0,0.0,0.0,0.0
G2.2.2,10,10,3,1.0,0.7499999999999999,0.0,1.0,1.0,1.0,1.0,0.0,1.0,0.0,1.0,0.0,0.0,0.0,0.0,0.0,0.6,0.5777777777777776,0.0,0.2333333333333333,0.0,0.0,0.0,0.0
G2.2.2,10,10,4,1.0,0.7699999999999998,0.029411764705882353,1.0,0.9,0.9,1.0,0.0,0.9970588235294118,0.016895772489817724,0.9970588235294118,0.016895772489817724,0.0,0.0,0.0,0.0,0.7,0.5984126984126983,0.0,0.2285714285714286,0.0,0.0,0.0,0.0
G2.2.2,10,25,0,1.0,0.716,0.045454545454545456,0.9,1.0,0.9,0.9954545454545454,0.02082988952252654,1.0,0.0,0.9954545454545454,0.02082988952252654,0.0,0.0,0.0,0.0,0.5,0.5751111111111111,0.0,0.24,0.0,0.0,0.0,0.0
G2.2.2,10,25,1,0.9,0.6977777777777778,0.0,1.0,1.0,1.0,1.0,0.0,1.0,0.0,1.0,0.0,0.0,0.0,0.0,0.0,0.5,0.5706666666666667,0.0,0.312,0.0,0.0,0.0,0.0
G2.2.2,10,25,2,0.9,0.6888888888888889,0.07142857142857142,0.8888888888888888,1.0,0.8888888888888888,0.996031746031746,0.02061965247105807,1.0,0.0,0.996031746031746,0.02061965247105807,0.0,0.0,0.0,0.0,0.5,0.5662222222222222,0.2,0.32,0.0,0.0,0.0,0.0
G2.2.2,10,25,3,1.0,0.6639999999999999,0.047619047619047616,1.0,0.9,0.9,1.0,0.0,0.9952380952380951,0.021295885499997988,0.9952380952380951,0.021295885499997988,0.0,0.0,0.0,0.0,0.6,0.5629629629629629,0.0,0.36000000000000004,0.0,0.0,0.0,0.0
G2.2.2,10,25,4,0.9,0.7377777777777779,0.041666666666666664,0.8888888888888888,1.0,0.8888888888888888,0.9953703703703703,0.02220292371904038,1.0,0.0,0.9953703703703703,0.02220292371904038,0.0,0.0,0.0,0.0,0.7,0.6012698412698413,0.0,0.22857142857142856,0.0,0.0,0.0,0.0
G2.2.2,10,50,0,1.0,0.7300000000000003,0.0,1.0,1.0,1.0,1.0,0.0,1.0,0.0,1.0,0.0,0.0,0.0,0.0,0.0,0.8,0.5466666666666669,0.0,0.2675,0.0,0.0,0.0,0.0
G2.2.2,10,50,1,1.0,0.6660000000000003,0.0,1.0,1.0,1.0,1.0,0.0,1.0,0.0,1.0,0.0,0.0,0.0,0.0,0.0,0.8,0.5291666666666668,0.0,0.33499999999999996,0.0,0.0,0.0,0.0
G2.2.2,10,50,2,1.0,0.6980000000000003,0.0,1.0,1.0,1.0,1.0,0.0,1.0,0.0,1.0,0.0,0.0,0.0,0.0,0.0,0.6,0.5622222222222224,0.0,0.28,0.0,0.0,0.0,0.0
G2.2.2,10,50,3,1.0,0.6860000000000002,0.04,1.0,0.9,0.9,1.0,0.0,0.996,0.019595917942265423,0.996,0.019595917942265423,0.0,0.0,0.0,0.0,0.8,0.5630555555555556,0.0,0.325,0.0,0.0,0.0,0.0
G2.2.2,10,50,4,1.0,0.7380000000000003,0.0,1.0,1.0,1.0,1.0,0.0,1.0,0.0,1.0,0.0,0.0,0.0,0.0,0.0,0.4,0.5561111111111112,0.0,0.295,0.0,0.0,0.0,0.0
G2.2.2,10,100,0,1.0,0.6810000000000005,0.0,1.0,1.0,1.0,1.0,0.0,1.0,0.0,1.0,0.0,0.0,0.0,0.0,0.0,0.6,0.5488888888888891,0.0,0.3166666666666667,0.0,0.0,0.0,0.0
G2.2.2,10,100,1,1.0,0.6770000000000004,0.0,1.0,1.0,1.0,1.0,0.0,1.0,0.0,1.0,0.0,0.0,0.0,0.0,0.0,0.9,0.5777777777777781,0.0,0.3177777777777778,0.0,0.0,0.0,0.0
G2.2.2,10,100,2,1.0,0.7120000000000004,0.03125,0.9,1.0,0.9,0.996875,0.017399263633843812,1.0,0.0,0.996875,0.017399263633843812,0.0,0.0,0.0,0.0,0.3,0.6040740740740743,0.0,0.2866666666666667,0.0,0.0,0.0,0.0
G2.2.2,10,100,3,1.0,0.7060000000000004,0.04,1.0,0.9,0.9,1.0,0.0,0.996,0.019595917942265423,0.996,0.019595917942265423,0.0,0.0,0.0,0.0,0.5,0.5415555555555558,0.0,0.33399999999999996,0.0,0.0,0.0,0.0
G2.2.2,10,100,4,1.0,0.7060000000000005,0.0,1.0,1.0,1.0,1.0,0.0,1.0,0.0,1.0,0.0,0.0,0.0,0.0,0.0,0.4,0.5988888888888891,0.0,0.3125,0.0,0.0,0.0,0.0
G2.2.2,25,10,0,0.96,0.7541666666666668,0.0,1.0,1.0,1.0,1.0,0.0,1.0,0.0,1.0,0.0,0.0,0.0,0.0,0.0,0.56,0.5827380952380953,0.0,0.2785714285714286,0.0,0.0,0.0,0.0
G2.2.2,25,10,1,0.96,0.6875,0.0,1.0,1.0,1.0,1.0,0.0,1.0,0.0,1.0,0.0,0.0,0.0,0.0,0.0,0.52,0.5737179487179487,0.0,0.27692307692307694,0.0,0.0,0.0,0.0
G2.2.2,25,10,2,0.96,0.7041666666666666,0.0,1.0,1.0,1.0,1.0,0.0,1.0,0.0,1.0,0.0,0.0,0.0,0.0,0.0,0.6,0.5983333333333334,0.0,0.2866666666666667,0.0,0.0,0.0,0.0
G2.2.2,25,10,3,0.88,0.6636363636363636,0.0,1.0,1.0,1.0,1.0,0.0,1.0,0.0,1.0,0.0,0.0,0.0,0.0,0.0,0.52,0.5698717948717948,0.07692307692307693,0.3,0.0,0.0,0.0,0.0
G2.2.2,25,10,4,0.92,0.7347826086956522,0.0,1.0,1.0,1.0,1.0,0.0,1.0,0.0,1.0,0.0,0.0,0.0,0.0,0.0,0.4,0.5650000000000001,0.0,0.35,0.0,0.0,0.0,0.0
G2.2.2,25,25,0,1.0,0.72,0.0,1.0,1.0,1.0,1.0,0.0,1.0,0.0,1.0,0.0,0.0,0.0,0.0,0.0,0.68,0.5561764705882353,0.0,0.2870588235294118,0.0,0.0,0.0,0.0
G2.2.2,25,25,1,1.0,0.6992,0.0,1.0,1.0,1.0,1.0,0.0,1.0,0.0,1.0,0.0,0.0,0.0,0.0,0.0,0.56,0.5545238095238095,0.0,0.2942857142857143,0.0,0.0,0.0,0.0
G2.2.2,25,25,2,0.88,0.6872727272727274,0.0,1.0,1.0,1.0,1.0,0.0,1.0,0.0,1.0,0.0,0.0,0.0,0.0,0.0,0.64,0.5528124999999999,0.0,0.325,0.0,0.0,0.0,0.0
G2.2.2,25,25,3,1.0,0.7328,0.0,1.0,1.0,1.0,1.0,0.0,1.0,0.0,1.0,0.0,0.0,0.0,0.0,0.0,0.6,0.5698888888888889,0.0,0.28,0.0,0.0,0.0,0.0
G2.2.2,25,25,4,0.92,0.6956521739130437,0.0,1.0,1.0,1.0,1.0,0.0,1.0,0.0,1.0,0.0,0.0,0.0,0.0,0.0,0.52,0.5692307692307692,0.0,0.3015384615384615,0.0,0.0,0.0,0.0
G2.2.2,25,50,0,0.96,0.7158333333333337,0.0,1.0,1.0,1.0,1.0,0.0,1.0,0.0,1.0,0.0,0.0,0.0,0.0,0.0,0.56,0.5655357142857145,0.0,0.2814285714285714,0.0,0.0,0.0,0.0
G2.2.2,25,50,1,1.0,0.6888000000000002,0.0,1.0,1.0,1.0,1.0,0.0,1.0,0.0,1.0,0.0,0.0,0.0,0.0,0.0,0.52,0.5642307692307694,0.0,0.31846153846153846,0.0,0.0,0.0,0.0
G2.2.2,25,50,2,1.0,0.7024000000000002,0.0,1.0,1.0,1.0,1.0,0.0,1.0,0.0,1.0,0.0,0.0,0.0,0.0,0.0,0.64,0.5759375000000002,0.0,0.31875,0.0,0.0,0.0,0.0
G2.2.2,25,50,3,0.96,0.7025000000000002,0.0,1.0,1.0,1.0,1.0,0.0,1.0,0.0,1.0,0.0,0.0,0.0,0.0,0.0,0.76,0.5595175438596492,0.0,0.30421052631578954,0.0,0.0,0.0,0.0
G2.2.2,25,50,4,1.0,0.7160000000000004,0.0,1.0,1.0,1.0,1.0,0.0,1.0,0.0,1.0,0.0,0.0,0.0,0.0,0.0,0.6,0.5511666666666669,0.0,0.2933333333333333,0.0,0.0,0.0,0.0
G2.2.2,25,100,0,1.0,0.6968000000000003,0.0,1.0,1.0,1.0,1.0,0.0,1.0,0.0,1.0,0.0,0.0,0.0,0.0,0.0,0.76,0.5534649122807019,0.0,0.31,0.0,0.0,0.0,0.0
G2.2.2,25,100,1,1.0,0.6908000000000004,0.0,1.0,1.0,1.0,1.0,0.0,1.0,0.0,1.0,0.0,0.0,0.0,0.0,0.0,0.6,0.5611111111111114,0.0,0.30466666666666664,0.0,0.0,0.0,0.0
G2.2.2,25,100,2,1.0,0.6880000000000004,0.0,1.0,1.0,1.0,1.0,0.0,1.0,0.0,1.0,0.0,0.0,0.0,0.0,0.0,0.48,0.5823958333333337,0.0,0.2849999999999999,0.0,0.0,0.0,0.0
G2.2.2,25,100,3,1.0,0.6856000000000004,0.0,1.0,1.0,1.0,1.0,0.0,1.0,0.0,1.0,0.0,0.0,0.0,0.0,0.0,0.68,0.5735049019607845,0.0,0.3241176470588235,0.0,0.0,0.0,0.0
G2.2.2,25,100,4,1.0,0.7056000000000004,0.0,1.0,1.0,1.0,1.0,0.0,1.0,0.0,1.0,0.0,0.0,0.0,0.0,0.0,0.72,0.5729629629629633,0.0,0.2972222222222223,0.0,0.0,0.0,0.0
G2.2.2,50,10,0,0.96,0.6770833333333334,0.0,1.0,1.0,1.0,1.0,0.0,1.0,0.0,1.0,0.0,0.0,0.0,0.0,0.0,0.54,0.5750566893424037,0.0,0.3333333333333334,0.0,0.0,0.0,0.0
G2.2.2,50,10,1,0.92,0.6934782608695652,0.0,1.0,1.0,1.0,1.0,0.0,1.0,0.0,1.0,0.0,0.0,0.0,0.0,0.0,0.58,0.5705137227304713,0.034482758620689655,0.3344827586206897,0.0,0.0,0.0,0.0
G2.2.2,50,10,2,0.94,0.7063829787234043,0.0,1.0,1.0,1.0,1.0,0.0,1.0,0.0,1.0,0.0,0.0,0.0,0.0,0.0,0.58,0.556368754398311,0.0,0.303448275862069,0.0,0.0,0.0,0.0
G2.2.2,50,10,3,1.0,0.7080000000000001,0.0,1.0,1.0,1.0,1.0,0.0,1.0,0.0,1.0,0.0,0.0,0.0,0.0,0.0,0.48,0.5816326530612245,0.0,0.31666666666666665,0.0,0.0,0.0,0.0
G2.2.2,50,10,4,0.96,0.7312499999999998,0.0,1.0,1.0,1.0,1.0,0.0,1.0,0.0,1.0,0.0,0.0,0.0,0.0,0.0,0.48,0.5670918367346939,0.0,0.26666666666666666,0.0,0.0,0.0,0.0
G2.2.2,50,25,0,0.96,0.7058333333333334,0.0,1.0,1.0,1.0,1.0,0.0,1.0,0.0,1.0,0.0,0.0,0.0,0.0,0.0,0.62,0.5633443054641212,0.0,0.3045161290322581,0.0,0.0,0.0,0.0
G2.2.2,50,25,1,0.96,0.6908333333333333,0.0,1.0,1.0,1.0,1.0,0.0,1.0,0.0,1.0,0.0,0.0,0.0,0.0,0.0,0.68,0.5703721488595438,0.0,0.3164705882352941,0.0,0.0,0.0,0.0
G2.2.2,50,25,2,0.98,0.696326530612245,0.0,1.0,1.0,1.0,1.0,0.0,1.0,0.0,1.0,0.0,0.0,0.0,0.0,0.0,0.76,0.5639097744360901,0.0,0.29263157894736835,0.0,0.0,0.0,0.0
G2.2.2,50,25,3,0.98,0.6808163265306122,0.0,1.0,1.0,1.0,1.0,0.0,1.0,0.0,1.0,0.0,0.0,0.0,0.0,0.0,0.54,0.5595162509448224,0.0,0.33777777777777773,0.0,0.0,0.0,0.0
G2.2.2,50,25,4,0.96,0.6958333333333333,0.0,1.0,1.0,1.0,1.0,0.0,1.0,0.0,1.0,0.0,0.0,0.0,0.0,0.0,0.66,0.5598763141620285,0.0,0.3054545454545455,0.0,0.0,0.0,0.0
G2.2.2,50,50,0,0.96,0.6875000000000003,0.0,1.0,1.0,1.0,1.0,0.0,1.0,0.0,1.0,0.0,0.0,0.0,0.0,0.0,0.6,0.5723537414965988,0.0,0.314,0.0,0.0,0.0,0.0
G2.2.2,50,50,1,1.0,0.7040000000000003,0.0,1.0,1.0,1.0,1.0,0.0,1.0,0.0,1.0,0.0,0.0,0.0,0.0,0.0,0.64,0.562920918367347,0.0,0.30500000000000005,0.0,0.0,0.0,0.0
G2.2.2,50,50,2,0.96,0.6995833333333336,0.0,1.0,1.0,1.0,1.0,0.0,1.0,0.0,1.0,0.0,0.0,0.0,0.0,0.0,0.64,0.5576275510204083,0.0,0.30437500000000006,0.0,0.0,0.0,0.0
G2.2.2,50,50,3,1.0,0.6884000000000001,0.0,1.0,1.0,1.0,1.0,0.0,1.0,0.0,1.0,0.0,0.0,0.0,0.0,0.0,0.64,0.5572066326530613,0.0,0.32375,0.0,0.0,0.0,0.0
G2.2.2,50,50,4,1.0,0.7052000000000004,0.0,1.0,1.0,1.0,1.0,0.0,1.0,0.0,1.0,0.0,0.0,0.0,0.0,0.0,0.76,0.5592696025778735,0.0,0.2894736842105264,0.0,0.0,0.0,0.0
G2.2.2,50,100,0,1.0,0.6890000000000004,0.0,1.0,1.0,1.0,1.0,0.0,1.0,0.0,1.0,0.0,0.0,0.0,0.0,0.0,0.78,0.5613971742543173,0.0,0.3058974358974359,0.0,0.0,0.0,0.0
G2.2.2,50,100,1,1.0,0.7028000000000004,0.0,1.0,1.0,1.0,1.0,0.0,1.0,0.0,1.0,0.0,0.0,0.0,0.0,0.0,0.64,0.5649617346938778,0.0,0.2946875,0.0,0.0,0.0,0.0
G2.2.2,50,100,2,1.0,0.7012000000000004,0.0,1.0,1.0,1.0,1.0,0.0,1.0,0.0,1.0,0.0,0.0,0.0,0.0,0.0,0.68,0.561746698679472,0.0,0.2952941176470588,0.0,0.0,0.0,0.0
G2.2.2,50,100,3,1.0,0.6938000000000004,0.0,1.0,1.0,1.0,1.0,0.0,1.0,0.0,1.0,0.0,0.0,0.0,0.0,0.0,0.6,0.5654013605442181,0.0,0.3093333333333333,0.0,0.0,0.0,0.0
G2.2.2,50,100,4,1.0,0.6940000000000005,0.0,1.0,1.0,1.0,1.0,0.0,1.0,0.0,1.0,0.0,0.0,0.0,0.0,0.0,0.54,0.557876039304611,0.0,0.3014814814814815,0.0,0.0,0.0,0.0
G2.2.2,100,10,0,0.92,0.7184782608695651,0.0,1.0,1.0,1.0,1.0,0.0,1.0,0.0,1.0,0.0,0.0,0.0,0.0,0.0,0.46,0.5587615283267456,0.0,0.2913043478260869,0.0,0.0,0.0,0.0
G2.2.2,100,10,1,0.9,0.7244444444444443,0.0,1.0,1.0,1.0,1.0,0.0,1.0,0.0,1.0,0.0,0.0,0.0,0.0,0.0,0.49,0.6008245722531436,0.0,0.30000000000000004,0.0,0.0,0.0,0.0
G2.2.2,100,10,2,0.96,0.6697916666666667,0.0,1.0,1.0,1.0,1.0,0.0,1.0,0.0,1.0,0.0,0.0,0.0,0.0,0.0,0.46,0.5945761967501098,0.0,0.3217391304347826,0.0,0.0,0.0,0.0
G2.2.2,100,10,3,0.95,0.7199999999999998,0.0,1.0,1.0,1.0,1.0,0.0,1.0,0.0,1.0,0.0,0.0,0.0,0.0,0.0,0.44,0.5758264462809918,0.0,0.2840909090909091,0.0,0.0,0.0,0.0
G2.2.2,100,10,4,0.99,0.6888888888888891,0.0,1.0,1.0,1.0,1.0,0.0,1.0,0.0,1.0,0.0,0.0,0.0,0.0,0.0,0.46,0.5687088274044796,0.0,0.3565217391304349,0.0,0.0,0.0,0.0
G2.2.2,100,25,0,0.93,0.7053763440860215,0.0,1.0,1.0,1.0,1.0,0.0,1.0,0.0,1.0,0.0,0.0,0.0,0.0,0.0,0.61,0.5741480377545951,0.0,0.29704918032786887,0.0,0.0,0.0,0.0
G2.2.2,100,25,1,0.92,0.7030434782608694,0.0,1.0,1.0,1.0,1.0,0.0,1.0,0.0,1.0,0.0,0.0,0.0,0.0,0.0,0.49,0.5618800247371675,0.0,0.2897959183673469,0.0,0.0,0.0,0.0
G2.2.2,100,25,2,0.97,0.7088659793814432,0.0,1.0,1.0,1.0,1.0,0.0,1.0,0.0,1.0,0.0,0.0,0.0,0.0,0.0,0.57,0.5692929292929292,0.0,0.2933333333333334,0.0,0.0,0.0,0.0
G2.2.2,100,25,3,0.97,0.6977319587628865,0.0,1.0,1.0,1.0,1.0,0.0,1.0,0.0,1.0,0.0,0.0,0.0,0.0,0.0,0.68,0.5685680332739155,0.0,0.29470588235294115,0.0,0.0,0.0,0.0
G2.2.2,100,25,4,1.0,0.6911999999999999,0.0,1.0,1.0,1.0,1.0,0.0,1.0,0.0,1.0,0.0,0.0,0.0,0.0,0.0,0.58,0.5508045977011493,0.0,0.32482758620689656,0.0,0.0,0.0,0.0
G2.2.2,100,50,0,0.97,0.6923711340206188,0.0,1.0,1.0,1.0,1.0,0.0,1.0,0.0,1.0,0.0,0.0,0.0,0.0,0.0,0.61,0.5591389302864713,0.0,0.319016393442623,0.0,0.0,0.0,0.0
G2.2.2,100,50,1,0.97,0.7080412371134024,0.0,1.0,1.0,1.0,1.0,0.0,1.0,0.0,1.0,0.0,0.0,0.0,0.0,0.0,0.65,0.5607334887334889,0.0,0.2898461538461539,0.0,0.0,0.0,0.0
G2.2.2,100,50,2,0.99,0.6979797979797984,0.0,1.0,1.0,1.0,1.0,0.0,1.0,0.0,1.0,0.0,0.0,0.0,0.0,0.0,0.58,0.5567189132706376,0.0,0.30482758620689654,0.0,0.0,0.0,0.0
G2.2.2,100,50,3,0.98,0.7036734693877557,0.0,1.0,1.0,1.0,1.0,0.0,1.0,0.0,1.0,0.0,0.0,0.0,0.0,0.0,0.67,0.5610553294135385,0.0,0.29880597014925375,0.0,0.0,0.0,0.0
G2.2.2,100,50,4,0.97,0.7043298969072168,0.0,1.0,1.0,1.0,1.0,0.0,1.0,0.0,1.0,0.0,0.0,0.0,0.0,0.0,0.69,0.554445908358952,0.0,0.29333333333333333,0.0,0.0,0.0,0.0
G2.2.2,100,100,0,0.98,0.6926530612244902,0.0,1.0,1.0,1.0,1.0,0.0,1.0,0.0,1.0,0.0,0.0,0.0,0.0,0.0,0.65,0.5592105672105675,0.0,0.3106153846153847,0.0,0.0,0.0,0.0
G2.2.2,100,100,1,0.98,0.691836734693878,0.0,1.0,1.0,1.0,1.0,0.0,1.0,0.0,1.0,0.0,0.0,0.0,0.0,0.0,0.69,0.5615092958571222,0.0,0.31188405797101454,0.0,0.0,0.0,0.0
G2.2.2,100,100,2,0.99,0.6911111111111115,0.0,1.0,1.0,1.0,1.0,0.0,1.0,0.0,1.0,0.0,0.0,0.0,0.0,0.0,0.62,0.5640387748452267,0.0,0.3083870967741935,0.0,0.0,0.0,0.0
G2.2.2,100,100,3,1.0,0.6990000000000003,0.0,1.0,1.0,1.0,1.0,0.0,1.0,0.0,1.0,0.0,0.0,0.0,0.0,0.0,0.66,0.5568503213957764,0.0,0.3063636363636364,0.0,0.0,0.0,0.0
G2.2.2,100,100,4,1.0,0.6985000000000003,0.0,1.0,1.0,1.0,1.0,0.0,1.0,0.0,1.0,0.0,0.0,0.0,0.0,0.0,0.63,0.5561792528459198,0.0,0.2987301587301588,0.0,0.0,0.0,0.0
G2.2.3,10,10,0,1.0,0.74,0.0,1.0,1.0,1.0,1.0,0.0,1.0,0.0,1.0,0.0,0.0,0.0,0.0,0.0,0.5,0.6000000000000001,0.0,0.29999999999999993,0.0,0.0,0.0,0.0
G2.2.3,10,10,1,0.9,0.7333333333333333,0.0,1.0,1.0,1.0,1.0,0.0,1.0,0.0,1.0,0.0,0.0,0.0,0.0,0.0,0.8,0.5555555555555556,0.0,0.275,0.0,0.0,0.0,0.0
G2.2.3,10,10,2,0.9,0.7777777777777777,0.0,1.0,1.0,1.0,1.0,0.0,1.0,0.0,1.0,0.0,0.0,0.0,0.0,0.0,0.6,0.611111111111111,0.0,0.20000000000000004,0.0,0.0,0.0,0.0
G2.2.3,10,10,3,0.8,0.7249999999999999,0.013513513513513514,1.0,0.75,0.75,1.0,0.0,0.9966216216216216,0.028864877517964634,0.9966216216216216,0.028864877517964634,0.0,0.0,0.0,0.0,0.5,0.5622222222222222,0.0,0.36000000000000004,0.0,0.0,0.0,0.0
G2.2.3,10,10,4,0.9,0.7777777777777777,0.0,1.0,1.0,1.0,1.0,0.0,1.0,0.0,1.0,0.0,0.0,0.0,0.0,0.0,0.6,0.6537037037037036,0.0,0.18333333333333335,0.0,0.0,0.0,0.0
G2.2.3,10,25,0,1.0,0.708,0.0,1.0,1.0,1.0,1.0,0.0,1.0,0.0,1.0,0.0,0.0,0.0,0.0,0.0,0.5,0.5982222222222222,0.0,0.24800000000000005,0.0,0.0,0.0,0.0
G2.2.3,10,25,1,1.0,0.6639999999999999,0.013513513513513514,0.9,1.0,0.9,0.9986486486486488,0.011545951007185851,1.0,0.0,0.9986486486486488,0.011545951007185851,0.0,0.0,0.0,0.0,0.7,0.5079365079365079,0.0,0.3657142857142857,0.0,0.0,0.0,0.0
G2.2.3,10,25,2,1.0,0.696,0.012345679012345678,1.0,0.9,0.9,1.0,0.0,0.9987654320987654,0.011042310999998955,0.9987654320987654,0.011042310999998955,0.0,0.0,0.0,0.0,0.5,0.5519999999999999,0.0,0.256,0.0,0.0,0.0,0.0
G2.2.3,10,25,3,0.9,0.7600000000000001,0.0,1.0,1.0,1.0,1.0,0.0,1.0,0.0,1.0,0.0,0.0,0.0,0.0,0.0,0.7,0.5904761904761904,0.0,0.22285714285714284,0.0,0.0,0.0,0.0
G2.2.3,10,25,4,1.0,0.704,0.0,1.0,1.0,1.0,1.0,0.0,1.0,0.0,1.0,0.0,0.0,0.0,0.0,0.0,0.8,0.5511111111111111,0.0,0.28,0.0,0.0,0.0,0.0
G2.2.3,10,50,0,0.9,0.6933333333333337,0.0,1.0,1.0,1.0,1.0,0.0,1.0,0.0,1.0,0.0,0.0,0.0,0.0,0.0,0.6,0.5640740740740743,0.0,0.3333333333333333,0.0,0.0,0.0,0.0
G2.2.3,10,50,1,1.0,0.6900000000000003,0.013513513513513514,1.0,0.9,0.9,1.0,0.0,0.9986486486486488,0.011545951007185853,0.9986486486486488,0.011545951007185853,0.0,0.0,0.0,0.0,1.0,0.5511111111111113,0.0,0.30999999999999994,0.0,0.0,0.0,0.0
G2.2.3,10,50,2,0.9,0.6844444444444447,0.014084507042253521,1.0,0.8888888888888888,0.8888888888888888,1.0,0.0,0.9984350547730829,0.013093271150768013,0.9984350547730829,0.013093271150768013,0.0,0.0,0.0,0.0,0.6,0.5733333333333336,0.0,0.3033333333333334,0.0,0.0,0.0,0.0
G2.2.3,10,50,3,1.0,0.6960000000000004,0.0,1.0,1.0,1.0,1.0,0.0,1.0,0.0,1.0,0.0,0.0,0.0,0.0,0.0,0.4,0.5622222222222224,0.0,0.35500000000000004,0.0,0.0,0.0,0.0
G2.2.3,10,50,4,1.0,0.6760000000000003,0.0,1.0,1.0,1.0,1.0,0.0,1.0,0.0,1.0,0.0,0.0,0.0,0.0,0.0,0.6,0.5800000000000002,0.0,0.3466666666666667,0.0,0.0,0.0,0.0
G2.2.3,10,100,0,1.0,0.6900000000000004,0.0,1.0,1.0,1.0,1.0,0.0,1.0,0.0,1.0,0.0,0.0,0.0,0.0,0.0,0.8,0.5830555555555559,0.0,0.29500000000000004,0.0,0.0,0.0,0.0
G2.2.3,10,100,1,1.0,0.7100000000000003,0.0,1.0,1.0,1.0,1.0,0.0,1.0,0.0,1.0,0.0,0.0,0.0,0.0,0.0,0.9,0.5692592592592596,0.0,0.2844444444444445,0.0,0.0,0.0,0.0
G2.2.3,10,100,2,1.0,0.6960000000000004,0.0,1.0,1.0,1.0,1.0,0.0,1.0,0.0,1.0,0.0,0.0,0.0,0.0,0.0,0.8,0.5550000000000003,0.0,0.3075,0.0,0.0,0.0,0.0
G2.2.3,10,100,3,1.0,0.7360000000000004,0.0,1.0,1.0,1.0,1.0,0.0,1.0,0.0,1.0,0.0,0.0,0.0,0.0,0.0,0.8,0.5751388888888891,0.0,0.2525,0.0,0.0,0.0,0.0
G2.2.3,10,100,4,1.0,0.7070000000000004,0.0,1.0,1.0,1.0,1.0,0.0,1.0,0.0,1.0,0.0,0.0,0.0,0.0,0.0,0.5,0.5542222222222225,0.0,0.33999999999999997,0.0,0.0,0.0,0.0
G2.2.3,25,10,0,0.96,0.6833333333333332,0.0,1.0,1.0,1.0,1.0,0.0,1.0,0.0,1.0,0.0,0.0,0.0,0.0,0.0,0.4,0.5216666666666667,0.0,0.31999999999999995,0.0,0.0,0.0,0.0
G2.2.3,25,10,1,0.96,0.7166666666666667,0.0,1.0,1.0,1.0,1.0,0.0,1.0,0.0,1.0,0.0,0.0,0.0,0.0,0.0,0.6,0.5980555555555555,0.0,0.2866666666666667,0.0,0.0,0.0,0.0
G2.2.3,25,10,2,0.96,0.7166666666666667,0.0,1.0,1.0,1.0,1.0,0.0,1.0,0.0,1.0,0.0,0.0,0.0,0.0,0.0,0.52,0.5689102564102565,0.0,0.2769230769230769,0.0,0.0,0.0,0.0
G2.2.3,25,10,3,0.92,0.6739130434782608,0.0,1.0,1.0,1.0,1.0,0.0,1.0,0.0,1.0,0.0,0.0,0.0,0.0,0.0,0.6,0.5541666666666667,0.0,0.3133333333333333,0.0,0.0,0.0,0.0
G2.2.3,25,10,4,1.0,0.748,0.0,1.0,1.0,1.0,1.0,0.0,1.0,0.0,1.0,0.0,0.0,0.0,0.0,0.0,0.56,0.5705357142857143,0.0,0.24285714285714285,0.0,0.0,0.0,0.0
G2.2.3,25,25,0,0.88,0.6909090909090909,0.0,1.0,1.0,1.0,1.0,0.0,1.0,0.0,1.0,0.0,0.0,0.0,0.0,0.0,0.6,0.5473333333333332,0.0,0.31733333333333336,0.0,0.0,0.0,0.0
G2.2.3,25,25,1,1.0,0.7232000000000001,0.0,1.0,1.0,1.0,1.0,0.0,1.0,0.0,1.0,0.0,0.0,0.0,0.0,0.0,0.84,0.5885714285714286,0.0,0.27619047619047626,0.0,0.0,0.0,0.0
G2.2.3,25,25,2,1.0,0.6816,0.0,1.0,1.0,1.0,1.0,0.0,1.0,0.0,1.0,0.0,0.0,0.0,0.0,0.0,0.64,0.5509375,0.0,0.31500000000000006,0.0,0.0,0.0,0.0
G2.2.3,25,25,3,0.92,0.7026086956521739,0.0,1.0,1.0,1.0,1.0,0.0,1.0,0.0,1.0,0.0,0.0,0.0,0.0,0.0,0.64,0.5408333333333333,0.0,0.315,0.0,0.0,0.0,0.0
G2.2.3,25,25,4,0.92,0.6973913043478263,0.0,1.0,1.0,1.0,1.0,0.0,1.0,0.0,1.0,0.0,0.0,0.0,0.0,0.0,0.64,0.5618749999999999,0.0,0.3075,0.0,0.0,0.0,0.0
G2.2.3,25,50,0,0.96,0.6875000000000003,0.0,1.0,1.0,1.0,1.0,0.0,1.0,0.0,1.0,0.0,0.0,0.0,0.0,0.0,0.72,0.5392129629629632,0.0,0.3111111111111111,0.0,0.0,0.0,0.0
G2.2.3,25,50,1,0.92,0.7008695652173915,0.0,1.0,1.0,1.0,1.0,0.0,1.0,0.0,1.0,0.0,0.0,0.0,0.0,0.0,0.6,0.5618888888888891,0.0,0.29733333333333334,0.0,0.0,0.0,0.0
G2.2.3,25,50,2,0.96,0.679166666666667,0.0,1.0,1.0,1.0,1.0,0.0,1.0,0.0,1.0,0.0,0.0,0.0,0.0,0.0,0.64,0.5759375000000002,0.0,0.33125,0.0,0.0,0.0,0.0
G2.2.3,25,50,3,0.96,0.7058333333333336,0.0,1.0,1.0,1.0,1.0,0.0,1.0,0.0,1.0,0.0,0.0,0.0,0.0,0.0,0.68,0.5635784313725491,0.0,0.3035294117647058,0.0,0.0,0.0,0.0
G2.2.3,25,50,4,1.0,0.6944000000000004,0.0,1.0,1.0,1.0,1.0,0.0,1.0,0.0,1.0,0.0,0.0,0.0,0.0,0.0,0.76,0.5742543859649125,0.0,0.3063157894736842,0.0,0.0,0.0,0.0
G2.2.3,25,100,0,1.0,0.7056000000000006,0.0,1.0,1.0,1.0,1.0,0.0,1.0,0.0,1.0,0.0,0.0,0.0,0.0,0.0,0.6,0.5674722222222226,0.0,0.29266666666666663,0.0,0.0,0.0,0.0
G2.2.3,25,100,1,1.0,0.7008000000000003,0.0,1.0,1.0,1.0,1.0,0.0,1.0,0.0,1.0,0.0,0.0,0.0,0.0,0.0,0.48,0.5589236111111116,0.0,0.31333333333333335,0.0,0.0,0.0,0.0
G2.2.3,25,100,2,1.0,0.7032000000000004,0.0,1.0,1.0,1.0,1.0,0.0,1.0,0.0,1.0,0.0,0.0,0.0,0.0,0.0,0.64,0.5490625000000002,0.0,0.2875,0.0,0.0,0.0,0.0
G2.2.3,25,100,3,1.0,0.6840000000000005,0.0,1.0,1.0,1.0,1.0,0.0,1.0,0.0,1.0,0.0,0.0,0.0,0.0,0.0,0.76,0.5623684210526319,0.0,0.31789473684210523,0.0,0.0,0.0,0.0
G2.2.3,25,100,4,1.0,0.6768000000000004,0.0,1.0,1.0,1.0,1.0,0.0,1.0,0.0,1.0,0.0,0.0,0.0,0.0,0.0,0.72,0.5692129629629633,0.0,0.3294444444444445,0.0,0.0,0.0,0.0
G2.2.3,50,10,0,1.0,0.7059999999999998,0.0,1.0,1.0,1.0,1.0,0.0,1.0,0.0,1.0,0.0,0.0,0.0,0.0,0.0,0.5,0.5618775510204082,0.0,0.31200000000000006,0.0,0.0,0.0,0.0
G2.2.3,50,10,1,0.96,0.6999999999999998,0.0,1.0,1.0,1.0,1.0,0.0,1.0,0.0,1.0,0.0,0.0,0.0,0.0,0.0,0.44,0.5532467532467532,0.045454545454545456,0.3272727272727272,0.0,0.0,0.0,0.0
G2.2.3,50,10,2,0.96,0.7104166666666666,0.0,1.0,1.0,1.0,1.0,0.0,1.0,0.0,1.0,0.0,0.0,0.0,0.0,0.0,0.54,0.5408163265306123,0.0,0.3,0.0,0.0,0.0,0.0
G2.2.3,50,10,3,0.96,0.7125,0.0,1.0,1.0,1.0,1.0,0.0,1.0,0.0,1.0,0.0,0.0,0.0,0.0,0.0,0.5,0.5635918367346938,0.0,0.3,0.0,0.0,0.0,0.0
G2.2.3,50,10,4,0.98,0.7183673469387755,0.0,1.0,1.0,1.0,1.0,0.0,1.0,0.0,1.0,0.0,0.0,0.0,0.0,0.0,0.54,0.5718065003779289,0.0,0.27777777777777773,0.0,0.0,0.0,0.0
G2.2.3,50,25,0,0.9,0.7040000000000001,0.0,1.0,1.0,1.0,1.0,0.0,1.0,0.0,1.0,0.0,0.0,0.0,0.0,0.0,0.62,0.5699539170506912,0.0,0.2954838709677419,0.0,0.0,0.0,0.0
G2.2.3,50,25,1,0.94,0.7021276595744682,0.0,1.0,1.0,1.0,1.0,0.0,1.0,0.0,1.0,0.0,0.0,0.0,0.0,0.0,0.54,0.5586696900982615,0.0,0.2933333333333334,0.0,0.0,0.0,0.0
G2.2.3,50,25,2,0.98,0.7012244897959184,0.0,1.0,1.0,1.0,1.0,0.0,1.0,0.0,1.0,0.0,0.0,0.0,0.0,0.0,0.66,0.5833766233766234,0.0,0.3054545454545455,0.0,0.0,0.0,0.0
G2.2.3,50,25,3,1.0,0.7008000000000001,0.0,1.0,1.0,1.0,1.0,0.0,1.0,0.0,1.0,0.0,0.0,0.0,0.0,0.0,0.64,0.5750510204081632,0.0,0.31125,0.0,0.0,0.0,0.0
G2.2.3,50,25,4,0.92,0.6791304347826088,0.0,1.0,1.0,1.0,1.0,0.0,1.0,0.0,1.0,0.0,0.0,0.0,0.0,0.0,0.5,0.5458612244897959,0.0,0.3232,0.0,0.0,0.0,0.0
G2.2.3,50,50,0,0.98,0.7016326530612247,0.0,1.0,1.0,1.0,1.0,0.0,1.0,0.0,1.0,0.0,0.0,0.0,0.0,0.0,0.72,0.562732426303855,0.0,0.31,0.0,0.0,0.0,0.0
G2.2.3,50,50,1,1.0,0.7004000000000002,0.0,1.0,1.0,1.0,1.0,0.0,1.0,0.0,1.0,0.0,0.0,0.0,0.0,0.0,0.8,0.5506122448979593,0.0,0.302,0.0,0.0,0.0,0.0
G2.2.3,50,50,2,0.96,0.697916666666667,0.0,1.0,1.0,1.0,1.0,0.0,1.0,0.0,1.0,0.0,0.0,0.0,0.0,0.0,0.66,0.5586147186147187,0.0,0.3036363636363637,0.0,0.0,0.0,0.0
G2.2.3,50,50,3,1.0,0.6928000000000002,0.0,1.0,1.0,1.0,1.0,0.0,1.0,0.0,1.0,0.0,0.0,0.0,0.0,0.0,0.72,0.5579818594104311,0.0,0.31722222222222224,0.0,0.0,0.0,0.0
G2.2.3,50,50,4,1.0,0.6916000000000001,0.0,1.0,1.0,1.0,1.0,0.0,1.0,0.0,1.0,0.0,0.0,0.0,0.0,0.0,0.7,0.550122448979592,0.0,0.3177142857142857,0.0,0.0,0.0,0.0
G2.2.3,50,100,0,1.0,0.6858000000000004,0.0,1.0,1.0,1.0,1.0,0.0,1.0,0.0,1.0,0.0,0.0,0.0,0.0,0.0,0.58,0.5642505277973262,0.0,0.3210344827586206,0.0,0.0,0.0,0.0
G2.2.3,50,100,1,1.0,0.6882000000000005,0.0,1.0,1.0,1.0,1.0,0.0,1.0,0.0,1.0,0.0,0.0,0.0,0.0,0.0,0.74,0.5558466629895203,0.0,0.3124324324324324,0.0,0.0,0.0,0.0
G2.2.3,50,100,2,1.0,0.6964000000000002,0.0,1.0,1.0,1.0,1.0,0.0,1.0,0.0,1.0,0.0,0.0,0.0,0.0,0.0,0.7,0.5496734693877555,0.0,0.304,0.0,0.0,0.0,0.0
G2.2.3,50,100,3,0.98,0.6891836734693881,0.0,1.0,1.0,1.0,1.0,0.0,1.0,0.0,1.0,0.0,0.0,0.0,0.0,0.0,0.56,0.5739723032069974,0.0,0.30642857142857144,0.0,0.0,0.0,0.0
G2.2.3,50,100,4,1.0,0.6944000000000004,0.0,1.0,1.0,1.0,1.0,0.0,1.0,0.0,1.0,0.0,0.0,0.0,0.0,0.0,0.72,0.5615702947845808,0.0,0.30472222222222217,0.0,0.0,0.0,0.0
G2.2.3,100,10,0,0.93,0.7064516129032257,0.0,1.0,1.0,1.0,1.0,0.0,1.0,0.0,1.0,0.0,0.0,0.0,0.0,0.0,0.44,0.5813131313131313,0.0,0.3,0.0,0.0,0.0,0.0
G2.2.3,100,10,1,0.97,0.7072164948453606,0.0,1.0,1.0,1.0,1.0,0.0,1.0,0.0,1.0,0.0,0.0,0.0,0.0,0.0,0.54,0.5835578002244668,0.018518518518518517,0.30370370370370375,0.0,0.0,0.0,0.0
G2.2.3,100,10,2,0.93,0.710752688172043,0.0,1.0,1.0,1.0,1.0,0.0,1.0,0.0,1.0,0.0,0.0,0.0,0.0,0.0,0.42,0.5485810485810486,0.023809523809523808,0.31190476190476196,0.0,0.0,0.0,0.0
G2.2.3,100,10,3,0.93,0.7075268817204299,0.0,1.0,1.0,1.0,1.0,0.0,1.0,0.0,1.0,0.0,0.0,0.0,0.0,0.0,0.45,0.5605836139169473,0.0,0.29111111111111104,0.0,0.0,0.0,0.0
G2.2.3,100,10,4,0.94,0.7053191489361702,0.0,1.0,1.0,1.0,1.0,0.0,1.0,0.0,1.0,0.0,0.0,0.0,0.0,0.0,0.46,0.5685990338164252,0.0,0.3260869565217392,0.0,0.0,0.0,0.0
G2.2.3,100,25,0,0.93,0.7049462365591398,0.0,1.0,1.0,1.0,1.0,0.0,1.0,0.0,1.0,0.0,0.0,0.0,0.0,0.0,0.5,0.5638464646464647,0.0,0.3104,0.0,0.0,0.0,0.0
G2.2.3,100,25,1,0.98,0.6902040816326532,0.0,1.0,1.0,1.0,1.0,0.0,1.0,0.0,1.0,0.0,0.0,0.0,0.0,0.0,0.52,0.5673115773115772,0.0,0.3230769230769231,0.0,0.0,0.0,0.0
G2.2.3,100,25,2,0.94,0.7051063829787233,0.0,1.0,1.0,1.0,1.0,0.0,1.0,0.0,1.0,0.0,0.0,0.0,0.0,0.0,0.66,0.5627793082338536,0.0,0.30060606060606054,0.0,0.0,0.0,0.0
G2.2.3,100,25,3,0.96,0.69,0.0,1.0,1.0,1.0,1.0,0.0,1.0,0.0,1.0,0.0,0.0,0.0,0.0,0.0,0.6,0.5740875420875421,0.0,0.31200000000000006,0.0,0.0,0.0,0.0
G2.2.3,100,25,4,0.97,0.7022680412371133,0.0,1.0,1.0,1.0,1.0,0.0,1.0,0.0,1.0,0.0,0.0,0.0,0.0,0.0,0.64,0.5565151515151514,0.0,0.30250000000000005,0.0,0.0,0.0,0.0
G2.2.3,100,50,0,0.99,0.6840404040404044,0.0,1.0,1.0,1.0,1.0,0.0,1.0,0.0,1.0,0.0,0.0,0.0,0.0,0.0,0.71,0.5615222649025469,0.0,0.3152112676056339,0.0,0.0,0.0,0.0
G2.2.3,100,50,1,0.97,0.6911340206185571,0.0,1.0,1.0,1.0,1.0,0.0,1.0,0.0,1.0,0.0,0.0,0.0,0.0,0.0,0.68,0.554491978609626,0.0,0.3152941176470589,0.0,0.0,0.0,0.0
G2.2.3,100,50,2,0.97,0.7020618556701036,0.0,1.0,1.0,1.0,1.0,0.0,1.0,0.0,1.0,0.0,0.0,0.0,0.0,0.0,0.61,0.5626593806921677,0.0,0.3013114754098361,0.0,0.0,0.0,0.0
G2.2.3,100,50,3,0.96,0.7035416666666671,0.0,1.0,1.0,1.0,1.0,0.0,1.0,0.0,1.0,0.0,0.0,0.0,0.0,0.0,0.61,0.5679648948501409,0.0,0.2977049180327868,0.0,0.0,0.0,0.0
G2.2.3,100,50,4,0.99,0.6890909090909095,0.0,1.0,1.0,1.0,1.0,0.0,1.0,0.0,1.0,0.0,0.0,0.0,0.0,0.0,0.75,0.559105723905724,0.0,0.32,0.0,0.0,0.0,0.0
G2.2.3,100,100,0,0.99,0.7045454545454548,0.0,1.0,1.0,1.0,1.0,0.0,1.0,0.0,1.0,0.0,0.0,0.0,0.0,0.0,0.62,0.5557494297816881,0.0,0.30145161290322575,0.0,0.0,0.0,0.0
G2.2.3,100,100,1,1.0,0.6947000000000005,0.0,1.0,1.0,1.0,1.0,0.0,1.0,0.0,1.0,0.0,0.0,0.0,0.0,0.0,0.68,0.5633823529411767,0.0,0.30500000000000005,0.0,0.0,0.0,0.0
G2.2.3,100,100,2,0.99,0.6966666666666671,0.0,1.0,1.0,1.0,1.0,0.0,1.0,0.0,1.0,0.0,0.0,0.0,0.0,0.0,0.67,0.5611111111111116,0.0,0.30373134328358214,0.0,0.0,0.0,0.0
G2.2.3,100,100,3,1.0,0.6979000000000005,0.0,1.0,1.0,1.0,1.0,0.0,1.0,0.0,1.0,0.0,0.0,0.0,0.0,0.0,0.65,0.5669992229992233,0.0,0.3006153846153846,0.0,0.0,0.0,0.0
G2.2.3,100,100,4,1.0,0.6902000000000003,0.0,1.0,1.0,1.0,1.0,0.0,1.0,0.0,1.0,0.0,0.0,0.0,0.0,0.0,0.7,0.561590187590188,0.0,0.3101428571428571,0.0,0.0,0.0,0.0
G2.3.1,10,10,0,0.7,0.7142857142857143,0.0,1.0,1.0,1.0,1.0,0.0,1.0,0.0,1.0,0.0,0.0,0.0,0.0,0.0,0.5,0.5333333333333334,0.0,0.3,0.0,0.0,0.0,0.0
G2.3.1,10,10,1,1.0,0.71,0.0,1.0,1.0,1.0,1.0,0.0,1.0,0.0,1.0,0.0,0.0,0.0,0.0,0.0,0.5,0.5711111111111111,0.0,0.28,0.0,0.0,0.0,0.0
G2.3.1,10,10,2,0.9,0.7222222222222222,0.0,1.0,1.0,1.0,1.0,0.0,1.0,0.0,1.0,0.0,0.0,0.0,0.0,0.0,0.4,0.5583333333333333,0.25,0.3,0.0,0.0,0.0,0.0
G2.3.1,10,10,3,0.9,0.711111111111111,0.0,1.0,1.0,1.0,1.0,0.0,1.0,0.0,1.0,0.0,0.0,0.0,0.0,0.0,0.5,0.5911111111111111,0.0,0.42000000000000004,0.0,0.0,0.0,0.0
G2.3.1,10,10,4,0.9,0.6888888888888888,0.0,1.0,1.0,1.0,1.0,0.0,1.0,0.0,1.0,0.0,0.0,0.0,0.0,0.0,0.5,0.47111111111111115,0.0,0.44000000000000006,0.0,0.0,0.0,0.0
G2.3.1,10,25,0,0.8,0.675,0.0,1.0,1.0,1.0,1.0,0.0,1.0,0.0,1.0,0.0,0.0,0.0,0.0,0.0,0.3,0.49333333333333335,0.0,0.4666666666666666,0.0,0.0,0.0,0.0
G2.3.1,10,25,1,1.0,0.6839999999999999,0.0,1.0,1.0,1.0,1.0,0.0,1.0,0.0,1.0,0.0,0.0,0.0,0.0,0.0,0.4,0.45333333333333325,0.0,0.41000000000000003,0.0,0.0,0.0,0.0
G2.3.1,10,25,2,1.0,0.712,0.037037037037037035,0.9,1.0,0.9,0.9962962962962962,0.01888525745775105,1.0,0.0,0.9962962962962962,0.01888525745775105,0.0,0.0,0.0,0.0,0.3,0.5051851851851851,0.0,0.3466666666666667,0.0,0.0,0.0,0.0
G2.3.1,10,25,3,0.9,0.6311111111111111,0.041666666666666664,0.8888888888888888,1.0,0.8888888888888888,0.9953703703703703,0.02220292371904038,1.0,0.0,0.9953703703703703,0.02220292371904038,0.0,0.0,0.0,0.0,0.4,0.5077777777777777,0.0,0.44999999999999996,0.0,0.0,0.0,0.0
G2.3.1,10,25,4,1.0,0.692,0.04,1.0,0.9,0.9,1.0,0.0,0.996,0.019595917942265423,0.996,0.019595917942265423,0.0,0.0,0.0,0.0,0.5,0.49244444444444435,0.0,0.392,0.0,0.0,0.0,0.0
G2.3.1,10,50,0,0.8,0.6600000000000003,0.0,1.0,1.0,1.0,1.0,0.0,1.0,0.0,1.0,0.0,0.0,0.0,0.0,0.0,0.2,0.4855555555555557,0.0,0.45,0.0,0.0,0.0,0.0
G2.3.1,10,50,1,1.0,0.6820000000000003,0.0,1.0,1.0,1.0,1.0,0.0,1.0,0.0,1.0,0.0,0.0,0.0,0.0,0.0,0.2,0.4322222222222223,0.0,0.5,0.0,0.0,0.0,0.0
G2.3.1,10,50,2,0.8,0.6950000000000003,0.0,1.0,1.0,1.0,1.0,0.0,1.0,0.0,1.0,0.0,0.0,0.0,0.0,0.0,0.4,0.47944444444444456,0.0,0.395,0.0,0.0,0.0,0.0
G2.3.1,10,50,3,0.8,0.7025000000000003,0.0,1.0,1.0,1.0,1.0,0.0,1.0,0.0,1.0,0.0,0.0,0.0,0.0,0.0,0.4,0.4911111111111112,0.0,0.39,0.0,0.0,0.0,0.0
G2.3.1,10,50,4,1.0,0.6860000000000003,0.0,1.0,1.0,1.0,1.0,0.0,1.0,0.0,1.0,0.0,0.0,0.0,0.0,0.0,0.5,0.4702222222222224,0.0,0.356,0.0,0.0,0.0,0.0
G2.3.1,10,100,0,1.0,0.6560000000000004,0.06896551724137931,0.7,1.0,0.7,0.9888888888888888,0.04386596714593628,1.0,0.0,0.9888888888888888,0.04386596714593628,0.0,0.0,0.0,0.0,0.2,0.4622222222222225,0.0,0.535,0.0,0.0,0.0,0.0
G2.3.1,10,100,1,1.0,0.6670000000000004,0.0,1.0,1.0,1.0,1.0,0.0,1.0,0.0,1.0,0.0,0.0,0.0,0.0,0.0,0.3,0.4629629629629632,0.0,0.4666666666666666,0.0,0.0,0.0,0.0
G2.3.1,10,100,2,1.0,0.6820000000000003,0.0,1.0,1.0,1.0,1.0,0.0,1.0,0.0,1.0,0.0,0.0,0.0,0.0,0.0,0.4,0.4780555555555558,0.0,0.46,0.0,0.0,0.0,0.0
G2.3.1,10,100,3,1.0,0.6760000000000004,0.0,1.0,1.0,1.0,1.0,0.0,1.0,0.0,1.0,0.0,0.0,0.0,0.0,0.0,0.5,0.4860000000000002,0.0,0.388,0.0,0.0,0.0,0.0
G2.3.1,10,100,4,1.0,0.6750000000000004,0.0,1.0,1.0,1.0,1.0,0.0,1.0,0.0,1.0,0.0,0.0,0.0,0.0,0.0,0.3,0.4855555555555558,0.0,0.44999999999999996,0.0,0.0,0.0,0.0
G2.3.1,25,10,0,1.0,0.6759999999999999,0.0,1.0,1.0,1.0,1.0,0.0,1.0,0.0,1.0,0.0,0.0,0.0,0.0,0.0,0.32,0.4677083333333333,0.0,0.3375,0.0,0.0,0.0,0.0
G2.3.1,25,10,1,0.96,0.725,0.0,1.0,1.0,1.0,1.0,0.0,1.0,0.0,1.0,0.0,0.0,0.0,0.0,0.0,0.36,0.4972222222222222,0.0,0.3111111111111111,0.0,0.0,0.0,0.0
G2.3.1,25,10,2,0.88,0.7272727272727271,0.0,1.0,1.0,1.0,1.0,0.0,1.0,0.0,1.0,0.0,0.0,0.0,0.0,0.0,0.32,0.4947916666666667,0.0,0.2875,0.0,0.0,0.0,0.0
G2.3.1,25,10,3,0.84,0.7523809523809523,0.0,1.0,1.0,1.0,1.0,0.0,1.0,0.0,1.0,0.0,0.0,0.0,0.0,0.0,0.28,0.5470238095238095,0.0,0.2714285714285714,0.0,0.0,0.0,0.0
G2.3.1,25,10,4,0.96,0.6833333333333332,0.05263157894736842,1.0,0.9583333333333334,0.9583333333333334,1.0,0.0,0.9978070175438598,0.009304036594559828,0.9978070175438598,0.009304036594559828,0.0,0.0,0.0,0.0,0.2,0.445,0.0,0.4,0.0,0.0,0.0,0.0
G2.3.1,25,25,0,0.8,0.7040000000000001,0.0,1.0,1.0,1.0,1.0,0.0,1.0,0.0,1.0,0.0,0.0,0.0,0.0,0.0,0.32,0.438125,0.0,0.38,0.0,0.0,0.0,0.0
G2.3.1,25,25,1,0.92,0.7095652173913044,0.0,1.0,1.0,1.0,1.0,0.0,1.0,0.0,1.0,0.0,0.0,0.0,0.0,0.0,0.32,0.5020833333333332,0.0,0.315,0.0,0.0,0.0,0.0
G2.3.1,25,25,2,0.96,0.7150000000000002,0.0,1.0,1.0,1.0,1.0,0.0,1.0,0.0,1.0,0.0,0.0,0.0,0.0,0.0,0.32,0.481875,0.0,0.32499999999999996,0.0,0.0,0.0,0.0
G2.3.1,25,25,3,0.96,0.7133333333333334,0.0,1.0,1.0,1.0,1.0,0.0,1.0,0.0,1.0,0.0,0.0,0.0,0.0,0.0,0.36,0.4896296296296296,0.0,0.29333333333333333,0.0,0.0,0.0,0.0
G2.3.1,25,25,4,0.96,0.6766666666666667,0.0,1.0,1.0,1.0,1.0,0.0,1.0,0.0,1.0,0.0,0.0,0.0,0.0,0.0,0.28,0.4440476190476191,0.0,0.41714285714285715,0.0,0.0,0.0,0.0
G2.3.1,25,50,0,0.92,0.7147826086956526,0.0,1.0,1.0,1.0,1.0,0.0,1.0,0.0,1.0,0.0,0.0,0.0,0.0,0.0,0.2,0.43866666666666676,0.0,0.41600000000000004,0.0,0.0,0.0,0.0
G2.3.1,25,50,1,0.96,0.7091666666666671,0.0,1.0,1.0,1.0,1.0,0.0,1.0,0.0,1.0,0.0,0.0,0.0,0.0,0.0,0.32,0.4505208333333335,0.0,0.3225,0.0,0.0,0.0,0.0
G2.3.1,25,50,2,0.92,0.6886956521739133,0.0,1.0,1.0,1.0,1.0,0.0,1.0,0.0,1.0,0.0,0.0,0.0,0.0,0.0,0.44,0.47878787878787893,0.0,0.3309090909090909,0.0,0.0,0.0,0.0
G2.3.1,25,50,3,0.84,0.6838095238095242,0.0,1.0,1.0,1.0,1.0,0.0,1.0,0.0,1.0,0.0,0.0,0.0,0.0,0.0,0.24,0.46875000000000017,0.0,0.38000000000000006,0.0,0.0,0.0,0.0
G2.3.1,25,50,4,0.88,0.7009090909090913,0.0,1.0,1.0,1.0,1.0,0.0,1.0,0.0,1.0,0.0,0.0,0.0,0.0,0.0,0.16,0.4675000000000001,0.0,0.41000000000000003,0.0,0.0,0.0,0.0
G2.3.1,25,100,0,1.0,0.6976000000000004,0.0,1.0,1.0,1.0,1.0,0.0,1.0,0.0,1.0,0.0,0.0,0.0,0.0,0.0,0.32,0.47286458333333353,0.0,0.3075,0.0,0.0,0.0,0.0
G2.3.1,25,100,1,1.0,0.6964000000000005,0.0,1.0,1.0,1.0,1.0,0.0,1.0,0.0,1.0,0.0,0.0,0.0,0.0,0.0,0.4,0.4719166666666669,0.0,0.31300000000000006,0.0,0.0,0.0,0.0
G2.3.1,25,100,2,1.0,0.7008000000000004,0.0,1.0,1.0,1.0,1.0,0.0,1.0,0.0,1.0,0.0,0.0,0.0,0.0,0.0,0.24,0.46513888888888905,0.0,0.3633333333333333,0.0,0.0,0.0,0.0
G2.3.1,25,100,3,1.0,0.6984000000000004,0.0,1.0,1.0,1.0,1.0,0.0,1.0,0.0,1.0,0.0,0.0,0.0,0.0,0.0,0.28,0.48446428571428596,0.0,0.33571428571428574,0.0,0.0,0.0,0.0
G2.3.1,25,100,4,1.0,0.6932000000000004,0.0,1.0,1.0,1.0,1.0,0.0,1.0,0.0,1.0,0.0,0.0,0.0,0.0,0.0,0.4,0.4551250000000001,0.0,0.33499999999999996,0.0,0.0,0.0,0.0
G2.3.1,50,10,0,0.8,0.7674999999999998,0.0,1.0,1.0,1.0,1.0,0.0,1.0,0.0,1.0,0.0,0.0,0.0,0.0,0.0,0.2,0.4983673469387756,0.0,0.21000000000000002,0.0,0.0,0.0,0.0
G2.3.1,50,10,1,0.9,0.7377777777777776,0.0,1.0,1.0,1.0,1.0,0.0,1.0,0.0,1.0,0.0,0.0,0.0,0.0,0.0,0.22,0.5098330241187384,0.0,0.3,0.0,0.0,0.0,0.0
G2.3.1,50,10,2,0.86,0.7511627906976743,0.0,1.0,1.0,1.0,1.0,0.0,1.0,0.0,1.0,0.0,0.0,0.0,0.0,0.0,0.26,0.5100470957613814,0.0,0.23846153846153847,0.0,0.0,0.0,0.0
G2.3.1,50,10,3,0.88,0.75,0.0,1.0,1.0,1.0,1.0,0.0,1.0,0.0,1.0,0.0,0.0,0.0,0.0,0.0,0.16,0.4829081632653061,0.125,0.2,0.0,0.0,0.0,0.0
G2.3.1,50,10,4,0.82,0.7341463414634145,0.0,1.0,1.0,1.0,1.0,0.0,1.0,0.0,1.0,0.0,0.0,0.0,0.0,0.0,0.22,0.4437847866419295,0.0,0.29090909090909095,0.0,0.0,0.0,0.0
G2.3.1,50,25,0,0.92,0.7104347826086956,0.0,1.0,1.0,1.0,1.0,0.0,1.0,0.0,1.0,0.0,0.0,0.0,0.0,0.0,0.26,0.4923704866562009,0.0,0.29846153846153844,0.0,0.0,0.0,0.0
G2.3.1,50,25,1,0.94,0.6970212765957448,0.0,1.0,1.0,1.0,1.0,0.0,1.0,0.0,1.0,0.0,0.0,0.0,0.0,0.0,0.28,0.47002915451895033,0.0,0.31428571428571433,0.0,0.0,0.0,0.0
G2.3.1,50,25,2,0.94,0.7055319148936171,0.0,1.0,1.0,1.0,1.0,0.0,1.0,0.0,1.0,0.0,0.0,0.0,0.0,0.0,0.3,0.4842448979591837,0.0,0.3120000000000001,0.0,0.0,0.0,0.0
G2.3.1,50,25,3,0.9,0.7146666666666669,0.0,1.0,1.0,1.0,1.0,0.0,1.0,0.0,1.0,0.0,0.0,0.0,0.0,0.0,0.3,0.47412244897959177,0.0,0.28800000000000003,0.0,0.0,0.0,0.0
G2.3.1,50,25,4,0.9,0.6897777777777779,0.0,1.0,1.0,1.0,1.0,0.0,1.0,0.0,1.0,0.0,0.0,0.0,0.0,0.0,0.28,0.4952186588921282,0.0,0.33428571428571435,0.0,0.0,0.0,0.0
G2.3.1,50,50,0,0.94,0.6914893617021278,0.0,1.0,1.0,1.0,1.0,0.0,1.0,0.0,1.0,0.0,0.0,0.0,0.0,0.0,0.4,0.46904081632653066,0.0,0.32000000000000006,0.0,0.0,0.0,0.0
G2.3.1,50,50,1,1.0,0.7104000000000004,0.0,1.0,1.0,1.0,1.0,0.0,1.0,0.0,1.0,0.0,0.0,0.0,0.0,0.0,0.36,0.453560090702948,0.0,0.3122222222222222,0.0,0.0,0.0,0.0
G2.3.1,50,50,2,0.98,0.7004081632653064,0.0,1.0,1.0,1.0,1.0,0.0,1.0,0.0,1.0,0.0,0.0,0.0,0.0,0.0,0.42,0.4761127308066085,0.0,0.28285714285714286,0.0,0.0,0.0,0.0
G2.3.1,50,50,3,0.98,0.6922448979591839,0.0,1.0,1.0,1.0,1.0,0.0,1.0,0.0,1.0,0.0,0.0,0.0,0.0,0.0,0.38,0.4589688506981741,0.0,0.308421052631579,0.0,0.0,0.0,0.0
G2.3.1,50,50,4,0.96,0.6925000000000002,0.0,1.0,1.0,1.0,1.0,0.0,1.0,0.0,1.0,0.0,0.0,0.0,0.0,0.0,0.38,0.4608378088077337,0.0,0.32526315789473687,0.0,0.0,0.0,0.0
G2.3.1,50,100,0,1.0,0.6998000000000003,0.0,1.0,1.0,1.0,1.0,0.0,1.0,0.0,1.0,0.0,0.0,0.0,0.0,0.0,0.34,0.47373349339735926,0.0,0.31176470588235294,0.0,0.0,0.0,0.0
G2.3.1,50,100,1,0.94,0.6921276595744685,0.0,1.0,1.0,1.0,1.0,0.0,1.0,0.0,1.0,0.0,0.0,0.0,0.0,0.0,0.26,0.45419152276295155,0.0,0.3384615384615385,0.0,0.0,0.0,0.0
G2.3.1,50,100,2,1.0,0.6980000000000004,0.0,1.0,1.0,1.0,1.0,0.0,1.0,0.0,1.0,0.0,0.0,0.0,0.0,0.0,0.42,0.4682993197278914,0.0,0.31476190476190474,0.0,0.0,0.0,0.0
G2.3.1,50,100,3,0.94,0.6978723404255323,0.0,1.0,1.0,1.0,1.0,0.0,1.0,0.0,1.0,0.0,0.0,0.0,0.0,0.0,0.28,0.4658892128279886,0.0,0.3178571428571429,0.0,0.0,0.0,0.0
G2.3.1,50,100,4,1.0,0.6918000000000005,0.0,1.0,1.0,1.0,1.0,0.0,1.0,0.0,1.0,0.0,0.0,0.0,0.0,0.0,0.42,0.48388726919339203,0.0,0.3023809523809523,0.0,0.0,0.0,0.0
G2.3.1,100,10,0,0.88,0.7261363636363636,0.0,1.0,1.0,1.0,1.0,0.0,1.0,0.0,1.0,0.0,0.0,0.0,0.0,0.0,0.16,0.507260101010101,0.0,0.28125,0.0,0.0,0.0,0.0
G2.3.1,100,10,1,0.91,0.7252747252747249,0.0,1.0,1.0,1.0,1.0,0.0,1.0,0.0,1.0,0.0,0.0,0.0,0.0,0.0,0.16,0.4672979797979798,0.0,0.29375,0.0,0.0,0.0,0.0
G2.3.1,100,10,2,0.91,0.7263736263736263,0.0,1.0,1.0,1.0,1.0,0.0,1.0,0.0,1.0,0.0,0.0,0.0,0.0,0.0,0.17,0.5398692810457516,0.0,0.2705882352941177,0.0,0.0,0.0,0.0
G2.3.1,100,10,3,0.93,0.71505376344086,0.0,1.0,1.0,1.0,1.0,0.0,1.0,0.0,1.0,0.0,0.0,0.0,0.0,0.0,0.2,0.4977272727272727,0.0,0.29500000000000004,0.0,0.0,0.0,0.0
G2.3.1,100,10,4,0.85,0.6941176470588234,0.0,1.0,1.0,1.0,1.0,0.0,1.0,0.0,1.0,0.0,0.0,0.0,0.0,0.0,0.22,0.4700183654729109,0.0,0.3318181818181818,0.0,0.0,0.0,0.0
G2.3.1,100,25,0,0.95,0.7174736842105262,0.0,1.0,1.0,1.0,1.0,0.0,1.0,0.0,1.0,0.0,0.0,0.0,0.0,0.0,0.16,0.48795454545454536,0.0,0.31000000000000005,0.0,0.0,0.0,0.0
G2.3.1,100,25,1,0.94,0.6978723404255317,0.0,1.0,1.0,1.0,1.0,0.0,1.0,0.0,1.0,0.0,0.0,0.0,0.0,0.0,0.2,0.4789090909090909,0.0,0.3160000000000001,0.0,0.0,0.0,0.0
G2.3.1,100,25,2,0.94,0.6885106382978722,0.0,1.0,1.0,1.0,1.0,0.0,1.0,0.0,1.0,0.0,0.0,0.0,0.0,0.0,0.19,0.4858479532163742,0.0,0.3178947368421053,0.0,0.0,0.0,0.0
G2.3.1,100,25,3,0.96,0.6995833333333333,0.0,1.0,1.0,1.0,1.0,0.0,1.0,0.0,1.0,0.0,0.0,0.0,0.0,0.0,0.26,0.4685470085470085,0.0,0.30615384615384617,0.0,0.0,0.0,0.0
G2.3.1,100,25,4,0.96,0.7129166666666666,0.0,1.0,1.0,1.0,1.0,0.0,1.0,0.0,1.0,0.0,0.0,0.0,0.0,0.0,0.25,0.48342626262626254,0.0,0.2848,0.0,0.0,0.0,0.0
G2.3.1,100,50,0,0.98,0.7016326530612247,0.0,1.0,1.0,1.0,1.0,0.0,1.0,0.0,1.0,0.0,0.0,0.0,0.0,0.0,0.28,0.468917748917749,0.0,0.30214285714285716,0.0,0.0,0.0,0.0
G2.3.1,100,50,1,0.98,0.709183673469388,0.0,1.0,1.0,1.0,1.0,0.0,1.0,0.0,1.0,0.0,0.0,0.0,0.0,0.0,0.26,0.4571872571872573,0.0,0.29076923076923084,0.0,0.0,0.0,0.0
G2.3.1,100,50,2,0.97,0.7037113402061859,0.0,1.0,1.0,1.0,1.0,0.0,1.0,0.0,1.0,0.0,0.0,0.0,0.0,0.0,0.28,0.45599567099567107,0.0,0.2992857142857143,0.0,0.0,0.0,0.0
G2.3.1,100,50,3,0.98,0.6977551020408167,0.0,1.0,1.0,1.0,1.0,0.0,1.0,0.0,1.0,0.0,0.0,0.0,0.0,0.0,0.27,0.48427983539094666,0.0,0.31629629629629635,0.0,0.0,0.0,0.0
G2.3.1,100,50,4,0.92,0.701739130434783,0.0,1.0,1.0,1.0,1.0,0.0,1.0,0.0,1.0,0.0,0.0,0.0,0.0,0.0,0.25,0.47947474747474766,0.0,0.292,0.0,0.0,0.0,0.0
G2.3.1,100,100,0,1.0,0.6940000000000004,0.0,1.0,1.0,1.0,1.0,0.0,1.0,0.0,1.0,0.0,0.0,0.0,0.0,0.0,0.4,0.46937121212121236,0.0,0.31800000000000006,0.0,0.0,0.0,0.0
G2.3.1,100,100,1,0.98,0.6991836734693881,0.0,1.0,1.0,1.0,1.0,0.0,1.0,0.0,1.0,0.0,0.0,0.0,0.0,0.0,0.41,0.4703128849470315,0.0,0.2958536585365854,0.0,0.0,0.0,0.0
G2.3.1,100,100,2,1.0,0.6959000000000003,0.0,1.0,1.0,1.0,1.0,0.0,1.0,0.0,1.0,0.0,0.0,0.0,0.0,0.0,0.33,0.4674931129476586,0.0,0.3087878787878788,0.0,0.0,0.0,0.0
G2.3.1,100,100,3,0.99,0.6957575757575761,0.0,1.0,1.0,1.0,1.0,0.0,1.0,0.0,1.0,0.0,0.0,0.0,0.0,0.0,0.32,0.47497159090909113,0.0,0.308125,0.0,0.0,0.0,0.0
G2.3.1,100,100,4,0.98,0.6995918367346942,0.0,1.0,1.0,1.0,1.0,0.0,1.0,0.0,1.0,0.0,0.0,0.0,0.0,0.0,0.34,0.470089126559715,0.0,0.29911764705882354,0.0,0.0,0.0,0.0
G2.3.2,10,10,0,1.0,0.64,0.037037037037037035,0.9,1.0,0.9,0.9962962962962962,0.01888525745775105,1.0,0.0,0.9962962962962962,0.01888525745775105,0.0,0.0,0.0,0.0,0.5,0.5088888888888888,0.0,0.26,0.0,0.0,0.0,0.0
G2.3.2,10,10,1,0.8,0.6499999999999999,0.04,0.875,1.0,0.875,0.995,0.024494897427831782,1.0,0.0,0.995,0.024494897427831782,0.0,0.0,0.0,0.0,0.3,0.49259259259259264,0.0,0.3,0.0,0.0,0.0,0.0
G2.3.2,10,10,2,0.8,0.6499999999999999,0.037037037037037035,1.0,0.875,0.875,1.0,0.0,0.9953703703703703,0.023606571822188817,0.9953703703703703,0.023606571822188817,0.0,0.0,0.0,0.0,0.3,0.44814814814814813,0.0,0.5,0.0,0.0,0.0,0.0
G2.3.2,10,10,3,0.9,0.7,0.043478260869565216,0.7777777777777778,1.0,0.7777777777777778,0.9903381642512078,0.045318026664960674,1.0,0.0,0.9903381642512078,0.045318026664960674,0.0,0.0,0.0,0.0,0.2,0.4388888888888889,0.0,0.35,0.0,0.0,0.0,0.0
G2.3.2,10,10,4,1.0,0.69,0.0,1.0,1.0,1.0,1.0,0.0,1.0,0.0,1.0,0.0,0.0,0.0,0.0,0.0,0.3,0.5296296296296297,0.0,0.3,0.0,0.0,0.0,0.0
G2.3.2,10,25,0,0.8,0.645,0.12,0.875,0.875,0.75,0.995,0.024494897427831785,0.995,0.024494897427831785,0.99,0.03391164991562634,0.0,0.0,0.0,0.0,0.3,0.4488888888888889,0.0,0.52,0.0,0.0,0.0,0.0
G2.3.2,10,25,1,1.0,0.6839999999999999,0.0,1.0,1.0,1.0,1.0,0.0,1.0,0.0,1.0,0.0,0.0,0.0,0.0,0.0,0.4,0.5388888888888888,0.0,0.33,0.0,0.0,0.0,0.0
G2.3.2,10,25,2,0.8,0.67,0.0,1.0,1.0,1.0,1.0,0.0,1.0,0.0,1.0,0.0,0.0,0.0,0.0,0.0,0.2,0.49111111111111105,0.0,0.54,0.0,0.0,0.0,0.0
G2.3.2,10,25,3,0.8,0.7150000000000001,0.0,1.0,1.0,1.0,1.0,0.0,1.0,0.0,1.0,0.0,0.0,0.0,0.0,0.0,0.3,0.42518518518518517,0.0,0.4666666666666666,0.0,0.0,0.0,0.0
G2.3.2,10,25,4,1.0,0.728,0.037037037037037035,1.0,0.9,0.9,1.0,0.0,0.9962962962962962,0.01888525745775105,0.9962962962962962,0.01888525745775105,0.0,0.0,0.0,0.0,0.5,0.4648888888888889,0.0,0.36000000000000004,0.0,0.0,0.0,0.0
G2.3.2,10,50,0,1.0,0.6500000000000001,0.0,1.0,1.0,1.0,1.0,0.0,1.0,0.0,1.0,0.0,0.0,0.0,0.0,0.0,0.4,0.4255555555555557,0.0,0.48,0.0,0.0,0.0,0.0
G2.3.2,10,50,1,1.0,0.7000000000000003,0.0,1.0,1.0,1.0,1.0,0.0,1.0,0.0,1.0,0.0,0.0,0.0,0.0,0.0,0.2,0.4900000000000001,0.0,0.54,0.0,0.0,0.0,0.0
G2.3.2,10,50,2,1.0,0.6800000000000004,0.043478260869565216,0.9,1.0,0.9,0.9956521739130434,0.0203931119992323,1.0,0.0,0.9956521739130434,0.0203931119992323,0.0,0.0,0.0,0.0,0.3,0.4407407407407408,0.0,0.4666666666666666,0.0,0.0,0.0,0.0
G2.3.2,10,50,3,1.0,0.6720000000000004,0.058823529411764705,0.9,1.0,0.9,0.9941176470588234,0.023529411764705875,1.0,0.0,0.9941176470588234,0.023529411764705875,0.0,0.0,0.0,0.0,0.4,0.4550000000000001,0.0,0.46499999999999997,0.0,0.0,0.0,0.0
G2.3.2,10,50,4,0.9,0.6622222222222225,0.047619047619047616,1.0,0.8888888888888888,0.8888888888888888,1.0,0.0,0.9947089947089948,0.02366209499999778,0.9947089947089948,0.02366209499999778,0.0,0.0,0.0,0.0,0.6,0.501851851851852,0.0,0.4033333333333333,0.0,0.0,0.0,0.0
G2.3.2,10,100,0,1.0,0.7120000000000004,0.0,1.0,1.0,1.0,1.0,0.0,1.0,0.0,1.0,0.0,0.0,0.0,0.0,0.0,0.2,0.4888888888888891,0.0,0.46,0.0,0.0,0.0,0.0
G2.3.2,10,100,1,1.0,0.6890000000000004,0.0,1.0,1.0,1.0,1.0,0.0,1.0,0.0,1.0,0.0,0.0,0.0,0.0,0.0,0.0,0.0,0.0,0.0,0.0,0.0,0.0,0.0
G2.3.2,10,100,2,0.9,0.6900000000000004,0.037037037037037035,0.8888888888888888,1.0,0.8888888888888888,0.9958847736625515,0.02098361939750118,1.0,0.0,0.9958847736625515,0.02098361939750118,0.0,0.0,0.0,0.0,0.2,0.4683333333333335,0.0,0.43,0.0,0.0,0.0,0.0
G2.3.2,10,100,3,1.0,0.6920000000000004,0.0,1.0,1.0,1.0,1.0,0.0,1.0,0.0,1.0,0.0,0.0,0.0,0.0,0.0,0.4,0.475277777777778,0.0,0.405,0.0,0.0,0.0,0.0
G2.3.2,10,100,4,1.0,0.6980000000000005,0.0,1.0,1.0,1.0,1.0,0.0,1.0,0.0,1.0,0.0,0.0,0.0,0.0,0.0,0.3,0.4851851851851854,0.0,0.4466666666666667,0.0,0.0,0.0,0.0
G2.3.2,25,10,0,0.84,0.7285714285714284,0.0,1.0,1.0,1.0,1.0,0.0,1.0,0.0,1.0,0.0,0.0,0.0,0.0,0.0,0.4,0.4716666666666667,0.0,0.26999999999999996,0.0,0.0,0.0,0.0
G2.3.2,25,10,1,0.96,0.775,0.0,1.0,1.0,1.0,1.0,0.0,1.0,0.0,1.0,0.0,0.0,0.0,0.0,0.0,0.24,0.5229166666666667,0.0,0.31666666666666665,0.0,0.0,0.0,0.0
G2.3.2,25,10,2,0.96,0.7875,0.0,1.0,1.0,1.0,1.0,0.0,1.0,0.0,1.0,0.0,0.0,0.0,0.0,0.0,0.36,0.5240740740740741,0.0,0.2777777777777778,0.0,0.0,0.0,0.0
G2.3.2,25,10,3,0.88,0.7363636363636364,0.0,1.0,1.0,1.0,1.0,0.0,1.0,0.0,1.0,0.0,0.0,0.0,0.0,0.0,0.24,0.4611111111111111,0.0,0.2833333333333334,0.0,0.0,0.0,0.0
G2.3.2,25,10,4,0.92,0.6956521739130435,0.0,1.0,1.0,1.0,1.0,0.0,1.0,0.0,1.0,0.0,0.0,0.0,0.0,0.0,0.28,0.4785714285714286,0.0,0.2714285714285714,0.0,0.0,0.0,0.0
G2.3.2,25,25,0,0.96,0.695,0.0,1.0,1.0,1.0,1.0,0.0,1.0,0.0,1.0,0.0,0.0,0.0,0.0,0.0,0.36,0.5046296296296295,0.0,0.3422222222222222,0.0,0.0,0.0,0.0
G2.3.2,25,25,1,0.88,0.710909090909091,0.0,1.0,1.0,1.0,1.0,0.0,1.0,0.0,1.0,0.0,0.0,0.0,0.0,0.0,0.24,0.44861111111111107,0.0,0.3399999999999999,0.0,0.0,0.0,0.0
G2.3.2,25,25,2,0.92,0.7200000000000003,0.0,1.0,1.0,1.0,1.0,0.0,1.0,0.0,1.0,0.0,0.0,0.0,0.0,0.0,0.44,0.46666666666666673,0.0,0.31272727272727274,0.0,0.0,0.0,0.0
G2.3.2,25,25,3,0.88,0.7363636363636364,0.0,1.0,1.0,1.0,1.0,0.0,1.0,0.0,1.0,0.0,0.0,0.0,0.0,0.0,0.28,0.4873809523809523,0.0,0.3257142857142857,0.0,0.0,0.0,0.0
G2.3.2,25,25,4,0.96,0.7333333333333334,0.0,1.0,1.0,1.0,1.0,0.0,1.0,0.0,1.0,0.0,0.0,0.0,0.0,0.0,0.24,0.5019444444444444,0.0,0.32,0.0,0.0,0.0,0.0
G2.3.2,25,50,0,0.96,0.7008333333333336,0.0,1.0,1.0,1.0,1.0,0.0,1.0,0.0,1.0,0.0,0.0,0.0,0.0,0.0,0.24,0.46263888888888904,0.0,0.39333333333333337,0.0,0.0,0.0,0.0
G2.3.2,25,50,1,0.92,0.6800000000000004,0.0,1.0,1.0,1.0,1.0,0.0,1.0,0.0,1.0,0.0,0.0,0.0,0.0,0.0,0.4,0.4639166666666668,0.0,0.33199999999999996,0.0,0.0,0.0,0.0
G2.3.2,25,50,2,1.0,0.6904000000000003,0.0,1.0,1.0,1.0,1.0,0.0,1.0,0.0,1.0,0.0,0.0,0.0,0.0,0.0,0.44,0.48280303030303046,0.0,0.34909090909090906,0.0,0.0,0.0,0.0
G2.3.2,25,50,3,0.96,0.6883333333333336,0.0,1.0,1.0,1.0,1.0,0.0,1.0,0.0,1.0,0.0,0.0,0.0,0.0,0.0,0.28,0.47797619047619067,0.0,0.3628571428571428,0.0,0.0,0.0,0.0
G2.3.2,25,50,4,1.0,0.6992000000000003,0.0,1.0,1.0,1.0,1.0,0.0,1.0,0.0,1.0,0.0,0.0,0.0,0.0,0.0,0.48,0.4683333333333335,0.0,0.32499999999999996,0.0,0.0,0.0,0.0
G2.3.2,25,100,0,0.96,0.6875000000000004,0.0,1.0,1.0,1.0,1.0,0.0,1.0,0.0,1.0,0.0,0.0,0.0,0.0,0.0,0.16,0.4854166666666669,0.0,0.4375,0.0,0.0,0.0,0.0
G2.3.2,25,100,1,1.0,0.6836000000000003,0.0,1.0,1.0,1.0,1.0,0.0,1.0,0.0,1.0,0.0,0.0,0.0,0.0,0.0,0.32,0.4733854166666669,0.0,0.3225,0.0,0.0,0.0,0.0
G2.3.2,25,100,2,0.92,0.7000000000000005,0.0,1.0,1.0,1.0,1.0,0.0,1.0,0.0,1.0,0.0,0.0,0.0,0.0,0.0,0.2,0.49133333333333357,0.0,0.37200000000000005,0.0,0.0,0.0,0.0
G2.3.2,25,100,3,1.0,0.6988000000000005,0.0,1.0,1.0,1.0,1.0,0.0,1.0,0.0,1.0,0.0,0.0,0.0,0.0,0.0,0.28,0.48452380952380986,0.0,0.3585714285714286,0.0,0.0,0.0,0.0
G2.3.2,25,100,4,1.0,0.7140000000000003,0.0,1.0,1.0,1.0,1.0,0.0,1.0,0.0,1.0,0.0,0.0,0.0,0.0,0.0,0.32,0.46682291666666687,0.0,0.3275,0.0,0.0,0.0,0.0
G2.3.2,50,10,0,0.92,0.7239130434782608,0.0,1.0,1.0,1.0,1.0,0.0,1.0,0.0,1.0,0.0,0.0,0.0,0.0,0.0,0.26,0.47551020408163264,0.0,0.2923076923076923,0.0,0.0,0.0,0.0
G2.3.2,50,10,1,0.9,0.7333333333333333,0.0,1.0,1.0,1.0,1.0,0.0,1.0,0.0,1.0,0.0,0.0,0.0,0.0,0.0,0.28,0.4755102040816327,0.0,0.2571428571428572,0.0,0.0,0.0,0.0
G2.3.2,50,10,2,0.84,0.7285714285714284,0.0,1.0,1.0,1.0,1.0,0.0,1.0,0.0,1.0,0.0,0.0,0.0,0.0,0.0,0.16,0.5341836734693878,0.0,0.38749999999999996,0.0,0.0,0.0,0.0
G2.3.2,50,10,3,0.84,0.7285714285714286,0.0,1.0,1.0,1.0,1.0,0.0,1.0,0.0,1.0,0.0,0.0,0.0,0.0,0.0,0.24,0.4763605442176871,0.0,0.31666666666666665,0.0,0.0,0.0,0.0
G2.3.2,50,10,4,0.9,0.7355555555555556,0.0,1.0,1.0,1.0,1.0,0.0,1.0,0.0,1.0,0.0,0.0,0.0,0.0,0.0,0.3,0.501360544217687,0.0,0.24000000000000002,0.0,0.0,0.0,0.0
G2.3.2,50,25,0,0.92,0.7156521739130435,0.0,1.0,1.0,1.0,1.0,0.0,1.0,0.0,1.0,0.0,0.0,0.0,0.0,0.0,0.28,0.46309037900874633,0.0,0.3,0.0,0.0,0.0,0.0
G2.3.2,50,25,1,0.9,0.7200000000000001,0.0,1.0,1.0,1.0,1.0,0.0,1.0,0.0,1.0,0.0,0.0,0.0,0.0,0.0,0.16,0.47122448979591836,0.0,0.31,0.0,0.0,0.0,0.0
G2.3.2,50,25,2,0.92,0.7173913043478263,0.0,1.0,1.0,1.0,1.0,0.0,1.0,0.0,1.0,0.0,0.0,0.0,0.0,0.0,0.26,0.5221350078492936,0.0,0.2553846153846155,0.0,0.0,0.0,0.0
G2.3.2,50,25,3,0.96,0.7116666666666668,0.0,1.0,1.0,1.0,1.0,0.0,1.0,0.0,1.0,0.0,0.0,0.0,0.0,0.0,0.32,0.47061224489795916,0.0,0.3075,0.0,0.0,0.0,0.0
G2.3.2,50,25,4,0.9,0.704888888888889,0.0,1.0,1.0,1.0,1.0,0.0,1.0,0.0,1.0,0.0,0.0,0.0,0.0,0.0,0.16,0.4973469387755102,0.0,0.37,0.0,0.0,0.0,0.0
G2.3.2,50,50,0,0.96,0.706666666666667,0.0,1.0,1.0,1.0,1.0,0.0,1.0,0.0,1.0,0.0,0.0,0.0,0.0,0.0,0.3,0.45717006802721105,0.0,0.30800000000000005,0.0,0.0,0.0,0.0
G2.3.2,50,50,1,0.98,0.6946938775510206,0.0,1.0,1.0,1.0,1.0,0.0,1.0,0.0,1.0,0.0,0.0,0.0,0.0,0.0,0.38,0.4650053705692804,0.0,0.3147368421052632,0.0,0.0,0.0,0.0
G2.3.2,50,50,2,0.96,0.700416666666667,0.0,1.0,1.0,1.0,1.0,0.0,1.0,0.0,1.0,0.0,0.0,0.0,0.0,0.0,0.3,0.4724897959183675,0.0,0.3066666666666667,0.0,0.0,0.0,0.0
G2.3.2,50,50,3,0.96,0.6995833333333336,0.0,1.0,1.0,1.0,1.0,0.0,1.0,0.0,1.0,0.0,0.0,0.0,0.0,0.0,0.32,0.4746173469387756,0.0,0.305,0.0,0.0,0.0,0.0
G2.3.2,50,50,4,0.98,0.7069387755102043,0.0,1.0,1.0,1.0,1.0,0.0,1.0,0.0,1.0,0.0,0.0,0.0,0.0,0.0,0.34,0.46117647058823535,0.0,0.2952941176470589,0.0,0.0,0.0,0.0
G2.3.2,50,100,0,1.0,0.6876000000000004,0.0,1.0,1.0,1.0,1.0,0.0,1.0,0.0,1.0,0.0,0.0,0.0,0.0,0.0,0.36,0.4767233560090705,0.0,0.31277777777777777,0.0,0.0,0.0,0.0
G2.3.2,50,100,1,1.0,0.7066000000000002,0.0,1.0,1.0,1.0,1.0,0.0,1.0,0.0,1.0,0.0,0.0,0.0,0.0,0.0,0.32,0.46642857142857164,0.0,0.313125,0.0,0.0,0.0,0.0
G2.3.2,50,100,2,0.98,0.6932653061224493,0.0,1.0,1.0,1.0,1.0,0.0,1.0,0.0,1.0,0.0,0.0,0.0,0.0,0.0,0.28,0.46338192419825097,0.0,0.29999999999999993,0.0,0.0,0.0,0.0
G2.3.2,50,100,3,1.0,0.6954000000000004,0.0,1.0,1.0,1.0,1.0,0.0,1.0,0.0,1.0,0.0,0.0,0.0,0.0,0.0,0.4,0.4660102040816329,0.0,0.31550000000000006,0.0,0.0,0.0,0.0
G2.3.2,50,100,4,0.96,0.6922916666666671,0.0,1.0,1.0,1.0,1.0,0.0,1.0,0.0,1.0,0.0,0.0,0.0,0.0,0.0,0.36,0.4653628117913834,0.0,0.3038888888888888,0.0,0.0,0.0,0.0
G2.3.2,100,10,0,0.95,0.7526315789473684,0.0,1.0,1.0,1.0,1.0,0.0,1.0,0.0,1.0,0.0,0.0,0.0,0.0,0.0,0.19,0.4930887825624667,0.0,0.2526315789473685,0.0,0.0,0.0,0.0
G2.3.2,100,10,1,0.85,0.7305882352941175,0.0,1.0,1.0,1.0,1.0,0.0,1.0,0.0,1.0,0.0,0.0,0.0,0.0,0.0,0.17,0.5249554367201427,0.0,0.3411764705882353,0.0,0.0,0.0,0.0
G2.3.2,100,10,2,0.91,0.7626373626373626,0.0,1.0,1.0,1.0,1.0,0.0,1.0,0.0,1.0,0.0,0.0,0.0,0.0,0.0,0.14,0.5165223665223665,0.0,0.2285714285714286,0.0,0.0,0.0,0.0
G2.3.2,100,10,3,0.9,0.7333333333333332,0.0,1.0,1.0,1.0,1.0,0.0,1.0,0.0,1.0,0.0,0.0,0.0,0.0,0.0,0.17,0.4629827688651218,0.0,0.3176470588235294,0.0,0.0,0.0,0.0
G2.3.2,100,10,4,0.84,0.7071428571428573,0.0,1.0,1.0,1.0,1.0,0.0,1.0,0.0,1.0,0.0,0.0,0.0,0.0,0.0,0.2,0.5115151515151516,0.0,0.31999999999999995,0.0,0.0,0.0,0.0
G2.3.2,100,25,0,0.92,0.7004347826086956,0.0,1.0,1.0,1.0,1.0,0.0,1.0,0.0,1.0,0.0,0.0,0.0,0.0,0.0,0.23,0.473254281949934,0.0,0.3217391304347827,0.0,0.0,0.0,0.0
G2.3.2,100,25,1,0.96,0.7133333333333334,0.0,1.0,1.0,1.0,1.0,0.0,1.0,0.0,1.0,0.0,0.0,0.0,0.0,0.0,0.22,0.4625895316804407,0.0,0.3036363636363637,0.0,0.0,0.0,0.0
G2.3.2,100,25,2,0.94,0.7178723404255316,0.0,1.0,1.0,1.0,1.0,0.0,1.0,0.0,1.0,0.0,0.0,0.0,0.0,0.0,0.16,0.45863636363636356,0.0,0.27,0.0,0.0,0.0,0.0
G2.3.2,100,25,3,0.9,0.6955555555555554,0.0,1.0,1.0,1.0,1.0,0.0,1.0,0.0,1.0,0.0,0.0,0.0,0.0,0.0,0.25,0.48753131313131304,0.0,0.31200000000000006,0.0,0.0,0.0,0.0
G2.3.2,100,25,4,0.94,0.7208510638297873,0.0,1.0,1.0,1.0,1.0,0.0,1.0,0.0,1.0,0.0,0.0,0.0,0.0,0.0,0.21,0.4731120731120731,0.0,0.300952380952381,0.0,0.0,0.0,0.0
G2.3.2,100,50,0,0.93,0.6993548387096776,0.0,1.0,1.0,1.0,1.0,0.0,1.0,0.0,1.0,0.0,0.0,0.0,0.0,0.0,0.19,0.45837320574162677,0.0,0.2905263157894737,0.0,0.0,0.0,0.0
G2.3.2,100,50,1,0.95,0.710526315789474,0.0,1.0,1.0,1.0,1.0,0.0,1.0,0.0,1.0,0.0,0.0,0.0,0.0,0.0,0.3,0.47647811447811456,0.0,0.3086666666666666,0.0,0.0,0.0,0.0
G2.3.2,100,50,2,0.99,0.7012121212121216,0.0,1.0,1.0,1.0,1.0,0.0,1.0,0.0,1.0,0.0,0.0,0.0,0.0,0.0,0.32,0.4599936868686869,0.0,0.29312499999999997,0.0,0.0,0.0,0.0
G2.3.2,100,50,3,0.97,0.6995876288659797,0.0,1.0,1.0,1.0,1.0,0.0,1.0,0.0,1.0,0.0,0.0,0.0,0.0,0.0,0.3,0.47673400673400673,0.0,0.3106666666666666,0.0,0.0,0.0,0.0
G2.3.2,100,50,4,0.98,0.7044897959183677,0.0,1.0,1.0,1.0,1.0,0.0,1.0,0.0,1.0,0.0,0.0,0.0,0.0,0.0,0.33,0.47270890725436193,0.0,0.2896969696969697,0.0,0.0,0.0,0.0
G2.3.2,100,100,0,0.95,0.6982105263157901,0.0,1.0,1.0,1.0,1.0,0.0,1.0,0.0,1.0,0.0,0.0,0.0,0.0,0.0,0.36,0.4668883277216612,0.0,0.3022222222222223,0.0,0.0,0.0,0.0
G2.3.2,100,100,1,0.99,0.7047474747474751,0.0,1.0,1.0,1.0,1.0,0.0,1.0,0.0,1.0,0.0,0.0,0.0,0.0,0.0,0.36,0.4629854096520766,0.0,0.2955555555555555,0.0,0.0,0.0,0.0
G2.3.2,100,100,2,0.97,0.6948453608247428,0.0,1.0,1.0,1.0,1.0,0.0,1.0,0.0,1.0,0.0,0.0,0.0,0.0,0.0,0.35,0.46775180375180403,0.0,0.29914285714285715,0.0,0.0,0.0,0.0
G2.3.2,100,100,3,0.98,0.6931632653061228,0.0,1.0,1.0,1.0,1.0,0.0,1.0,0.0,1.0,0.0,0.0,0.0,0.0,0.0,0.36,0.4686840628507297,0.0,0.31527777777777777,0.0,0.0,0.0,0.0
G2.3.2,100,100,4,0.98,0.698775510204082,0.0,1.0,1.0,1.0,1.0,0.0,1.0,0.0,1.0,0.0,0.0,0.0,0.0,0.0,0.35,0.459795093795094,0.0,0.302,0.0,0.0,0.0,0.0
G2.3.3,10,10,0,0.9,0.6777777777777777,0.028985507246376812,0.6666666666666666,1.0,0.6666666666666667,0.9947089947089947,0.03136028191939631,1.0,0.0,0.9947089947089947,0.031360281919396306,0.0,0.0,0.0,0.0,0.2,0.38333333333333336,0.0,0.4,0.0,0.0,0.0,0.0
G2.3.3,10,10,1,1.0,0.7299999999999999,0.02564102564102564,0.8,1.0,0.8,0.9972934472934474,0.016708011153560267,1.0,0.0,0.9972934472934474,0.016708011153560267,0.0,0.0,0.0,0.0,0.2,0.45000000000000007,0.0,0.25,0.0,0.0,0.0,0.0
G2.3.3,10,10,2,0.9,0.6777777777777777,0.0,1.0,1.0,1.0,1.0,0.0,1.0,0.0,1.0,0.0,0.0,0.0,0.0,0.0,0.4,0.47777777777777786,0.0,0.25,0.0,0.0,0.0,0.0
G2.3.3,10,10,3,1.0,0.72,0.013333333333333334,0.8,0.9,0.7,0.9973333333333333,0.022939534045446998,0.9986666666666667,0.011469767022723499,0.996,0.034409301068170514,0.0,0.0,0.0,0.0,0.2,0.4833333333333334,0.0,0.35,0.0,0.0,0.0,0.0
G2.3.3,10,10,4,1.0,0.72,0.0,1.0,1.0,1.0,1.0,0.0,1.0,0.0,1.0,0.0,0.0,0.0,0.0,0.0,0.4,0.525,0.0,0.44999999999999996,0.0,0.0,0.0,0.0
G2.3.3,10,25,0,1.0,0.704,0.0,1.0,1.0,1.0,1.0,0.0,1.0,0.0,1.0,0.0,0.0,0.0,0.0,0.0,0.2,0.4222222222222222,0.0,0.42000000000000004,0.0,0.0,0.0,0.0
G2.3.3,10,25,1,1.0,0.692,0.014285714285714285,0.9,1.0,0.9,0.9985714285714287,0.011866605518454391,1.0,0.0,0.9985714285714287,0.011866605518454391,0.0,0.0,0.0,0.0,0.4,0.5422222222222222,0.0,0.29,0.0,0.0,0.0,0.0
G2.3.3,10,25,2,1.0,0.6439999999999999,0.0125,1.0,0.9,0.9,1.0,0.0,0.99875,0.011110243021644484,0.99875,0.011110243021644484,0.0,0.0,0.0,0.0,0.4,0.4344444444444444,0.0,0.41000000000000003,0.0,0.0,0.0,0.0
G2.3.3,10,25,3,0.9,0.6622222222222223,0.013513513513513514,1.0,0.8888888888888888,0.8888888888888888,1.0,0.0,0.9984984984984985,0.012828834452428732,0.9984984984984985,0.012828834452428732,0.0,0.0,0.0,0.0,0.3,0.46074074074074073,0.0,0.48,0.0,0.0,0.0,0.0
G2.3.3,10,25,4,1.0,0.6759999999999999,0.0125,1.0,0.9,0.9,1.0,0.0,0.99875,0.011110243021644484,0.99875,0.011110243021644484,0.0,0.0,0.0,0.0,0.3,0.4666666666666666,0.0,0.4266666666666667,0.0,0.0,0.0,0.0
G2.3.3,10,50,0,0.9,0.686666666666667,0.0,1.0,1.0,1.0,1.0,0.0,1.0,0.0,1.0,0.0,0.0,0.0,0.0,0.0,0.5,0.46622222222222226,0.0,0.36,0.0,0.0,0.0,0.0
G2.3.3,10,50,1,0.9,0.6733333333333337,0.0,1.0,1.0,1.0,1.0,0.0,1.0,0.0,1.0,0.0,0.0,0.0,0.0,0.0,0.3,0.4533333333333334,0.0,0.47333333333333333,0.0,0.0,0.0,0.0
G2.3.3,10,50,2,0.9,0.697777777777778,0.0,1.0,1.0,1.0,1.0,0.0,1.0,0.0,1.0,0.0,0.0,0.0,0.0,0.0,0.4,0.4916666666666668,0.0,0.35000000000000003,0.0,0.0,0.0,0.0
G2.3.3,10,50,3,0.9,0.7022222222222225,0.012987012987012988,0.7777777777777778,1.0,0.7777777777777778,0.9971139971139971,0.02515958986170662,1.0,0.0,0.9971139971139971,0.02515958986170662,0.0,0.0,0.0,0.0,0.0,0.0,0.0,0.0,0.0,0.0,0.0,0.0
G2.3.3,10,50,4,1.0,0.6940000000000003,0.012987012987012988,1.0,0.9,0.9,1.0,0.0,0.9987012987012988,0.01132181543776798,0.9987012987012988,0.01132181543776798,0.0,0.0,0.0,0.0,0.7,0.4993650793650794,0.0,0.3542857142857142,0.0,0.0,0.0,0.0
G2.3.3,10,100,0,0.9,0.6733333333333337,0.0,1.0,1.0,1.0,1.0,0.0,1.0,0.0,1.0,0.0,0.0,0.0,0.0,0.0,0.5,0.48355555555555585,0.0,0.34800000000000003,0.0,0.0,0.0,0.0
G2.3.3,10,100,1,1.0,0.6920000000000004,0.0,1.0,1.0,1.0,1.0,0.0,1.0,0.0,1.0,0.0,0.0,0.0,0.0,0.0,0.2,0.47222222222222243,0.0,0.525,0.0,0.0,0.0,0.0
G2.3.3,10,100,2,1.0,0.6830000000000004,0.0,1.0,1.0,1.0,1.0,0.0,1.0,0.0,1.0,0.0,0.0,0.0,0.0,0.0,0.4,0.47861111111111143,0.0,0.405,0.0,0.0,0.0,0.0
G2.3.3,10,100,3,1.0,0.6650000000000003,0.0,1.0,1.0,1.0,1.0,0.0,1.0,0.0,1.0,0.0,0.0,0.0,0.0,0.0,0.4,0.47750000000000026,0.0,0.45,0.0,0.0,0.0,0.0
G2.3.3,10,100,4,1.0,0.6810000000000003,0.0,1.0,1.0,1.0,1.0,0.0,1.0,0.0,1.0,0.0,0.0,0.0,0.0,0.0,0.3,0.4733333333333336,0.0,0.4466666666666666,0.0,0.0,0.0,0.0
G2.3.3,25,10,0,0.92,0.708695652173913,0.0,1.0,1.0,1.0,1.0,0.0,1.0,0.0,1.0,0.0,0.0,0.0,0.0,0.0,0.2,0.44666666666666666,0.0,0.3,0.0,0.0,0.0,0.0
G2.3.3,25,10,1,1.0,0.7440000000000001,0.0,1.0,1.0,1.0,1.0,0.0,1.0,0.0,1.0,0.0,0.0,0.0,0.0,0.0,0.24,0.5104166666666666,0.0,0.2333333333333333,0.0,0.0,0.0,0.0
G2.3.3,25,10,2,0.88,0.7045454545454545,0.0,1.0,1.0,1.0,1.0,0.0,1.0,0.0,1.0,0.0,0.0,0.0,0.0,0.0,0.28,0.5196428571428572,0.14285714285714285,0.2857142857142857,0.0,0.0,0.0,0.0
G2.3.3,25,10,3,0.8,0.6799999999999999,0.0,1.0,1.0,1.0,1.0,0.0,1.0,0.0,1.0,0.0,0.0,0.0,0.0,0.0,0.24,0.5347222222222222,0.0,0.25000000000000006,0.0,0.0,0.0,0.0
G2.3.3,25,10,4,0.84,0.7047619047619048,0.0,1.0,1.0,1.0,1.0,0.0,1.0,0.0,1.0,0.0,0.0,0.0,0.0,0.0,0.2,0.44749999999999995,0.0,0.33999999999999997,0.0,0.0,0.0,0.0
G2.3.3,25,25,0,0.92,0.7252173913043479,0.0,1.0,1.0,1.0,1.0,0.0,1.0,0.0,1.0,0.0,0.0,0.0,0.0,0.0,0.28,0.46642857142857136,0.0,0.3085714285714286,0.0,0.0,0.0,0.0
G2.3.3,25,25,1,0.84,0.7161904761904764,0.0,1.0,1.0,1.0,1.0,0.0,1.0,0.0,1.0,0.0,0.0,0.0,0.0,0.0,0.28,0.48880952380952375,0.0,0.3028571428571429,0.0,0.0,0.0,0.0
G2.3.3,25,25,2,0.96,0.6683333333333333,0.0,1.0,1.0,1.0,1.0,0.0,1.0,0.0,1.0,0.0,0.0,0.0,0.0,0.0,0.32,0.4972916666666666,0.0,0.43000000000000005,0.0,0.0,0.0,0.0
G2.3.3,25,25,3,0.96,0.7033333333333333,0.0,1.0,1.0,1.0,1.0,0.0,1.0,0.0,1.0,0.0,0.0,0.0,0.0,0.0,0.28,0.45952380952380956,0.0,0.3657142857142857,0.0,0.0,0.0,0.0
G2.3.3,25,25,4,0.92,0.742608695652174,0.0,1.0,1.0,1.0,1.0,0.0,1.0,0.0,1.0,0.0,0.0,0.0,0.0,0.0,0.32,0.48020833333333324,0.0,0.255,0.0,0.0,0.0,0.0
G2.3.3,25,50,0,0.96,0.6825000000000004,0.0,1.0,1.0,1.0,1.0,0.0,1.0,0.0,1.0,0.0,0.0,0.0,0.0,0.0,0.32,0.4615625000000001,0.0,0.3875,0.0,0.0,0.0,0.0
G2.3.3,25,50,1,1.0,0.7144000000000004,0.0,1.0,1.0,1.0,1.0,0.0,1.0,0.0,1.0,0.0,0.0,0.0,0.0,0.0,0.48,0.473402777777778,0.0,0.28666666666666674,0.0,0.0,0.0,0.0
G2.3.3,25,50,2,1.0,0.7152000000000004,0.0,1.0,1.0,1.0,1.0,0.0,1.0,0.0,1.0,0.0,0.0,0.0,0.0,0.0,0.36,0.46805555555555567,0.0,0.3244444444444444,0.0,0.0,0.0,0.0
G2.3.3,25,50,3,0.96,0.7100000000000003,0.0,1.0,1.0,1.0,1.0,0.0,1.0,0.0,1.0,0.0,0.0,0.0,0.0,0.0,0.16,0.4606250000000001,0.0,0.41,0.0,0.0,0.0,0.0
G2.3.3,25,50,4,0.92,0.6913043478260874,0.0,1.0,1.0,1.0,1.0,0.0,1.0,0.0,1.0,0.0,0.0,0.0,0.0,0.0,0.28,0.4639285714285716,0.0,0.3857142857142857,0.0,0.0,0.0,0.0
G2.3.3,25,100,0,0.92,0.6939130434782613,0.0,1.0,1.0,1.0,1.0,0.0,1.0,0.0,1.0,0.0,0.0,0.0,0.0,0.0,0.24,0.47465277777777803,0.0,0.37166666666666665,0.0,0.0,0.0,0.0
G2.3.3,25,100,1,1.0,0.6980000000000004,0.0,1.0,1.0,1.0,1.0,0.0,1.0,0.0,1.0,0.0,0.0,0.0,0.0,0.0,0.28,0.4658928571428574,0.0,0.33714285714285713,0.0,0.0,0.0,0.0
G2.3.3,25,100,2,1.0,0.6832000000000003,0.0,1.0,1.0,1.0,1.0,0.0,1.0,0.0,1.0,0.0,0.0,0.0,0.0,0.0,0.32,0.45791666666666686,0.0,0.345,0.0,0.0,0.0,0.0
G2.3.3,25,100,3,0.96,0.7095833333333337,0.0,1.0,1.0,1.0,1.0,0.0,1.0,0.0,1.0,0.0,0.0,0.0,0.0,0.0,0.24,0.46409722222222244,0.0,0.3416666666666666,0.0,0.0,0.0,0.0
G2.3.3,25,100,4,1.0,0.6964000000000005,0.0,1.0,1.0,1.0,1.0,0.0,1.0,0.0,1.0,0.0,0.0,0.0,0.0,0.0,0.36,0.4549537037037039,0.0,0.3611111111111111,0.0,0.0,0.0,0.0
G2.3.3,50,10,0,0.88,0.6886363636363636,0.0,1.0,1.0,1.0,1.0,0.0,1.0,0.0,1.0,0.0,0.0,0.0,0.0,0.0,0.2,0.4699999999999999,0.0,0.4,0.0,0.0,0.0,0.0
G2.3.3,50,10,1,0.9,0.7488888888888888,0.0,1.0,1.0,1.0,1.0,0.0,1.0,0.0,1.0,0.0,0.0,0.0,0.0,0.0,0.2,0.4940816326530612,0.0,0.27,0.0,0.0,0.0,0.0
G2.3.3,50,10,2,0.92,0.6978260869565218,0.0,1.0,1.0,1.0,1.0,0.0,1.0,0.0,1.0,0.0,0.0,0.0,0.0,0.0,0.22,0.4729128014842301,0.0,0.4,0.0,0.0,0.0,0.0
G2.3.3,50,10,3,0.94,0.7404255319148937,0.0,1.0,1.0,1.0,1.0,0.0,1.0,0.0,1.0,0.0,0.0,0.0,0.0,0.0,0.2,0.5271428571428571,0.0,0.30000000000000004,0.0,0.0,0.0,0.0
G2.3.3,50,10,4,0.86,0.7325581395348836,0.0,1.0,1.0,1.0,1.0,0.0,1.0,0.0,1.0,0.0,0.0,0.0,0.0,0.0,0.18,0.4931972789115646,0.0,0.2555555555555556,0.0,0.0,0.0,0.0
G2.3.3,50,25,0,0.98,0.7257142857142858,0.0,1.0,1.0,1.0,1.0,0.0,1.0,0.0,1.0,0.0,0.0,0.0,0.0,0.0,0.28,0.4630320699708454,0.0,0.2800000000000001,0.0,0.0,0.0,0.0
G2.3.3,50,25,1,0.84,0.720952380952381,0.0,1.0,1.0,1.0,1.0,0.0,1.0,0.0,1.0,0.0,0.0,0.0,0.0,0.0,0.18,0.4624943310657596,0.0,0.2666666666666667,0.0,0.0,0.0,0.0
G2.3.3,50,25,2,0.94,0.6995744680851066,0.0,1.0,1.0,1.0,1.0,0.0,1.0,0.0,1.0,0.0,0.0,0.0,0.0,0.0,0.28,0.476734693877551,0.0,0.29714285714285715,0.0,0.0,0.0,0.0
G2.3.3,50,25,3,0.98,0.702857142857143,0.0,1.0,1.0,1.0,1.0,0.0,1.0,0.0,1.0,0.0,0.0,0.0,0.0,0.0,0.24,0.4872108843537415,0.0,0.3066666666666667,0.0,0.0,0.0,0.0
G2.3.3,50,25,4,0.98,0.7020408163265306,0.0,1.0,1.0,1.0,1.0,0.0,1.0,0.0,1.0,0.0,0.0,0.0,0.0,0.0,0.24,0.45768707482993193,0.0,0.30000000000000004,0.0,0.0,0.0,0.0
G2.3.3,50,50,0,0.98,0.6918367346938779,0.0,1.0,1.0,1.0,1.0,0.0,1.0,0.0,1.0,0.0,0.0,0.0,0.0,0.0,0.32,0.4755357142857144,0.0,0.32875,0.0,0.0,0.0,0.0
G2.3.3,50,50,1,0.94,0.7080851063829791,0.0,1.0,1.0,1.0,1.0,0.0,1.0,0.0,1.0,0.0,0.0,0.0,0.0,0.0,0.32,0.4725510204081633,0.0,0.2775,0.0,0.0,0.0,0.0
G2.3.3,50,50,2,1.0,0.7108000000000003,0.0,1.0,1.0,1.0,1.0,0.0,1.0,0.0,1.0,0.0,0.0,0.0,0.0,0.0,0.3,0.47319727891156477,0.0,0.2906666666666667,0.0,0.0,0.0,0.0
G2.3.3,50,50,3,0.98,0.7036734693877553,0.0,1.0,1.0,1.0,1.0,0.0,1.0,0.0,1.0,0.0,0.0,0.0,0.0,0.0,0.34,0.45599039615846354,0.0,0.32117647058823534,0.0,0.0,0.0,0.0
G2.3.3,50,50,4,0.98,0.6832653061224492,0.0,1.0,1.0,1.0,1.0,0.0,1.0,0.0,1.0,0.0,0.0,0.0,0.0,0.0,0.32,0.4626530612244899,0.0,0.33749999999999997,0.0,0.0,0.0,0.0
G2.3.3,50,100,0,0.98,0.6938775510204086,0.0,1.0,1.0,1.0,1.0,0.0,1.0,0.0,1.0,0.0,0.0,0.0,0.0,0.0,0.34,0.47230492196878776,0.0,0.31176470588235294,0.0,0.0,0.0,0.0
G2.3.3,50,100,1,1.0,0.6946000000000003,0.0,1.0,1.0,1.0,1.0,0.0,1.0,0.0,1.0,0.0,0.0,0.0,0.0,0.0,0.34,0.4605162064825933,0.0,0.3111764705882353,0.0,0.0,0.0,0.0
G2.3.3,50,100,2,1.0,0.6988000000000004,0.0,1.0,1.0,1.0,1.0,0.0,1.0,0.0,1.0,0.0,0.0,0.0,0.0,0.0,0.32,0.47385204081632676,0.0,0.29500000000000004,0.0,0.0,0.0,0.0
G2.3.3,50,100,3,1.0,0.6920000000000005,0.0,1.0,1.0,1.0,1.0,0.0,1.0,0.0,1.0,0.0,0.0,0.0,0.0,0.0,0.36,0.47094104308390045,0.0,0.2927777777777778,0.0,0.0,0.0,0.0
G2.3.3,50,100,4,0.96,0.6975000000000003,0.0,1.0,1.0,1.0,1.0,0.0,1.0,0.0,1.0,0.0,0.0,0.0,0.0,0.0,0.3,0.4589115646258506,0.0,0.322,0.0,0.0,0.0,0.0
G2.3.3,100,10,0,0.87,0.7057471264367815,0.0,1.0,1.0,1.0,1.0,0.0,1.0,0.0,1.0,0.0,0.0,0.0,0.0,0.0,0.16,0.4644570707070707,0.0,0.30624999999999997,0.0,0.0,0.0,0.0
G2.3.3,100,10,1,0.92,0.7239130434782605,0.0,1.0,1.0,1.0,1.0,0.0,1.0,0.0,1.0,0.0,0.0,0.0,0.0,0.0,0.16,0.5135101010101011,0.0,0.25625,0.0,0.0,0.0,0.0
G2.3.3,100,10,2,0.94,0.7297872340425531,0.0,1.0,1.0,1.0,1.0,0.0,1.0,0.0,1.0,0.0,0.0,0.0,0.0,0.0,0.17,0.4863339275103981,0.0,0.28235294117647064,0.0,0.0,0.0,0.0
G2.3.3,100,10,3,0.94,0.7106382978723407,0.0,1.0,1.0,1.0,1.0,0.0,1.0,0.0,1.0,0.0,0.0,0.0,0.0,0.0,0.17,0.49512774806892446,0.0,0.32941176470588235,0.0,0.0,0.0,0.0
G2.3.3,100,10,4,0.92,0.7184782608695651,0.0,1.0,1.0,1.0,1.0,0.0,1.0,0.0,1.0,0.0,0.0,0.0,0.0,0.0,0.18,0.48945005611672276,0.0,0.2944444444444445,0.0,0.0,0.0,0.0
G2.3.3,100,25,0,0.92,0.6886956521739129,0.0,1.0,1.0,1.0,1.0,0.0,1.0,0.0,1.0,0.0,0.0,0.0,0.0,0.0,0.22,0.4770431588613406,0.0,0.3490909090909092,0.0,0.0,0.0,0.0
G2.3.3,100,25,1,0.95,0.704,0.0,1.0,1.0,1.0,1.0,0.0,1.0,0.0,1.0,0.0,0.0,0.0,0.0,0.0,0.23,0.5022573561703996,0.0,0.2782608695652175,0.0,0.0,0.0,0.0
G2.3.3,100,25,2,0.94,0.7144680851063828,0.0,1.0,1.0,1.0,1.0,0.0,1.0,0.0,1.0,0.0,0.0,0.0,0.0,0.0,0.3,0.4942356902356902,0.0,0.30400000000000005,0.0,0.0,0.0,0.0
G2.3.3,100,25,3,0.9,0.7128888888888887,0.0,1.0,1.0,1.0,1.0,0.0,1.0,0.0,1.0,0.0,0.0,0.0,0.0,0.0,0.28,0.4842568542568542,0.0,0.3057142857142857,0.0,0.0,0.0,0.0
G2.3.3,100,25,4,0.96,0.7024999999999998,0.0,1.0,1.0,1.0,1.0,0.0,1.0,0.0,1.0,0.0,0.0,0.0,0.0,0.0,0.18,0.4725476992143658,0.0,0.288888888888889,0.0,0.0,0.0,0.0
G2.3.3,100,50,0,0.96,0.700416666666667,0.0,1.0,1.0,1.0,1.0,0.0,1.0,0.0,1.0,0.0,0.0,0.0,0.0,0.0,0.33,0.4739883685338232,0.0,0.3006060606060606,0.0,0.0,0.0,0.0
G2.3.3,100,50,1,0.98,0.6965306122448983,0.0,1.0,1.0,1.0,1.0,0.0,1.0,0.0,1.0,0.0,0.0,0.0,0.0,0.0,0.33,0.46972757881848803,0.0,0.3,0.0,0.0,0.0,0.0
G2.3.3,100,50,2,0.97,0.7022680412371138,0.0,1.0,1.0,1.0,1.0,0.0,1.0,0.0,1.0,0.0,0.0,0.0,0.0,0.0,0.33,0.47091521273339465,0.0,0.3018181818181818,0.0,0.0,0.0,0.0
G2.3.3,100,50,3,0.99,0.6931313131313135,0.0,1.0,1.0,1.0,1.0,0.0,1.0,0.0,1.0,0.0,0.0,0.0,0.0,0.0,0.34,0.4735650623885919,0.0,0.3147058823529412,0.0,0.0,0.0,0.0
G2.3.3,100,50,4,0.93,0.7066666666666671,0.0,1.0,1.0,1.0,1.0,0.0,1.0,0.0,1.0,0.0,0.0,0.0,0.0,0.0,0.22,0.46663911845730033,0.0,0.29727272727272724,0.0,0.0,0.0,0.0
G2.3.3,100,100,0,0.98,0.70530612244898,0.0,1.0,1.0,1.0,1.0,0.0,1.0,0.0,1.0,0.0,0.0,0.0,0.0,0.0,0.24,0.4727146464646467,0.0,0.29458333333333336,0.0,0.0,0.0,0.0
G2.3.3,100,100,1,1.0,0.6963000000000004,0.0,1.0,1.0,1.0,1.0,0.0,1.0,0.0,1.0,0.0,0.0,0.0,0.0,0.0,0.44,0.4692470156106522,0.0,0.3054545454545454,0.0,0.0,0.0,0.0
G2.3.3,100,100,2,0.99,0.6928282828282833,0.0,1.0,1.0,1.0,1.0,0.0,1.0,0.0,1.0,0.0,0.0,0.0,0.0,0.0,0.33,0.4655310682583412,0.0,0.3096969696969697,0.0,0.0,0.0,0.0
G2.3.3,100,100,3,0.99,0.6970707070707074,0.0,1.0,1.0,1.0,1.0,0.0,1.0,0.0,1.0,0.0,0.0,0.0,0.0,0.0,0.37,0.4754927654927658,0.0,0.3021621621621622,0.0,0.0,0.0,0.0
G2.3.3,100,100,4,0.99,0.6871717171717177,0.0,1.0,1.0,1.0,1.0,0.0,1.0,0.0,1.0,0.0,0.0,0.0,0.0,0.0,0.32,0.47637626262626287,0.0,0.31875000000000003,0.0,0.0,0.0,0.0
G3.1.1,10,10,0,0.9,0.611111111111111,0.07407407407407407,0.8888888888888888,1.0,0.8888888888888888,0.9958847736625515,0.02098361939750118,1.0,0.0,0.9958847736625515,0.02098361939750118,0.0,0.0,0.0,0.0,0.7,0.6428571428571429,0.0,0.38571428571428573,0.0,0.0,0.0,0.0
G3.1.1,10,10,1,0.8,0.6375,0.0,1.0,1.0,1.0,1.0,0.0,1.0,0.0,1.0,0.0,0.0,0.0,0.0,0.0,0.5,0.6177777777777778,0.0,0.34,0.0,0.0,0.0,0.0
G3.1.1,10,10,2,0.8,0.6,0.22727272727272727,0.625,0.75,0.375,0.9802489177489178,0.050103812929268764,0.9818181818181819,0.05749595745760689,0.9620670995670996,0.07139997213760992,0.0,0.0,0.0,0.0,0.6,0.6462962962962961,0.0,0.3333333333333333,0.0,0.0,0.0,0.0
G3.1.1,10,10,3,0.8,0.625,0.045454545454545456,1.0,0.875,0.875,1.0,0.0,0.9943181818181818,0.026037361903158186,0.9943181818181818,0.026037361903158186,0.0,0.0,0.0,0.0,0.6,0.6296296296296295,0.0,0.36666666666666664,0.0,0.0,0.0,0.0
G3.1.1,10,10,4,0.8,0.7249999999999999,0.0,1.0,1.0,1.0,1.0,0.0,1.0,0.0,1.0,0.0,0.0,0.0,0.0,0.0,0.7,0.6746031746031745,0.14285714285714285,0.2857142857142857,0.0,0.0,0.0,0.0
G3.1.1,10,25,0,0.6,0.62,0.045454545454545456,1.0,0.8333333333333334,0.8333333333333334,1.0,0.0,0.9924242424242425,0.03471648253754424,0.9924242424242425,0.03471648253754424,0.0,0.0,0.0,0.0,0.5,0.6551111111111111,0.0,0.384,0.0,0.0,0.0,0.0
G3.1.1,10,25,1,0.5,0.592,0.08333333333333333,1.0,0.6,0.6,1.0,0.0,0.9833333333333334,0.05527707983925666,0.9833333333333334,0.05527707983925666,0.0,0.0,0.0,0.0,0.7,0.6412698412698413,0.42857142857142855,0.4628571428571428,0.0,0.0,0.0,0.0
G3.1.1,10,25,2,0.6,0.6333333333333334,0.05555555555555555,1.0,0.8333333333333334,0.8333333333333334,1.0,0.0,0.9953703703703705,0.02738925825509081,0.9953703703703705,0.02738925825509081,0.0,0.0,0.0,0.0,0.6,0.6407407407407407,0.16666666666666666,0.38000000000000006,0.0,0.0,0.0,0.0
G3.1.1,10,25,3,0.6,0.62,0.125,0.8333333333333334,0.8333333333333334,0.6666666666666667,0.9930555555555557,0.03330438557856054,0.9930555555555557,0.03330438557856054,0.9861111111111112,0.046064233199380536,0.0,0.0,0.0,0.0,0.6,0.642962962962963,0.0,0.38000000000000006,0.0,0.0,0.0,0.0
G3.1.1,10,25,4,0.7,0.6457142857142858,0.05555555555555555,1.0,0.8571428571428572,0.8571428571428572,1.0,0.0,0.9920634920634921,0.03272306052077507,0.9920634920634921,0.03272306052077507,0.0,0.0,0.0,0.0,0.6,0.6066666666666667,0.16666666666666666,0.38666666666666666,0.0,0.0,0.0,0.0
G3.1.1,10,50,0,0.7,0.6314285714285717,0.0,1.0,1.0,1.0,1.0,0.0,1.0,0.0,1.0,0.0,0.0,0.0,0.0,0.0,0.7,0.6368253968253972,0.0,0.35714285714285715,0.0,0.0,0.0,0.0
G3.1.1,10,50,1,1.0,0.6560000000000002,0.0,1.0,1.0,1.0,1.0,0.0,1.0,0.0,1.0,0.0,0.0,0.0,0.0,0.0,0.5,0.6351111111111114,0.0,0.312,0.0,0.0,0.0,0.0
G3.1.1,10,50,2,0.8,0.5875000000000001,0.1,0.875,0.75,0.625,0.9958333333333333,0.02243818669639376,0.9916666666666667,0.03118047822311618,0.9875,0.0375,0.0,0.0,0.0,0.0,0.9,0.6325925925925929,0.1111111111111111,0.4222222222222223,0.0,0.0,0.0,0.0
G3.1.1,10,50,3,0.9,0.588888888888889,0.045454545454545456,0.8888888888888888,1.0,0.8888888888888888,0.9949494949494949,0.02314432169169617,1.0,0.0,0.9949494949494949,0.02314432169169617,0.0,0.0,0.0,0.0,0.7,0.6571428571428575,0.14285714285714285,0.3971428571428572,0.0,0.0,0.0,0.0
G3.1.1,10,50,4,0.9,0.6155555555555559,0.06666666666666667,0.7777777777777778,1.0,0.7777777777777778,0.9921296296296297,0.029502766604360776,1.0,0.0,0.9921296296296297,0.029502766604360776,0.0,0.0,0.0,0.0,0.6,0.6600000000000003,0.0,0.39999999999999997,0.0,0.0,0.0,0.0
G3.1.1,10,100,0,0.7,0.6085714285714288,0.0,1.0,1.0,1.0,1.0,0.0,1.0,0.0,1.0,0.0,0.0,0.0,0.0,0.0,0.6,0.6372222222222226,0.3333333333333333,0.38666666666666666,0.0,0.0,0.0,0.0
G3.1.1,10,100,1,0.2,0.6200000000000003,0.08,1.0,0.0,0.0,1.0,0.0,0.96,0.13564659966250536,0.96,0.13564659966250536,0.0,0.0,0.0,0.0,0.5,0.6131111111111114,0.2,0.388,0.0,0.0,0.0,0.0
G3.1.1,10,100,2,0.9,0.6544444444444448,0.0625,1.0,0.8888888888888888,0.8888888888888888,1.0,0.0,0.9930555555555556,0.026895717681995963,0.9930555555555556,0.026895717681995963,0.0,0.0,0.0,0.0,0.7,0.64968253968254,0.0,0.32857142857142857,0.0,0.0,0.0,0.0
G3.1.1,10,100,3,0.7,0.6028571428571432,0.10714285714285714,1.0,0.7142857142857143,0.7142857142857143,1.0,0.0,0.9897959183673469,0.036791339545550895,0.9897959183673469,0.036791339545550895,0.0,0.0,0.0,0.0,0.8,0.6437500000000004,0.0,0.40249999999999997,0.0,0.0,0.0,0.0
G3.1.1,10,100,4,0.8,0.5900000000000003,0.10526315789473684,1.0,0.625,0.625,1.0,0.0,0.9802631578947368,0.061010647996682266,0.9802631578947368,0.061010647996682266,0.0,0.0,0.0,0.0,0.8,0.6091666666666671,0.125,0.41500000000000004,0.0,0.0,0.0,0.0
G3.1.1,25,10,0,0.8,0.6399999999999999,0.0,1.0,1.0,1.0,1.0,0.0,1.0,0.0,1.0,0.0,0.0,0.0,0.0,0.0,0.48,0.6694444444444443,0.0,0.3416666666666666,0.0,0.0,0.0,0.0
G3.1.1,25,10,1,0.72,0.6388888888888888,0.0,1.0,1.0,1.0,1.0,0.0,1.0,0.0,1.0,0.0,0.0,0.0,0.0,0.0,0.44,0.656060606060606,0.09090909090909091,0.3636363636363636,0.0,0.0,0.0,0.0
G3.1.1,25,10,2,0.88,0.6545454545454544,0.0,1.0,1.0,1.0,1.0,0.0,1.0,0.0,1.0,0.0,0.0,0.0,0.0,0.0,0.48,0.6527777777777778,0.0,0.325,0.0,0.0,0.0,0.0
G3.1.1,25,10,3,0.68,0.7176470588235294,0.0,1.0,1.0,1.0,1.0,0.0,1.0,0.0,1.0,0.0,0.0,0.0,0.0,0.0,0.48,0.6378472222222222,0.08333333333333333,0.31666666666666665,0.0,0.0,0.0,0.0
G3.1.1,25,10,4,0.8,0.61,0.0,1.0,1.0,1.0,1.0,0.0,1.0,0.0,1.0,0.0,0.0,0.0,0.0,0.0,0.52,0.6211538461538461,0.0,0.39230769230769236,0.0,0.0,0.0,0.0
G3.1.1,25,25,0,0.88,0.6054545454545454,0.0,1.0,1.0,1.0,1.0,0.0,1.0,0.0,1.0,0.0,0.0,0.0,0.0,0.0,0.56,0.659047619047619,0.07142857142857142,0.3742857142857144,0.0,0.0,0.0,0.0
G3.1.1,25,25,1,0.72,0.6022222222222223,0.0,1.0,1.0,1.0,1.0,0.0,1.0,0.0,1.0,0.0,0.0,0.0,0.0,0.0,0.68,0.6406862745098039,0.058823529411764705,0.40235294117647064,0.0,0.0,0.0,0.0
G3.1.1,25,25,2,0.8,0.562,0.0,1.0,1.0,1.0,1.0,0.0,1.0,0.0,1.0,0.0,0.0,0.0,0.0,0.0,0.64,0.6103124999999999,0.0625,0.47750000000000004,0.0,0.0,0.0,0.0
G3.1.1,25,25,3,0.68,0.5952941176470588,0.0,1.0,1.0,1.0,1.0,0.0,1.0,0.0,1.0,0.0,0.0,0.0,0.0,0.0,0.52,0.6221794871794872,0.0,0.42461538461538473,0.0,0.0,0.0,0.0
G3.1.1,25,25,4,0.92,0.591304347826087,0.0,1.0,1.0,1.0,1.0,0.0,1.0,0.0,1.0,0.0,0.0,0.0,0.0,0.0,0.76,0.6442982456140351,0.0,0.42105263157894735,0.0,0.0,0.0,0.0
G3.1.1,25,50,0,0.72,0.5822222222222224,0.0,1.0,1.0,1.0,1.0,0.0,1.0,0.0,1.0,0.0,0.0,0.0,0.0,0.0,0.6,0.6469444444444447,0.13333333333333333,0.432,0.0,0.0,0.0,0.0
G3.1.1,25,50,1,0.56,0.6185714285714289,0.0,1.0,1.0,1.0,1.0,0.0,1.0,0.0,1.0,0.0,0.0,0.0,0.0,0.0,0.44,0.6450000000000002,0.09090909090909091,0.38727272727272727,0.0,0.0,0.0,0.0
G3.1.1,25,50,2,0.8,0.6010000000000002,0.0,1.0,1.0,1.0,1.0,0.0,1.0,0.0,1.0,0.0,0.0,0.0,0.0,0.0,0.48,0.6157638888888891,0.0,0.41500000000000004,0.0,0.0,0.0,0.0
G3.1.1,25,50,3,0.68,0.5847058823529414,0.0,1.0,1.0,1.0,1.0,0.0,1.0,0.0,1.0,0.0,0.0,0.0,0.0,0.0,0.44,0.6291666666666669,0.0,0.41090909090909095,0.0,0.0,0.0,0.0
G3.1.1,25,50,4,0.8,0.5860000000000003,0.0,1.0,1.0,1.0,1.0,0.0,1.0,0.0,1.0,0.0,0.0,0.0,0.0,0.0,0.72,0.6298611111111113,0.0,0.4166666666666667,0.0,0.0,0.0,0.0
G3.1.1,25,100,0,0.68,0.5900000000000004,0.0,1.0,1.0,1.0,1.0,0.0,1.0,0.0,1.0,0.0,0.0,0.0,0.0,0.0,0.52,0.619615384615385,0.07692307692307693,0.4107692307692308,0.0,0.0,0.0,0.0
G3.1.1,25,100,1,0.76,0.5768421052631582,0.0,1.0,1.0,1.0,1.0,0.0,1.0,0.0,1.0,0.0,0.0,0.0,0.0,0.0,0.72,0.61525462962963,0.1111111111111111,0.4211111111111111,0.0,0.0,0.0,0.0
G3.1.1,25,100,2,0.72,0.6027777777777781,0.0,1.0,1.0,1.0,1.0,0.0,1.0,0.0,1.0,0.0,0.0,0.0,0.0,0.0,0.48,0.6364930555555558,0.16666666666666666,0.3925,0.0,0.0,0.0,0.0
G3.1.1,25,100,3,0.68,0.6000000000000004,0.0,1.0,1.0,1.0,1.0,0.0,1.0,0.0,1.0,0.0,0.0,0.0,0.0,0.0,0.48,0.624479166666667,0.16666666666666666,0.4175,0.0,0.0,0.0,0.0
G3.1.1,25,100,4,0.68,0.6041176470588239,0.03333333333333333,1.0,0.9411764705882353,0.9411764705882353,1.0,0.0,0.9980392156862745,0.010559146680655891,0.9980392156862745,0.010559146680655891,0.0,0.0,0.0,0.0,0.64,0.6368750000000003,0.125,0.40875000000000006,0.0,0.0,0.0,0.0
G3.1.1,50,10,0,0.82,0.624390243902439,0.0,1.0,1.0,1.0,1.0,0.0,1.0,0.0,1.0,0.0,0.0,0.0,0.0,0.0,0.5,0.6636734693877551,0.04,0.36800000000000005,0.0,0.0,0.0,0.0
G3.1.1,50,10,1,0.68,0.6558823529411764,0.0,1.0,1.0,1.0,1.0,0.0,1.0,0.0,1.0,0.0,0.0,0.0,0.0,0.0,0.56,0.6736880466472305,0.14285714285714285,0.36428571428571427,0.0,0.0,0.0,0.0
G3.1.1,50,10,2,0.8,0.6174999999999999,0.0,1.0,1.0,1.0,1.0,0.0,1.0,0.0,1.0,0.0,0.0,0.0,0.0,0.0,0.52,0.6419152276295133,0.07692307692307693,0.41923076923076924,0.0,0.0,0.0,0.0
G3.1.1,50,10,3,0.74,0.5702702702702702,0.0,1.0,1.0,1.0,1.0,0.0,1.0,0.0,1.0,0.0,0.0,0.0,0.0,0.0,0.42,0.6443148688046646,0.0,0.45714285714285713,0.0,0.0,0.0,0.0
G3.1.1,50,10,4,0.82,0.6585365853658537,0.0,1.0,1.0,1.0,1.0,0.0,1.0,0.0,1.0,0.0,0.0,0.0,0.0,0.0,0.44,0.6515769944341372,0.18181818181818182,0.3909090909090909,0.0,0.0,0.0,0.0
G3.1.1,50,25,0,0.78,0.6225641025641026,0.0,1.0,1.0,1.0,1.0,0.0,1.0,0.0,1.0,0.0,0.0,0.0,0.0,0.0,0.56,0.6167055393586007,0.03571428571428571,0.3985714285714285,0.0,0.0,0.0,0.0
G3.1.1,50,25,1,0.76,0.6126315789473683,0.0,1.0,1.0,1.0,1.0,0.0,1.0,0.0,1.0,0.0,0.0,0.0,0.0,0.0,0.44,0.6304638218923933,0.0,0.4127272727272727,0.0,0.0,0.0,0.0
G3.1.1,50,25,2,0.76,0.6105263157894738,0.0,1.0,1.0,1.0,1.0,0.0,1.0,0.0,1.0,0.0,0.0,0.0,0.0,0.0,0.58,0.6307107670654469,0.034482758620689655,0.3986206896551724,0.0,0.0,0.0,0.0
G3.1.1,50,25,3,0.82,0.5882926829268293,0.0,1.0,1.0,1.0,1.0,0.0,1.0,0.0,1.0,0.0,0.0,0.0,0.0,0.0,0.54,0.6126077097505669,0.037037037037037035,0.4311111111111111,0.0,0.0,0.0,0.0
G3.1.1,50,25,4,0.72,0.5922222222222221,0.0,1.0,1.0,1.0,1.0,0.0,1.0,0.0,1.0,0.0,0.0,0.0,0.0,0.0,0.48,0.6089115646258504,0.0,0.4166666666666667,0.0,0.0,0.0,0.0
G3.1.1,50,50,0,0.78,0.5938461538461541,0.0,1.0,1.0,1.0,1.0,0.0,1.0,0.0,1.0,0.0,0.0,0.0,0.0,0.0,0.48,0.6445408163265308,0.041666666666666664,0.4266666666666667,0.0,0.0,0.0,0.0
G3.1.1,50,50,1,0.78,0.613846153846154,0.0,1.0,1.0,1.0,1.0,0.0,1.0,0.0,1.0,0.0,0.0,0.0,0.0,0.0,0.46,0.6264063886424137,0.08695652173913043,0.40521739130434786,0.0,0.0,0.0,0.0
G3.1.1,50,50,2,0.78,0.5974358974358976,0.0,1.0,1.0,1.0,1.0,0.0,1.0,0.0,1.0,0.0,0.0,0.0,0.0,0.0,0.5,0.6153142857142859,0.0,0.4304,0.0,0.0,0.0,0.0
G3.1.1,50,50,3,0.72,0.5955555555555557,0.0,1.0,1.0,1.0,1.0,0.0,1.0,0.0,1.0,0.0,0.0,0.0,0.0,0.0,0.52,0.6302040816326533,0.038461538461538464,0.42230769230769233,0.0,0.0,0.0,0.0
G3.1.1,50,50,4,0.7,0.6028571428571431,0.0,1.0,1.0,1.0,1.0,0.0,1.0,0.0,1.0,0.0,0.0,0.0,0.0,0.0,0.46,0.627417923691216,0.0,0.41304347826086957,0.0,0.0,0.0,0.0
G3.1.1,50,100,0,0.8,0.5902500000000004,0.0,1.0,1.0,1.0,1.0,0.0,1.0,0.0,1.0,0.0,0.0,0.0,0.0,0.0,0.6,0.6281564625850343,0.03333333333333333,0.4223333333333333,0.0,0.0,0.0,0.0
G3.1.1,50,100,1,0.8,0.5767500000000003,0.0,1.0,1.0,1.0,1.0,0.0,1.0,0.0,1.0,0.0,0.0,0.0,0.0,0.0,0.58,0.6201337086558765,0.0,0.4393103448275861,0.0,0.0,0.0,0.0
G3.1.1,50,100,2,0.68,0.6032352941176474,0.0,1.0,1.0,1.0,1.0,0.0,1.0,0.0,1.0,0.0,0.0,0.0,0.0,0.0,0.42,0.6284062196307098,0.0,0.40619047619047616,0.0,0.0,0.0,0.0
G3.1.1,50,100,3,0.66,0.6069696969696974,0.0,1.0,1.0,1.0,1.0,0.0,1.0,0.0,1.0,0.0,0.0,0.0,0.0,0.0,0.5,0.62665306122449,0.0,0.39520000000000005,0.0,0.0,0.0,0.0
G3.1.1,50,100,4,0.7,0.5922857142857145,0.0,1.0,1.0,1.0,1.0,0.0,1.0,0.0,1.0,0.0,0.0,0.0,0.0,0.0,0.52,0.6310518053375199,0.038461538461538464,0.42038461538461536,0.0,0.0,0.0,0.0
G3.1.1,100,10,0,0.82,0.6292682926829267,0.0,1.0,1.0,1.0,1.0,0.0,1.0,0.0,1.0,0.0,0.0,0.0,0.0,0.0,0.43,0.6310077519379845,0.0,0.3697674418604651,0.0,0.0,0.0,0.0
G3.1.1,100,10,1,0.82,0.6121951219512195,0.0,1.0,1.0,1.0,1.0,0.0,1.0,0.0,1.0,0.0,0.0,0.0,0.0,0.0,0.47,0.6304534708790027,0.02127659574468085,0.4297872340425531,0.0,0.0,0.0,0.0
G3.1.1,100,10,2,0.69,0.6347826086956522,0.0,1.0,1.0,1.0,1.0,0.0,1.0,0.0,1.0,0.0,0.0,0.0,0.0,0.0,0.35,0.6289466089466089,0.05714285714285714,0.3942857142857143,0.0,0.0,0.0,0.0
G3.1.1,100,10,3,0.76,0.611842105263158,0.0,1.0,1.0,1.0,1.0,0.0,1.0,0.0,1.0,0.0,0.0,0.0,0.0,0.0,0.35,0.6360461760461761,0.02857142857142857,0.4114285714285715,0.0,0.0,0.0,0.0
G3.1.1,100,10,4,0.73,0.6315068493150684,0.0,1.0,1.0,1.0,1.0,0.0,1.0,0.0,1.0,0.0,0.0,0.0,0.0,0.0,0.43,0.6552501761804087,0.06976744186046512,0.3976744186046512,0.0,0.0,0.0,0.0
G3.1.1,100,25,0,0.71,0.6118309859154929,0.0,1.0,1.0,1.0,1.0,0.0,1.0,0.0,1.0,0.0,0.0,0.0,0.0,0.0,0.44,0.6291827364554636,0.0,0.419090909090909,0.0,0.0,0.0,0.0
G3.1.1,100,25,1,0.8,0.6025,0.0,1.0,1.0,1.0,1.0,0.0,1.0,0.0,1.0,0.0,0.0,0.0,0.0,0.0,0.59,0.6306248929977742,0.0,0.4162711864406779,0.0,0.0,0.0,0.0
G3.1.1,100,25,2,0.65,0.6006153846153846,0.0,1.0,1.0,1.0,1.0,0.0,1.0,0.0,1.0,0.0,0.0,0.0,0.0,0.0,0.46,0.6441458058849363,0.021739130434782608,0.4173913043478262,0.0,0.0,0.0,0.0
G3.1.1,100,25,3,0.81,0.6172839506172839,0.0,1.0,1.0,1.0,1.0,0.0,1.0,0.0,1.0,0.0,0.0,0.0,0.0,0.0,0.57,0.6302604997341839,0.0,0.40210526315789474,0.0,0.0,0.0,0.0
G3.1.1,100,25,4,0.74,0.5848648648648649,0.0,1.0,1.0,1.0,1.0,0.0,1.0,0.0,1.0,0.0,0.0,0.0,0.0,0.0,0.48,0.6214646464646464,0.0,0.44083333333333335,0.0,0.0,0.0,0.0
G3.1.1,100,50,0,0.74,0.6045945945945949,0.0,1.0,1.0,1.0,1.0,0.0,1.0,0.0,1.0,0.0,0.0,0.0,0.0,0.0,0.56,0.6313600288600291,0.0,0.4064285714285714,0.0,0.0,0.0,0.0
G3.1.1,100,50,1,0.73,0.5956164383561645,0.0,1.0,1.0,1.0,1.0,0.0,1.0,0.0,1.0,0.0,0.0,0.0,0.0,0.0,0.55,0.6251019283746558,0.03636363636363636,0.42581818181818176,0.0,0.0,0.0,0.0
G3.1.1,100,50,2,0.73,0.6093150684931509,0.0,1.0,1.0,1.0,1.0,0.0,1.0,0.0,1.0,0.0,0.0,0.0,0.0,0.0,0.47,0.6377648828712662,0.0,0.41021276595744693,0.0,0.0,0.0,0.0
G3.1.1,100,50,3,0.81,0.5965432098765434,0.0,1.0,1.0,1.0,1.0,0.0,1.0,0.0,1.0,0.0,0.0,0.0,0.0,0.0,0.52,0.6222960372960377,0.0,0.42269230769230776,0.0,0.0,0.0,0.0
G3.1.1,100,50,4,0.77,0.6059740259740262,0.0,1.0,1.0,1.0,1.0,0.0,1.0,0.0,1.0,0.0,0.0,0.0,0.0,0.0,0.55,0.6254692378328743,0.01818181818181818,0.41418181818181826,0.0,0.0,0.0,0.0
G3.1.1,100,100,0,0.66,0.6021212121212124,0.0,1.0,1.0,1.0,1.0,0.0,1.0,0.0,1.0,0.0,0.0,0.0,0.0,0.0,0.46,0.6295783926218713,0.043478260869565216,0.41108695652173916,0.0,0.0,0.0,0.0
G3.1.1,100,100,1,0.64,0.5901562500000004,0.0,1.0,1.0,1.0,1.0,0.0,1.0,0.0,1.0,0.0,0.0,0.0,0.0,0.0,0.5,0.625616161616162,0.02,0.4196000000000001,0.0,0.0,0.0,0.0
G3.1.1,100,100,2,0.65,0.6018461538461541,0.0,1.0,1.0,1.0,1.0,0.0,1.0,0.0,1.0,0.0,0.0,0.0,0.0,0.0,0.35,0.6236075036075039,0.02857142857142857,0.42457142857142854,0.0,0.0,0.0,0.0
G3.1.1,100,100,3,0.74,0.5955405405405408,0.0,1.0,1.0,1.0,1.0,0.0,1.0,0.0,1.0,0.0,0.0,0.0,0.0,0.0,0.47,0.6320997206103592,0.02127659574468085,0.4238297872340427,0.0,0.0,0.0,0.0
G3.1.1,100,100,4,0.68,0.6077941176470592,0.0,1.0,1.0,1.0,1.0,0.0,1.0,0.0,1.0,0.0,0.0,0.0,0.0,0.0,0.45,0.6365095398428736,0.0,0.4006666666666666,0.0,0.0,0.0,0.0
G3.1.2,10,10,0,0.8,0.5874999999999999,0.05,1.0,0.875,0.875,1.0,0.0,0.99375,0.027243118397129208,0.99375,0.027243118397129208,0.0,0.0,0.0,0.0,0.7,0.5698412698412698,0.14285714285714285,0.39999999999999997,0.0,0.0,0.0,0.0
G3.1.2,10,10,1,0.6,0.7166666666666667,0.08695652173913043,0.8333333333333334,0.8333333333333334,0.6666666666666667,0.9927536231884059,0.0339885199987205,0.9927536231884059,0.0339885199987205,0.9855072463768116,0.04696188911889754,0.0,0.0,0.0,0.0,0.5,0.6288888888888888,0.2,0.3,0.0,0.0,0.0,0.0
G3.1.2,10,10,2,1.0,0.61,0.045454545454545456,0.9,1.0,0.9,0.9954545454545454,0.02082988952252654,1.0,0.0,0.9954545454545454,0.02082988952252654,0.0,0.0,0.0,0.0,0.7,0.6873015873015874,0.0,0.37142857142857144,0.0,0.0,0.0,0.0
G3.1.2,10,10,3,0.6,0.6666666666666666,0.043478260869565216,0.8333333333333334,1.0,0.8333333333333334,0.9927536231884059,0.0339885199987205,1.0,0.0,0.9927536231884059,0.0339885199987205,0.0,0.0,0.0,0.0,0.5,0.6533333333333333,0.2,0.36,0.0,0.0,0.0,0.0
G3.1.2,10,10,4,0.8,0.6624999999999999,0.03571428571428571,0.875,0.875,0.75,0.9955357142857143,0.023197109029940325,0.9955357142857143,0.023197109029940325,0.9910714285714286,0.04639421805988065,0.0,0.0,0.0,0.0,0.7,0.673015873015873,0.0,0.3142857142857142,0.0,0.0,0.0,0.0
G3.1.2,10,25,0,0.8,0.645,0.16666666666666666,0.875,0.875,0.75,0.9947916666666666,0.024978289183920414,0.9947916666666666,0.024978289183920414,0.9895833333333334,0.03454817489953542,0.0,0.0,0.0,0.0,0.6,0.6155555555555555,0.0,0.3466666666666667,0.0,0.0,0.0,0.0
G3.1.2,10,25,1,0.7,0.5771428571428572,0.0,1.0,1.0,1.0,1.0,0.0,1.0,0.0,1.0,0.0,0.0,0.0,0.0,0.0,0.7,0.6431746031746032,0.14285714285714285,0.4114285714285714,0.0,0.0,0.0,0.0
G3.1.2,10,25,2,0.8,0.6200000000000001,0.0625,1.0,0.875,0.875,1.0,0.0,0.9921875,0.030257682392245445,0.9921875,0.030257682392245445,0.0,0.0,0.0,0.0,0.7,0.6552380952380953,0.0,0.41714285714285715,0.0,0.0,0.0,0.0
G3.1.2,10,25,3,1.0,0.592,0.03571428571428571,1.0,0.9,0.9,1.0,0.0,0.9964285714285713,0.01855768722395225,0.9964285714285713,0.01855768722395225,0.0,0.0,0.0,0.0,1.0,0.6311111111111112,0.0,0.40800000000000003,0.0,0.0,0.0,0.0
G3.1.2,10,25,4,0.9,0.6177777777777778,0.07142857142857142,0.8888888888888888,1.0,0.8888888888888888,0.996031746031746,0.02061965247105807,1.0,0.0,0.996031746031746,0.02061965247105807,0.0,0.0,0.0,0.0,0.7,0.653968253968254,0.14285714285714285,0.33142857142857146,0.0,0.0,0.0,0.0
G3.1.2,10,50,0,0.8,0.6925000000000003,0.037037037037037035,0.875,1.0,0.875,0.9953703703703703,0.023606571822188817,1.0,0.0,0.9953703703703703,0.023606571822188817,0.0,0.0,0.0,0.0,0.5,0.6631111111111114,0.2,0.328,0.0,0.0,0.0,0.0
G3.1.2,10,50,1,0.8,0.5875000000000001,0.03333333333333333,0.875,1.0,0.875,0.9958333333333333,0.022438186696393768,1.0,0.0,0.9958333333333333,0.022438186696393768,0.0,0.0,0.0,0.0,0.6,0.6514814814814817,0.0,0.41,0.0,0.0,0.0,0.0
G3.1.2,10,50,2,0.8,0.6400000000000002,0.1,0.875,0.875,0.75,0.9958333333333333,0.02243818669639376,0.9952380952380953,0.02564364193873572,0.9910714285714286,0.03348710280722667,0.0,0.0,0.0,0.0,0.5,0.617777777777778,0.2,0.364,0.0,0.0,0.0,0.0
G3.1.2,10,50,3,0.7,0.6285714285714288,0.12903225806451613,1.0,0.4285714285714286,0.4285714285714286,1.0,0.0,0.9815668202764978,0.04789080573923162,0.9815668202764978,0.04789080573923162,0.0,0.0,0.0,0.0,0.6,0.6492592592592595,0.0,0.36000000000000004,0.0,0.0,0.0,0.0
G3.1.2,10,50,4,0.7,0.5885714285714287,0.2,0.8571428571428571,0.8571428571428572,0.7142857142857143,0.9928571428571429,0.03113499245386197,0.9928571428571429,0.03113499245386194,0.9857142857142858,0.04285714285714283,0.0,0.0,0.0,0.0,0.6,0.6062962962962966,0.0,0.41999999999999993,0.0,0.0,0.0,0.0
G3.1.2,10,100,0,0.5,0.5840000000000003,0.125,0.6,0.8,0.4,0.9859375,0.0548212649776526,0.99375,0.034798527267687625,0.9796875,0.06356514252127497,0.0,0.0,0.0,0.0,0.6,0.6212962962962966,0.16666666666666666,0.39833333333333326,0.0,0.0,0.0,0.0
G3.1.2,10,100,1,0.8,0.6425000000000003,0.03571428571428571,1.0,0.875,0.875,1.0,0.0,0.9955357142857143,0.023197109029940325,0.9955357142857143,0.023197109029940325,0.0,0.0,0.0,0.0,0.8,0.6512500000000003,0.125,0.3675,0.0,0.0,0.0,0.0
G3.1.2,10,100,2,0.7,0.5842857142857145,0.16666666666666666,1.0,0.4285714285714286,0.4285714285714286,1.0,0.0,0.9761904761904763,0.06734350297014736,0.9761904761904763,0.06734350297014736,0.0,0.0,0.0,0.0,0.7,0.6088888888888891,0.0,0.4271428571428572,0.0,0.0,0.0,0.0
G3.1.2,10,100,3,0.5,0.6580000000000004,0.19047619047619047,0.6,0.8,0.4,0.9785714285714286,0.06649638116080446,0.9904761904761905,0.04259177099999599,0.9690476190476192,0.07633914067562568,0.0,0.0,0.0,0.0,0.6,0.623703703703704,0.0,0.355,0.0,0.0,0.0,0.0
G3.1.2,10,100,4,0.8,0.6537500000000003,0.045454545454545456,1.0,0.875,0.875,1.0,0.0,0.9943181818181818,0.026037361903158182,0.9943181818181818,0.026037361903158182,0.0,0.0,0.0,0.0,0.7,0.6353968253968257,0.0,0.34142857142857147,0.0,0.0,0.0,0.0
G3.1.2,25,10,0,0.76,0.631578947368421,0.0,1.0,1.0,1.0,1.0,0.0,1.0,0.0,1.0,0.0,0.0,0.0,0.0,0.0,0.48,0.6677083333333332,0.16666666666666666,0.39166666666666666,0.0,0.0,0.0,0.0
G3.1.2,25,10,1,0.76,0.631578947368421,0.0,1.0,1.0,1.0,1.0,0.0,1.0,0.0,1.0,0.0,0.0,0.0,0.0,0.0,0.52,0.6964743589743588,0.0,0.3692307692307693,0.0,0.0,0.0,0.0
G3.1.2,25,10,2,0.8,0.6050000000000001,0.0,1.0,1.0,1.0,1.0,0.0,1.0,0.0,1.0,0.0,0.0,0.0,0.0,0.0,0.56,0.6598214285714284,0.07142857142857142,0.4142857142857143,0.0,0.0,0.0,0.0
G3.1.2,25,10,3,0.72,0.6888888888888888,0.0,1.0,1.0,1.0,1.0,0.0,1.0,0.0,1.0,0.0,0.0,0.0,0.0,0.0,0.32,0.5854166666666667,0.25,0.3125,0.0,0.0,0.0,0.0
G3.1.2,25,10,4,0.76,0.6421052631578947,0.0,1.0,1.0,1.0,1.0,0.0,1.0,0.0,1.0,0.0,0.0,0.0,0.0,0.0,0.44,0.6871212121212121,0.18181818181818182,0.3818181818181818,0.0,0.0,0.0,0.0
G3.1.2,25,25,0,0.8,0.5820000000000001,0.0,1.0,1.0,1.0,1.0,0.0,1.0,0.0,1.0,0.0,0.0,0.0,0.0,0.0,0.64,0.6444791666666667,0.0,0.4375,0.0,0.0,0.0,0.0
G3.1.2,25,25,1,0.84,0.5904761904761904,0.0,1.0,1.0,1.0,1.0,0.0,1.0,0.0,1.0,0.0,0.0,0.0,0.0,0.0,0.64,0.6351041666666666,0.0625,0.45,0.0,0.0,0.0,0.0
G3.1.2,25,25,2,0.88,0.5818181818181819,0.0,1.0,1.0,1.0,1.0,0.0,1.0,0.0,1.0,0.0,0.0,0.0,0.0,0.0,0.56,0.6302380952380953,0.07142857142857142,0.4371428571428572,0.0,0.0,0.0,0.0
G3.1.2,25,25,3,0.72,0.6177777777777779,0.0,1.0,1.0,1.0,1.0,0.0,1.0,0.0,1.0,0.0,0.0,0.0,0.0,0.0,0.56,0.6492857142857142,0.14285714285714285,0.40285714285714297,0.0,0.0,0.0,0.0
G3.1.2,25,25,4,0.84,0.6095238095238096,0.0,1.0,1.0,1.0,1.0,0.0,1.0,0.0,1.0,0.0,0.0,0.0,0.0,0.0,0.56,0.6286904761904761,0.0,0.3714285714285715,0.0,0.0,0.0,0.0
G3.1.2,25,50,0,0.84,0.6171428571428573,0.0,1.0,1.0,1.0,1.0,0.0,1.0,0.0,1.0,0.0,0.0,0.0,0.0,0.0,0.44,0.6352272727272731,0.0,0.3836363636363636,0.0,0.0,0.0,0.0
G3.1.2,25,50,1,0.84,0.6400000000000001,0.0,1.0,1.0,1.0,1.0,0.0,1.0,0.0,1.0,0.0,0.0,0.0,0.0,0.0,0.52,0.6401282051282055,0.0,0.36153846153846153,0.0,0.0,0.0,0.0
G3.1.2,25,50,2,0.64,0.6000000000000002,0.0,1.0,1.0,1.0,1.0,0.0,1.0,0.0,1.0,0.0,0.0,0.0,0.0,0.0,0.4,0.6191666666666669,0.0,0.388,0.0,0.0,0.0,0.0
G3.1.2,25,50,3,0.68,0.595294117647059,0.0,1.0,1.0,1.0,1.0,0.0,1.0,0.0,1.0,0.0,0.0,0.0,0.0,0.0,0.6,0.6286111111111112,0.13333333333333333,0.41066666666666674,0.0,0.0,0.0,0.0
G3.1.2,25,50,4,0.6,0.6306666666666668,0.05263157894736842,1.0,0.9333333333333333,0.9333333333333333,1.0,0.0,0.9964912280701754,0.014886458551295736,0.9964912280701754,0.014886458551295736,0.0,0.0,0.0,0.0,0.4,0.6476666666666671,0.4,0.38799999999999996,0.0,0.0,0.0,0.0
G3.1.2,25,100,0,0.64,0.5962500000000004,0.0,1.0,1.0,1.0,1.0,0.0,1.0,0.0,1.0,0.0,0.0,0.0,0.0,0.0,0.64,0.6344531250000003,0.1875,0.411875,0.0,0.0,0.0,0.0
G3.1.2,25,100,1,0.76,0.5910526315789477,0.0,1.0,1.0,1.0,1.0,0.0,1.0,0.0,1.0,0.0,0.0,0.0,0.0,0.0,0.56,0.6407440476190479,0.2857142857142857,0.4142857142857143,0.0,0.0,0.0,0.0
G3.1.2,25,100,2,0.6,0.5853333333333336,0.0,1.0,1.0,1.0,1.0,0.0,1.0,0.0,1.0,0.0,0.0,0.0,0.0,0.0,0.48,0.6210069444444447,0.25,0.4208333333333334,0.0,0.0,0.0,0.0
G3.1.2,25,100,3,0.68,0.6000000000000003,0.06896551724137931,1.0,0.8823529411764706,0.8823529411764706,1.0,0.0,0.9959432048681541,0.014905617096043683,0.9959432048681541,0.014905617096043683,0.0,0.0,0.0,0.0,0.64,0.6340885416666671,0.1875,0.40875000000000006,0.0,0.0,0.0,0.0
G3.1.2,25,100,4,0.88,0.6072727272727275,0.0,1.0,1.0,1.0,1.0,0.0,1.0,0.0,1.0,0.0,0.0,0.0,0.0,0.0,0.56,0.6256845238095242,0.07142857142857142,0.41000000000000003,0.0,0.0,0.0,0.0
G3.1.2,50,10,0,0.78,0.635897435897436,0.0,1.0,1.0,1.0,1.0,0.0,1.0,0.0,1.0,0.0,0.0,0.0,0.0,0.0,0.38,0.6157894736842104,0.15789473684210525,0.46315789473684216,0.0,0.0,0.0,0.0
G3.1.2,50,10,1,0.8,0.635,0.0,1.0,1.0,1.0,1.0,0.0,1.0,0.0,1.0,0.0,0.0,0.0,0.0,0.0,0.56,0.6541545189504373,0.03571428571428571,0.38571428571428573,0.0,0.0,0.0,0.0
G3.1.2,50,10,2,0.78,0.6307692307692307,0.0,1.0,1.0,1.0,1.0,0.0,1.0,0.0,1.0,0.0,0.0,0.0,0.0,0.0,0.4,0.6536734693877551,0.1,0.37,0.0,0.0,0.0,0.0
G3.1.2,50,10,3,0.76,0.6184210526315791,0.0,1.0,1.0,1.0,1.0,0.0,1.0,0.0,1.0,0.0,0.0,0.0,0.0,0.0,0.44,0.6350649350649351,0.045454545454545456,0.40454545454545454,0.0,0.0,0.0,0.0
G3.1.2,50,10,4,0.78,0.6051282051282053,0.0,1.0,1.0,1.0,1.0,0.0,1.0,0.0,1.0,0.0,0.0,0.0,0.0,0.0,0.48,0.6519557823129252,0.0,0.425,0.0,0.0,0.0,0.0
G3.1.2,50,25,0,0.74,0.6172972972972973,0.0,1.0,1.0,1.0,1.0,0.0,1.0,0.0,1.0,0.0,0.0,0.0,0.0,0.0,0.36,0.6292063492063491,0.1111111111111111,0.4044444444444445,0.0,0.0,0.0,0.0
G3.1.2,50,25,1,0.68,0.6223529411764706,0.0,1.0,1.0,1.0,1.0,0.0,1.0,0.0,1.0,0.0,0.0,0.0,0.0,0.0,0.42,0.6469193391642372,0.047619047619047616,0.38857142857142857,0.0,0.0,0.0,0.0
G3.1.2,50,25,2,0.72,0.6122222222222223,0.0,1.0,1.0,1.0,1.0,0.0,1.0,0.0,1.0,0.0,0.0,0.0,0.0,0.0,0.36,0.5884807256235827,0.0,0.42000000000000004,0.0,0.0,0.0,0.0
G3.1.2,50,25,3,0.8,0.6130000000000001,0.0,1.0,1.0,1.0,1.0,0.0,1.0,0.0,1.0,0.0,0.0,0.0,0.0,0.0,0.64,0.6373469387755102,0.0,0.395,0.0,0.0,0.0,0.0
G3.1.2,50,25,4,0.88,0.6254545454545455,0.0,1.0,1.0,1.0,1.0,0.0,1.0,0.0,1.0,0.0,0.0,0.0,0.0,0.0,0.52,0.6362009419152277,0.0,0.39384615384615385,0.0,0.0,0.0,0.0
G3.1.2,50,50,0,0.76,0.6089473684210529,0.0,1.0,1.0,1.0,1.0,0.0,1.0,0.0,1.0,0.0,0.0,0.0,0.0,0.0,0.56,0.6312536443148691,0.0,0.39928571428571435,0.0,0.0,0.0,0.0
G3.1.2,50,50,1,0.76,0.5989473684210529,0.0,1.0,1.0,1.0,1.0,0.0,1.0,0.0,1.0,0.0,0.0,0.0,0.0,0.0,0.52,0.6368602825745685,0.0,0.4007692307692308,0.0,0.0,0.0,0.0
G3.1.2,50,50,2,0.6,0.5866666666666668,0.0,1.0,1.0,1.0,1.0,0.0,1.0,0.0,1.0,0.0,0.0,0.0,0.0,0.0,0.44,0.6245640074211505,0.0,0.4327272727272728,0.0,0.0,0.0,0.0
G3.1.2,50,50,3,0.78,0.611794871794872,0.0,1.0,1.0,1.0,1.0,0.0,1.0,0.0,1.0,0.0,0.0,0.0,0.0,0.0,0.5,0.6235591836734696,0.0,0.40320000000000006,0.0,0.0,0.0,0.0
G3.1.2,50,50,4,0.72,0.6088888888888891,0.0,1.0,1.0,1.0,1.0,0.0,1.0,0.0,1.0,0.0,0.0,0.0,0.0,0.0,0.5,0.6407020408163269,0.08,0.40320000000000006,0.0,0.0,0.0,0.0
G3.1.2,50,100,0,0.7,0.5948571428571432,0.0,1.0,1.0,1.0,1.0,0.0,1.0,0.0,1.0,0.0,0.0,0.0,0.0,0.0,0.52,0.6258634222919941,0.0,0.4096153846153846,0.0,0.0,0.0,0.0
G3.1.2,50,100,1,0.68,0.6132352941176474,0.0,1.0,1.0,1.0,1.0,0.0,1.0,0.0,1.0,0.0,0.0,0.0,0.0,0.0,0.48,0.6304761904761907,0.125,0.39625,0.0,0.0,0.0,0.0
G3.1.2,50,100,2,0.74,0.587837837837838,0.0,1.0,1.0,1.0,1.0,0.0,1.0,0.0,1.0,0.0,0.0,0.0,0.0,0.0,0.56,0.6379373177842569,0.03571428571428571,0.41571428571428576,0.0,0.0,0.0,0.0
G3.1.2,50,100,3,0.74,0.5818918918918922,0.0,1.0,1.0,1.0,1.0,0.0,1.0,0.0,1.0,0.0,0.0,0.0,0.0,0.0,0.5,0.629240816326531,0.0,0.4336,0.0,0.0,0.0,0.0
G3.1.2,50,100,4,0.7,0.5922857142857146,0.0,1.0,1.0,1.0,1.0,0.0,1.0,0.0,1.0,0.0,0.0,0.0,0.0,0.0,0.54,0.636061980347695,0.1111111111111111,0.4144444444444445,0.0,0.0,0.0,0.0
G3.1.2,100,10,0,0.83,0.6301204819277109,0.0,1.0,1.0,1.0,1.0,0.0,1.0,0.0,1.0,0.0,0.0,0.0,0.0,0.0,0.41,0.6256713476225672,0.0,0.41463414634146334,0.0,0.0,0.0,0.0
G3.1.2,100,10,1,0.84,0.6238095238095238,0.0,1.0,1.0,1.0,1.0,0.0,1.0,0.0,1.0,0.0,0.0,0.0,0.0,0.0,0.46,0.634804567413263,0.021739130434782608,0.39565217391304336,0.0,0.0,0.0,0.0
G3.1.2,100,10,2,0.74,0.6472972972972972,0.0,1.0,1.0,1.0,1.0,0.0,1.0,0.0,1.0,0.0,0.0,0.0,0.0,0.0,0.43,0.6513272257458304,0.18604651162790697,0.43488372093023253,0.0,0.0,0.0,0.0
G3.1.2,100,10,3,0.69,0.5971014492753625,0.0,1.0,1.0,1.0,1.0,0.0,1.0,0.0,1.0,0.0,0.0,0.0,0.0,0.0,0.44,0.6550275482093664,0.022727272727272728,0.4295454545454546,0.0,0.0,0.0,0.0
G3.1.2,100,10,4,0.84,0.6226190476190476,0.0,1.0,1.0,1.0,1.0,0.0,1.0,0.0,1.0,0.0,0.0,0.0,0.0,0.0,0.46,0.6377909530083442,0.0,0.3978260869565218,0.0,0.0,0.0,0.0
G3.1.2,100,25,0,0.8,0.615,0.0,1.0,1.0,1.0,1.0,0.0,1.0,0.0,1.0,0.0,0.0,0.0,0.0,0.0,0.46,0.6471497584541062,0.0,0.40608695652173915,0.0,0.0,0.0,0.0
G3.1.2,100,25,1,0.83,0.5932530120481928,0.0,1.0,1.0,1.0,1.0,0.0,1.0,0.0,1.0,0.0,0.0,0.0,0.0,0.0,0.57,0.6223639907850432,0.0,0.4371929824561403,0.0,0.0,0.0,0.0
G3.1.2,100,25,2,0.74,0.6037837837837837,0.0,1.0,1.0,1.0,1.0,0.0,1.0,0.0,1.0,0.0,0.0,0.0,0.0,0.0,0.46,0.6127536231884058,0.0,0.4321739130434783,0.0,0.0,0.0,0.0
G3.1.2,100,25,3,0.8,0.5994999999999999,0.0,1.0,1.0,1.0,1.0,0.0,1.0,0.0,1.0,0.0,0.0,0.0,0.0,0.0,0.55,0.6363048668503214,0.01818181818181818,0.42472727272727273,0.0,0.0,0.0,0.0
G3.1.2,100,25,4,0.76,0.6042105263157894,0.0,1.0,1.0,1.0,1.0,0.0,1.0,0.0,1.0,0.0,0.0,0.0,0.0,0.0,0.53,0.624806556127311,0.0,0.4181132075471698,0.0,0.0,0.0,0.0
G3.1.2,100,50,0,0.76,0.6213157894736842,0.0,1.0,1.0,1.0,1.0,0.0,1.0,0.0,1.0,0.0,0.0,0.0,0.0,0.0,0.46,0.6298858146684236,0.0,0.4026086956521739,0.0,0.0,0.0,0.0
G3.1.2,100,50,1,0.82,0.5907317073170734,0.0,1.0,1.0,1.0,1.0,0.0,1.0,0.0,1.0,0.0,0.0,0.0,0.0,0.0,0.61,0.6209836065573773,0.01639344262295082,0.4259016393442622,0.0,0.0,0.0,0.0
G3.1.2,100,50,2,0.68,0.6011764705882354,0.0,1.0,1.0,1.0,1.0,0.0,1.0,0.0,1.0,0.0,0.0,0.0,0.0,0.0,0.46,0.6301712779973652,0.0,0.41043478260869565,0.0,0.0,0.0,0.0
G3.1.2,100,50,3,0.76,0.5989473684210528,0.0,1.0,1.0,1.0,1.0,0.0,1.0,0.0,1.0,0.0,0.0,0.0,0.0,0.0,0.52,0.6199184149184153,0.019230769230769232,0.4180769230769231,0.0,0.0,0.0,0.0
G3.1.2,100,50,4,0.72,0.5980555555555558,0.0,1.0,1.0,1.0,1.0,0.0,1.0,0.0,1.0,0.0,0.0,0.0,0.0,0.0,0.47,0.6168923275306256,0.0,0.42893617021276603,0.0,0.0,0.0,0.0
G3.1.2,100,100,0,0.71,0.5914084507042257,0.0,1.0,1.0,1.0,1.0,0.0,1.0,0.0,1.0,0.0,0.0,0.0,0.0,0.0,0.57,0.6306290979975193,0.03508771929824561,0.42105263157894746,0.0,0.0,0.0,0.0
G3.1.2,100,100,1,0.74,0.6032432432432435,0.0,1.0,1.0,1.0,1.0,0.0,1.0,0.0,1.0,0.0,0.0,0.0,0.0,0.0,0.5,0.6306848484848487,0.02,0.4072,0.0,0.0,0.0,0.0
G3.1.2,100,100,2,0.7,0.5898571428571431,0.0,1.0,1.0,1.0,1.0,0.0,1.0,0.0,1.0,0.0,0.0,0.0,0.0,0.0,0.55,0.6232727272727276,0.05454545454545454,0.4218181818181819,0.0,0.0,0.0,0.0
G3.1.2,100,100,3,0.76,0.6010526315789478,0.0,1.0,1.0,1.0,1.0,0.0,1.0,0.0,1.0,0.0,0.0,0.0,0.0,0.0,0.53,0.6226281684772254,0.0,0.41377358490566046,0.0,0.0,0.0,0.0
G3.1.2,100,100,4,0.74,0.5937837837837842,0.0,1.0,1.0,1.0,1.0,0.0,1.0,0.0,1.0,0.0,0.0,0.0,0.0,0.0,0.51,0.6239492968904737,0.0,0.42392156862745095,0.0,0.0,0.0,0.0
G3.1.3,10,10,0,0.7,0.557142857142857,0.013513513513513514,0.8571428571428571,1.0,0.8571428571428572,0.9980694980694981,0.016494215724551224,1.0,0.0,0.9980694980694981,0.016494215724551214,0.0,0.0,0.0,0.0,0.6,0.6574074074074073,0.0,0.4333333333333333,0.0,0.0,0.0,0.0
G3.1.3,10,10,1,0.7,0.6,0.05194805194805195,1.0,0.8571428571428572,0.8571428571428572,1.0,0.0,0.9981447124304268,0.016174022053954254,0.9981447124304268,0.016174022053954254,0.0,0.0,0.0,0.0,0.6,0.6537037037037037,0.16666666666666666,0.39999999999999997,0.0,0.0,0.0,0.0
G3.1.3,10,10,2,0.9,0.6666666666666665,0.02631578947368421,0.8888888888888888,0.8888888888888888,0.7777777777777778,0.9985380116959064,0.01266119011380759,0.9983552631578947,0.014243838878033531,0.9968932748538011,0.01893101975669613,0.0,0.0,0.0,0.0,0.8,0.6624999999999999,0.125,0.36250000000000004,0.0,0.0,0.0,0.0
G3.1.3,10,10,3,0.8,0.675,0.0,1.0,1.0,1.0,1.0,0.0,1.0,0.0,1.0,0.0,0.0,0.0,0.0,0.0,0.7,0.6206349206349205,0.14285714285714285,0.35714285714285715,0.0,0.0,0.0,0.0
G3.1.3,10,10,4,0.9,0.6666666666666666,0.01282051282051282,1.0,0.8888888888888888,0.8888888888888888,1.0,0.0,0.9985754985754985,0.012499949269789347,0.9985754985754985,0.012499949269789347,0.0,0.0,0.0,0.0,0.6,0.6759259259259259,0.0,0.30000000000000004,0.0,0.0,0.0,0.0
G3.1.3,10,25,0,0.8,0.625,0.03896103896103896,0.75,0.875,0.625,0.9965213358070502,0.02135092632000725,0.9983766233766234,0.01415226929720998,0.9948979591836735,0.03241448090845296,0.0,0.0,0.0,0.0,0.7,0.6425396825396825,0.0,0.37142857142857144,0.0,0.0,0.0,0.0
G3.1.3,10,25,1,0.8,0.61,0.025,0.875,0.875,0.75,0.9984375,0.013887803777055606,0.9984375,0.013887803777055606,0.996875,0.019515618744994995,0.0,0.0,0.0,0.0,0.6,0.5918518518518517,0.0,0.3933333333333333,0.0,0.0,0.0,0.0
G3.1.3,10,25,2,1.0,0.632,0.0,1.0,1.0,1.0,1.0,0.0,1.0,0.0,1.0,0.0,0.0,0.0,0.0,0.0,0.7,0.6095238095238095,0.0,0.3371428571428572,0.0,0.0,0.0,0.0
G3.1.3,10,25,3,0.9,0.6444444444444444,0.03896103896103896,0.8888888888888888,0.7777777777777778,0.6666666666666667,0.9985569985569985,0.012579794930853315,0.9967532467532467,0.01988222193817515,0.9953102453102453,0.023327748508180264,0.0,0.0,0.0,0.0,0.5,0.6337777777777778,0.0,0.312,0.0,0.0,0.0,0.0
G3.1.3,10,25,4,0.9,0.5644444444444444,0.0,1.0,1.0,1.0,1.0,0.0,1.0,0.0,1.0,0.0,0.0,0.0,0.0,0.0,0.5,0.6124444444444445,0.2,0.46399999999999997,0.0,0.0,0.0,0.0
G3.1.3,10,50,0,1.0,0.6320000000000002,0.04477611940298507,0.9,0.9,0.8,0.9985074626865672,0.012125430454680532,0.9985074626865672,0.01212543045468053,0.9970149253731343,0.01701754365819608,0.0,0.0,0.0,0.0,0.7,0.6323809523809525,0.0,0.35714285714285715,0.0,0.0,0.0,0.0
G3.1.3,10,50,1,0.7,0.6285714285714288,0.0945945945945946,0.8571428571428571,0.4285714285714286,0.2857142857142857,0.9980694980694981,0.016494215724551224,0.9916344916344916,0.03510471479275637,0.9897039897039898,0.03836796701612313,0.0,0.0,0.0,0.0,0.5,0.5955555555555557,0.0,0.36400000000000005,0.0,0.0,0.0,0.0
G3.1.3,10,50,2,0.7,0.5942857142857144,0.05128205128205128,0.5714285714285714,1.0,0.5714285714285714,0.9934676434676434,0.03298359146402986,1.0,0.0,0.9934676434676434,0.032983591464029856,0.0,0.0,0.0,0.0,0.7,0.6771428571428574,0.2857142857142857,0.41714285714285715,0.0,0.0,0.0,0.0
G3.1.3,10,50,3,0.8,0.6225000000000003,0.014084507042253521,1.0,0.875,0.875,1.0,0.0,0.9982394366197183,0.014729930044614004,0.9982394366197183,0.014729930044614004,0.0,0.0,0.0,0.0,0.7,0.64984126984127,0.14285714285714285,0.3714285714285714,0.0,0.0,0.0,0.0
G3.1.3,10,50,4,0.6,0.6233333333333335,0.028169014084507043,1.0,0.6666666666666667,0.6666666666666667,1.0,0.0,0.9953051643192486,0.027575915785142548,0.9953051643192486,0.027575915785142548,0.0,0.0,0.0,0.0,0.5,0.6235555555555559,0.0,0.392,0.0,0.0,0.0,0.0
G3.1.3,10,100,0,1.0,0.5990000000000002,0.0,1.0,1.0,1.0,1.0,0.0,1.0,0.0,1.0,0.0,0.0,0.0,0.0,0.0,0.9,0.6337037037037041,0.0,0.3944444444444445,0.0,0.0,0.0,0.0
G3.1.3,10,100,1,0.6,0.6233333333333336,0.0,1.0,1.0,1.0,1.0,0.0,1.0,0.0,1.0,0.0,0.0,0.0,0.0,0.0,0.6,0.6331481481481485,0.0,0.3716666666666666,0.0,0.0,0.0,0.0
G3.1.3,10,100,2,0.5,0.5760000000000003,0.06097560975609756,1.0,0.6,0.6,1.0,0.0,0.9951219512195121,0.030851489367496383,0.9951219512195121,0.030851489367496383,0.0,0.0,0.0,0.0,0.5,0.6297777777777781,0.2,0.38999999999999996,0.0,0.0,0.0,0.0
G3.1.3,10,100,3,0.8,0.5987500000000003,0.10666666666666667,0.625,0.75,0.375,0.9942063492063492,0.028587517515908024,0.995873015873016,0.025008942719023642,0.9900793650793651,0.0373479954471506,0.0,0.0,0.0,0.0,0.7,0.6169841269841273,0.0,0.3942857142857143,0.0,0.0,0.0,0.0
G3.1.3,10,100,4,0.6,0.6500000000000004,0.0625,1.0,0.33333333333333337,0.33333333333333337,1.0,0.0,0.9916666666666668,0.036324157862838935,0.9916666666666668,0.036324157862838935,0.0,0.0,0.0,0.0,0.5,0.6311111111111114,0.0,0.376,0.0,0.0,0.0,0.0
G3.1.3,25,10,0,0.96,0.6583333333333333,0.0,1.0,1.0,1.0,1.0,0.0,1.0,0.0,1.0,0.0,0.0,0.0,0.0,0.0,0.48,0.65625,0.0,0.38333333333333336,0.0,0.0,0.0,0.0
G3.1.3,25,10,1,0.8,0.595,0.0,1.0,1.0,1.0,1.0,0.0,1.0,0.0,1.0,0.0,0.0,0.0,0.0,0.0,0.64,0.65390625,0.125,0.47500000000000003,0.0,0.0,0.0,0.0
G3.1.3,25,10,2,0.84,0.6333333333333333,0.0,1.0,1.0,1.0,1.0,0.0,1.0,0.0,1.0,0.0,0.0,0.0,0.0,0.0,0.48,0.6475694444444443,0.0,0.3499999999999999,0.0,0.0,0.0,0.0
G3.1.3,25,10,3,0.84,0.6523809523809524,0.0,1.0,1.0,1.0,1.0,0.0,1.0,0.0,1.0,0.0,0.0,0.0,0.0,0.0,0.52,0.6259615384615386,0.0,0.37692307692307697,0.0,0.0,0.0,0.0
G3.1.3,25,10,4,0.76,0.5736842105263157,0.0,1.0,1.0,1.0,1.0,0.0,1.0,0.0,1.0,0.0,0.0,0.0,0.0,0.0,0.52,0.5974358974358975,0.3076923076923077,0.46153846153846145,0.0,0.0,0.0,0.0
G3.1.3,25,25,0,0.68,0.6141176470588235,0.0,1.0,1.0,1.0,1.0,0.0,1.0,0.0,1.0,0.0,0.0,0.0,0.0,0.0,0.48,0.6405555555555554,0.0,0.39999999999999997,0.0,0.0,0.0,0.0
G3.1.3,25,25,1,0.68,0.6047058823529411,0.0,1.0,1.0,1.0,1.0,0.0,1.0,0.0,1.0,0.0,0.0,0.0,0.0,0.0,0.52,0.6262820512820512,0.0,0.40923076923076934,0.0,0.0,0.0,0.0
G3.1.3,25,25,2,0.72,0.6200000000000001,0.0,1.0,1.0,1.0,1.0,0.0,1.0,0.0,1.0,0.0,0.0,0.0,0.0,0.0,0.52,0.6635897435897437,0.07692307692307693,0.40923076923076934,0.0,0.0,0.0,0.0
G3.1.3,25,25,3,0.8,0.628,0.0,1.0,1.0,1.0,1.0,0.0,1.0,0.0,1.0,0.0,0.0,0.0,0.0,0.0,0.48,0.6213888888888889,0.0,0.3933333333333333,0.0,0.0,0.0,0.0
G3.1.3,25,25,4,0.84,0.6361904761904762,0.0,1.0,1.0,1.0,1.0,0.0,1.0,0.0,1.0,0.0,0.0,0.0,0.0,0.0,0.6,0.6565555555555557,0.0,0.37866666666666676,0.0,0.0,0.0,0.0
G3.1.3,25,50,0,0.68,0.6223529411764709,0.012345679012345678,1.0,0.9411764705882353,0.9411764705882353,1.0,0.0,0.9992737835875091,0.006495477058822921,0.9992737835875091,0.006495477058822921,0.0,0.0,0.0,0.0,0.52,0.638141025641026,0.07692307692307693,0.3815384615384616,0.0,0.0,0.0,0.0
G3.1.3,25,50,1,0.6,0.6026666666666668,0.013513513513513514,0.9333333333333333,1.0,0.9333333333333333,0.9990990990990991,0.00769730067145723,1.0,0.0,0.9990990990990991,0.00769730067145723,0.0,0.0,0.0,0.0,0.4,0.6242500000000002,0.1,0.388,0.0,0.0,0.0,0.0
G3.1.3,25,50,2,0.8,0.6030000000000003,0.0136986301369863,1.0,0.95,0.95,1.0,0.0,0.9993150684931508,0.0058118365576976545,0.9993150684931508,0.0058118365576976545,0.0,0.0,0.0,0.0,0.6,0.6164444444444448,0.0,0.404,0.0,0.0,0.0,0.0
G3.1.3,25,50,3,0.76,0.5894736842105266,0.0,1.0,1.0,1.0,1.0,0.0,1.0,0.0,1.0,0.0,0.0,0.0,0.0,0.0,0.64,0.625885416666667,0.0625,0.4225,0.0,0.0,0.0,0.0
G3.1.3,25,50,4,0.84,0.5876190476190478,0.0,1.0,1.0,1.0,1.0,0.0,1.0,0.0,1.0,0.0,0.0,0.0,0.0,0.0,0.64,0.6439583333333336,0.0,0.42000000000000004,0.0,0.0,0.0,0.0
G3.1.3,25,100,0,0.76,0.5800000000000003,0.0,1.0,1.0,1.0,1.0,0.0,1.0,0.0,1.0,0.0,0.0,0.0,0.0,0.0,0.64,0.6307812500000003,0.0,0.42625,0.0,0.0,0.0,0.0
G3.1.3,25,100,1,0.64,0.5837500000000003,0.013157894736842105,0.9375,1.0,0.9375,0.9991776315789473,0.0071219194390167665,1.0,0.0,0.9991776315789473,0.0071219194390167665,0.0,0.0,0.0,0.0,0.52,0.6227884615384618,0.23076923076923078,0.4184615384615385,0.0,0.0,0.0,0.0
G3.1.3,25,100,2,0.52,0.6107692307692311,0.01282051282051282,1.0,0.9230769230769231,0.9230769230769231,1.0,0.0,0.9990138067061144,0.008653811032931084,0.9990138067061144,0.008653811032931084,0.0,0.0,0.0,0.0,0.44,0.6307196969696973,0.18181818181818182,0.3972727272727273,0.0,0.0,0.0,0.0
G3.1.3,25,100,3,0.64,0.6212500000000003,0.013888888888888888,0.9375,1.0,0.9375,0.9991319444444444,0.0073143661225489225,1.0,0.0,0.9991319444444444,0.0073143661225489225,0.0,0.0,0.0,0.0,0.52,0.6457051282051285,0.07692307692307693,0.37692307692307686,0.0,0.0,0.0,0.0
G3.1.3,25,100,4,0.72,0.6188888888888893,0.0,1.0,1.0,1.0,1.0,0.0,1.0,0.0,1.0,0.0,0.0,0.0,0.0,0.0,0.56,0.6370238095238098,0.35714285714285715,0.3950000000000001,0.0,0.0,0.0,0.0
G3.1.3,50,10,0,0.64,0.596875,0.0,1.0,1.0,1.0,1.0,0.0,1.0,0.0,1.0,0.0,0.0,0.0,0.0,0.0,0.44,0.6697588126159555,0.22727272727272727,0.43636363636363634,0.0,0.0,0.0,0.0
G3.1.3,50,10,1,0.7,0.6171428571428572,0.0,1.0,1.0,1.0,1.0,0.0,1.0,0.0,1.0,0.0,0.0,0.0,0.0,0.0,0.4,0.6526530612244897,0.0,0.43000000000000005,0.0,0.0,0.0,0.0
G3.1.3,50,10,2,0.8,0.605,0.0,1.0,1.0,1.0,1.0,0.0,1.0,0.0,1.0,0.0,0.0,0.0,0.0,0.0,0.44,0.628756957328386,0.045454545454545456,0.43636363636363645,0.0,0.0,0.0,0.0
G3.1.3,50,10,3,0.78,0.6230769230769231,0.0,1.0,1.0,1.0,1.0,0.0,1.0,0.0,1.0,0.0,0.0,0.0,0.0,0.0,0.46,0.6643300798580302,0.08695652173913043,0.43478260869565216,0.0,0.0,0.0,0.0
G3.1.3,50,10,4,0.92,0.6152173913043477,0.0,1.0,1.0,1.0,1.0,0.0,1.0,0.0,1.0,0.0,0.0,0.0,0.0,0.0,0.62,0.6496379196840025,0.0,0.3967741935483871,0.0,0.0,0.0,0.0
G3.1.3,50,25,0,0.76,0.6210526315789475,0.0,1.0,1.0,1.0,1.0,0.0,1.0,0.0,1.0,0.0,0.0,0.0,0.0,0.0,0.44,0.6392949907235622,0.18181818181818182,0.4309090909090909,0.0,0.0,0.0,0.0
G3.1.3,50,25,1,0.72,0.6066666666666669,0.0,1.0,1.0,1.0,1.0,0.0,1.0,0.0,1.0,0.0,0.0,0.0,0.0,0.0,0.48,0.6351360544217687,0.041666666666666664,0.42,0.0,0.0,0.0,0.0
G3.1.3,50,25,2,0.8,0.556,0.0,1.0,1.0,1.0,1.0,0.0,1.0,0.0,1.0,0.0,0.0,0.0,0.0,0.0,0.66,0.6279282622139765,0.030303030303030304,0.45818181818181813,0.0,0.0,0.0,0.0
G3.1.3,50,25,3,0.72,0.5955555555555556,0.0,1.0,1.0,1.0,1.0,0.0,1.0,0.0,1.0,0.0,0.0,0.0,0.0,0.0,0.46,0.6217213842058563,0.043478260869565216,0.4278260869565218,0.0,0.0,0.0,0.0
G3.1.3,50,25,4,0.76,0.6326315789473684,0.0,1.0,1.0,1.0,1.0,0.0,1.0,0.0,1.0,0.0,0.0,0.0,0.0,0.0,0.46,0.646885536823425,0.043478260869565216,0.4017391304347826,0.0,0.0,0.0,0.0
G3.1.3,50,50,0,0.7,0.5960000000000002,0.0,1.0,1.0,1.0,1.0,0.0,1.0,0.0,1.0,0.0,0.0,0.0,0.0,0.0,0.46,0.6200177462289265,0.0,0.4304347826086956,0.0,0.0,0.0,0.0
G3.1.3,50,50,1,0.66,0.595757575757576,0.0,1.0,1.0,1.0,1.0,0.0,1.0,0.0,1.0,0.0,0.0,0.0,0.0,0.0,0.48,0.6219217687074833,0.0,0.4083333333333334,0.0,0.0,0.0,0.0
G3.1.3,50,50,2,0.68,0.6123529411764708,0.0,1.0,1.0,1.0,1.0,0.0,1.0,0.0,1.0,0.0,0.0,0.0,0.0,0.0,0.4,0.6359795918367348,0.15,0.4090000000000001,0.0,0.0,0.0,0.0
G3.1.3,50,50,3,0.76,0.6100000000000003,0.0,1.0,1.0,1.0,1.0,0.0,1.0,0.0,1.0,0.0,0.0,0.0,0.0,0.0,0.46,0.6241348713398404,0.0,0.40869565217391307,0.0,0.0,0.0,0.0
G3.1.3,50,50,4,0.78,0.6000000000000003,0.0,1.0,1.0,1.0,1.0,0.0,1.0,0.0,1.0,0.0,0.0,0.0,0.0,0.0,0.62,0.6331402238314683,0.03225806451612903,0.40709677419354845,0.0,0.0,0.0,0.0
G3.1.3,50,100,0,0.64,0.5943750000000003,0.0,1.0,1.0,1.0,1.0,0.0,1.0,0.0,1.0,0.0,0.0,0.0,0.0,0.0,0.52,0.6301805337519627,0.07692307692307693,0.4169230769230769,0.0,0.0,0.0,0.0
G3.1.3,50,100,1,0.78,0.6074358974358977,0.0,1.0,1.0,1.0,1.0,0.0,1.0,0.0,1.0,0.0,0.0,0.0,0.0,0.0,0.52,0.6261616954474102,0.07692307692307693,0.41346153846153855,0.0,0.0,0.0,0.0
G3.1.3,50,100,2,0.7,0.6094285714285718,0.0,1.0,1.0,1.0,1.0,0.0,1.0,0.0,1.0,0.0,0.0,0.0,0.0,0.0,0.52,0.6421114599686033,0.11538461538461539,0.4057692307692307,0.0,0.0,0.0,0.0
G3.1.3,50,100,3,0.72,0.5969444444444448,0.0,1.0,1.0,1.0,1.0,0.0,1.0,0.0,1.0,0.0,0.0,0.0,0.0,0.0,0.46,0.6329370008873118,0.08695652173913043,0.41608695652173916,0.0,0.0,0.0,0.0
G3.1.3,50,100,4,0.66,0.6006060606060609,0.0,1.0,1.0,1.0,1.0,0.0,1.0,0.0,1.0,0.0,0.0,0.0,0.0,0.0,0.54,0.6214739229024947,0.07407407407407407,0.4181481481481481,0.0,0.0,0.0,0.0
G3.1.3,100,10,0,0.73,0.6273972602739727,0.0,1.0,1.0,1.0,1.0,0.0,1.0,0.0,1.0,0.0,0.0,0.0,0.0,0.0,0.46,0.6772068511198946,0.021739130434782608,0.4108695652173914,0.0,0.0,0.0,0.0
G3.1.3,100,10,1,0.76,0.6223684210526317,0.0,1.0,1.0,1.0,1.0,0.0,1.0,0.0,1.0,0.0,0.0,0.0,0.0,0.0,0.45,0.634141414141414,0.0,0.4133333333333334,0.0,0.0,0.0,0.0
G3.1.3,100,10,2,0.81,0.6160493827160494,0.0,1.0,1.0,1.0,1.0,0.0,1.0,0.0,1.0,0.0,0.0,0.0,0.0,0.0,0.45,0.6399551066217731,0.0,0.4088888888888888,0.0,0.0,0.0,0.0
G3.1.3,100,10,3,0.73,0.6534246575342465,0.0,1.0,1.0,1.0,1.0,0.0,1.0,0.0,1.0,0.0,0.0,0.0,0.0,0.0,0.43,0.6244068592905803,0.023255813953488372,0.38139534883720927,0.0,0.0,0.0,0.0
G3.1.3,100,10,4,0.78,0.5987179487179487,0.0,1.0,1.0,1.0,1.0,0.0,1.0,0.0,1.0,0.0,0.0,0.0,0.0,0.0,0.37,0.6311493311493311,0.0,0.4297297297297297,0.0,0.0,0.0,0.0
G3.1.3,100,25,0,0.81,0.6049382716049382,0.0,1.0,1.0,1.0,1.0,0.0,1.0,0.0,1.0,0.0,0.0,0.0,0.0,0.0,0.57,0.6254970760233918,0.0,0.41754385964912283,0.0,0.0,0.0,0.0
G3.1.3,100,25,1,0.82,0.6126829268292683,0.0,1.0,1.0,1.0,1.0,0.0,1.0,0.0,1.0,0.0,0.0,0.0,0.0,0.0,0.62,0.6265102639296188,0.0,0.4038709677419354,0.0,0.0,0.0,0.0
G3.1.3,100,25,2,0.73,0.6131506849315068,0.0,1.0,1.0,1.0,1.0,0.0,1.0,0.0,1.0,0.0,0.0,0.0,0.0,0.0,0.45,0.6309674523007855,0.022222222222222223,0.4106666666666667,0.0,0.0,0.0,0.0
G3.1.3,100,25,3,0.77,0.611948051948052,0.0,1.0,1.0,1.0,1.0,0.0,1.0,0.0,1.0,0.0,0.0,0.0,0.0,0.0,0.5,0.6324525252525253,0.02,0.40399999999999997,0.0,0.0,0.0,0.0
G3.1.3,100,25,4,0.8,0.602,0.0,1.0,1.0,1.0,1.0,0.0,1.0,0.0,1.0,0.0,0.0,0.0,0.0,0.0,0.52,0.6302486402486402,0.0,0.4153846153846154,0.0,0.0,0.0,0.0
G3.1.3,100,50,0,0.74,0.6051351351351354,0.0,1.0,1.0,1.0,1.0,0.0,1.0,0.0,1.0,0.0,0.0,0.0,0.0,0.0,0.46,0.6181247255160301,0.0,0.41956521739130437,0.0,0.0,0.0,0.0
G3.1.3,100,50,1,0.73,0.6060273972602743,0.0,1.0,1.0,1.0,1.0,0.0,1.0,0.0,1.0,0.0,0.0,0.0,0.0,0.0,0.52,0.6371056721056724,0.019230769230769232,0.40884615384615386,0.0,0.0,0.0,0.0
G3.1.3,100,50,2,0.73,0.6049315068493153,0.0,1.0,1.0,1.0,1.0,0.0,1.0,0.0,1.0,0.0,0.0,0.0,0.0,0.0,0.48,0.6298063973063975,0.0,0.4179166666666667,0.0,0.0,0.0,0.0
G3.1.3,100,50,3,0.77,0.6109090909090912,0.0,1.0,1.0,1.0,1.0,0.0,1.0,0.0,1.0,0.0,0.0,0.0,0.0,0.0,0.54,0.6344107744107746,0.018518518518518517,0.4055555555555556,0.0,0.0,0.0,0.0
G3.1.3,100,50,4,0.69,0.5843478260869567,0.0,1.0,1.0,1.0,1.0,0.0,1.0,0.0,1.0,0.0,0.0,0.0,0.0,0.0,0.5,0.6118222222222225,0.0,0.4336,0.0,0.0,0.0,0.0
G3.1.3,100,100,0,0.61,0.5913114754098364,0.0,1.0,1.0,1.0,1.0,0.0,1.0,0.0,1.0,0.0,0.0,0.0,0.0,0.0,0.49,0.6276705833848695,0.04081632653061224,0.42,0.0,0.0,0.0,0.0
G3.1.3,100,100,1,0.71,0.5945070422535216,0.0,1.0,1.0,1.0,1.0,0.0,1.0,0.0,1.0,0.0,0.0,0.0,0.0,0.0,0.5,0.6164929292929296,0.0,0.42019999999999996,0.0,0.0,0.0,0.0
G3.1.3,100,100,2,0.71,0.5953521126760568,0.0,1.0,1.0,1.0,1.0,0.0,1.0,0.0,1.0,0.0,0.0,0.0,0.0,0.0,0.52,0.6196192696192699,0.038461538461538464,0.42096153846153855,0.0,0.0,0.0,0.0
G3.1.3,100,100,3,0.65,0.5992307692307695,0.0,1.0,1.0,1.0,1.0,0.0,1.0,0.0,1.0,0.0,0.0,0.0,0.0,0.0,0.48,0.6352062289562292,0.0625,0.4183333333333334,0.0,0.0,0.0,0.0
G3.1.3,100,100,4,0.73,0.5919178082191784,0.0,1.0,1.0,1.0,1.0,0.0,1.0,0.0,1.0,0.0,0.0,0.0,0.0,0.0,0.54,0.625061728395062,0.0,0.4222222222222223,0.0,0.0,0.0,0.0
G3.2.1,10,10,0,0.9,0.6666666666666666,0.0,1.0,1.0,1.0,1.0,0.0,1.0,0.0,1.0,0.0,0.0,0.0,0.0,0.0,0.7,0.5444444444444444,0.0,0.3,0.0,0.0,0.0,0.0
G3.2.1,10,10,1,0.9,0.7555555555555554,0.0,1.0,1.0,1.0,1.0,0.0,1.0,0.0,1.0,0.0,0.0,0.0,0.0,0.0,0.8,0.5611111111111111,0.0,0.25,0.0,0.0,0.0,0.0
G3.2.1,10,10,2,0.8,0.7249999999999999,0.06060606060606061,0.625,1.0,0.625,0.9875541125541126,0.052842232102743296,1.0,0.0,0.9875541125541126,0.052842232102743296,0.0,0.0,0.0,0.0,0.6,0.6648148148148147,0.16666666666666666,0.2666666666666667,0.0,0.0,0.0,0.0
G3.2.1,10,10,3,0.9,0.7555555555555555,0.0,1.0,1.0,1.0,1.0,0.0,1.0,0.0,1.0,0.0,0.0,0.0,0.0,0.0,0.6,0.6592592592592593,0.0,0.23333333333333336,0.0,0.0,0.0,0.0
G3.2.1,10,10,4,0.9,0.6777777777777777,0.0,1.0,1.0,1.0,1.0,0.0,1.0,0.0,1.0,0.0,0.0,0.0,0.0,0.0,0.7,0.5444444444444444,0.0,0.3,0.0,0.0,0.0,0.0
G3.2.1,10,25,0,1.0,0.728,0.0,1.0,1.0,1.0,1.0,0.0,1.0,0.0,1.0,0.0,0.0,0.0,0.0,0.0,0.8,0.5694444444444443,0.0,0.29000000000000004,0.0,0.0,0.0,0.0
G3.2.1,10,25,1,1.0,0.724,0.0,1.0,1.0,1.0,1.0,0.0,1.0,0.0,1.0,0.0,0.0,0.0,0.0,0.0,0.6,0.5696296296296296,0.0,0.29333333333333333,0.0,0.0,0.0,0.0
G3.2.1,10,25,2,1.0,0.7,0.038461538461538464,1.0,0.9,0.9,1.0,0.0,0.9961538461538461,0.01923076923076923,0.9961538461538461,0.01923076923076923,0.0,0.0,0.0,0.0,0.5,0.5973333333333333,0.0,0.304,0.0,0.0,0.0,0.0
G3.2.1,10,25,3,1.0,0.756,0.0,1.0,1.0,1.0,1.0,0.0,1.0,0.0,1.0,0.0,0.0,0.0,0.0,0.0,0.5,0.6177777777777778,0.0,0.21600000000000003,0.0,0.0,0.0,0.0
G3.2.1,10,25,4,1.0,0.704,0.0,1.0,1.0,1.0,1.0,0.0,1.0,0.0,1.0,0.0,0.0,0.0,0.0,0.0,0.9,0.594074074074074,0.0,0.2977777777777778,0.0,0.0,0.0,0.0
G3.2.1,10,50,0,1.0,0.7180000000000003,0.0,1.0,1.0,1.0,1.0,0.0,1.0,0.0,1.0,0.0,0.0,0.0,0.0,0.0,0.7,0.6117460317460319,0.0,0.25999999999999995,0.0,0.0,0.0,0.0
G3.2.1,10,50,1,1.0,0.7280000000000004,0.0,1.0,1.0,1.0,1.0,0.0,1.0,0.0,1.0,0.0,0.0,0.0,0.0,0.0,0.7,0.6073015873015876,0.0,0.24857142857142858,0.0,0.0,0.0,0.0
G3.2.1,10,50,2,1.0,0.6980000000000004,0.0,1.0,1.0,1.0,1.0,0.0,1.0,0.0,1.0,0.0,0.0,0.0,0.0,0.0,0.8,0.6005555555555557,0.0,0.30250000000000005,0.0,0.0,0.0,0.0
G3.2.1,10,50,3,1.0,0.6880000000000003,0.0,1.0,1.0,1.0,1.0,0.0,1.0,0.0,1.0,0.0,0.0,0.0,0.0,0.0,0.6,0.5696296296296298,0.0,0.3133333333333334,0.0,0.0,0.0,0.0
G3.2.1,10,50,4,1.0,0.6880000000000004,0.0,1.0,1.0,1.0,1.0,0.0,1.0,0.0,1.0,0.0,0.0,0.0,0.0,0.0,0.8,0.5866666666666669,0.0,0.33999999999999997,0.0,0.0,0.0,0.0
G3.2.1,10,100,0,1.0,0.6740000000000004,0.0,1.0,1.0,1.0,1.0,0.0,1.0,0.0,1.0,0.0,0.0,0.0,0.0,0.0,0.7,0.6049206349206352,0.0,0.31428571428571433,0.0,0.0,0.0,0.0
G3.2.1,10,100,1,1.0,0.6910000000000004,0.0,1.0,1.0,1.0,1.0,0.0,1.0,0.0,1.0,0.0,0.0,0.0,0.0,0.0,0.5,0.5791111111111114,0.0,0.29400000000000004,0.0,0.0,0.0,0.0
G3.2.1,10,100,2,1.0,0.7060000000000004,0.0,1.0,1.0,1.0,1.0,0.0,1.0,0.0,1.0,0.0,0.0,0.0,0.0,0.0,0.8,0.5847222222222226,0.0,0.29500000000000004,0.0,0.0,0.0,0.0
G3.2.1,10,100,3,1.0,0.7000000000000004,0.0,1.0,1.0,1.0,1.0,0.0,1.0,0.0,1.0,0.0,0.0,0.0,0.0,0.0,0.8,0.604166666666667,0.0,0.31125,0.0,0.0,0.0,0.0
G3.2.1,10,100,4,1.0,0.6990000000000004,0.0,1.0,1.0,1.0,1.0,0.0,1.0,0.0,1.0,0.0,0.0,0.0,0.0,0.0,0.7,0.613650793650794,0.0,0.3014285714285715,0.0,0.0,0.0,0.0
G3.2.1,25,10,0,1.0,0.728,0.0,1.0,1.0,1.0,1.0,0.0,1.0,0.0,1.0,0.0,0.0,0.0,0.0,0.0,0.64,0.596875,0.0,0.30624999999999997,0.0,0.0,0.0,0.0
G3.2.1,25,10,1,0.92,0.7000000000000001,0.0,1.0,1.0,1.0,1.0,0.0,1.0,0.0,1.0,0.0,0.0,0.0,0.0,0.0,0.44,0.6382575757575757,0.0,0.2636363636363636,0.0,0.0,0.0,0.0
G3.2.1,25,10,2,1.0,0.716,0.038461538461538464,1.0,0.96,0.96,1.0,0.0,0.9984615384615385,0.007692307692307699,0.9984615384615385,0.007692307692307699,0.0,0.0,0.0,0.0,0.8,0.645,0.0,0.32,0.0,0.0,0.0,0.0
G3.2.1,25,10,3,0.92,0.7173913043478259,0.0,1.0,1.0,1.0,1.0,0.0,1.0,0.0,1.0,0.0,0.0,0.0,0.0,0.0,0.52,0.5996794871794872,0.0,0.31538461538461543,0.0,0.0,0.0,0.0
G3.2.1,25,10,4,0.96,0.6916666666666668,0.0,1.0,1.0,1.0,1.0,0.0,1.0,0.0,1.0,0.0,0.0,0.0,0.0,0.0,0.56,0.6261904761904764,0.07142857142857142,0.35000000000000003,0.0,0.0,0.0,0.0
G3.2.1,25,25,0,1.0,0.6944,0.0,1.0,1.0,1.0,1.0,0.0,1.0,0.0,1.0,0.0,0.0,0.0,0.0,0.0,0.72,0.6110185185185184,0.0,0.3222222222222223,0.0,0.0,0.0,0.0
G3.2.1,25,25,1,1.0,0.7296,0.0,1.0,1.0,1.0,1.0,0.0,1.0,0.0,1.0,0.0,0.0,0.0,0.0,0.0,0.72,0.5862037037037038,0.0,0.26222222222222225,0.0,0.0,0.0,0.0
G3.2.1,25,25,2,1.0,0.6703999999999999,0.0,1.0,1.0,1.0,1.0,0.0,1.0,0.0,1.0,0.0,0.0,0.0,0.0,0.0,0.6,0.6035555555555555,0.0,0.32800000000000007,0.0,0.0,0.0,0.0
G3.2.1,25,25,3,0.96,0.7050000000000001,0.0,1.0,1.0,1.0,1.0,0.0,1.0,0.0,1.0,0.0,0.0,0.0,0.0,0.0,0.76,0.5998245614035088,0.0,0.29473684210526324,0.0,0.0,0.0,0.0
G3.2.1,25,25,4,1.0,0.7328,0.0,1.0,1.0,1.0,1.0,0.0,1.0,0.0,1.0,0.0,0.0,0.0,0.0,0.0,0.68,0.5900980392156863,0.0,0.28941176470588237,0.0,0.0,0.0,0.0
G3.2.1,25,50,0,0.96,0.7100000000000004,0.0,1.0,1.0,1.0,1.0,0.0,1.0,0.0,1.0,0.0,0.0,0.0,0.0,0.0,0.68,0.6055392156862748,0.0,0.3047058823529412,0.0,0.0,0.0,0.0
G3.2.1,25,50,1,1.0,0.6904000000000003,0.0,1.0,1.0,1.0,1.0,0.0,1.0,0.0,1.0,0.0,0.0,0.0,0.0,0.0,0.84,0.5835714285714287,0.0,0.3047619047619048,0.0,0.0,0.0,0.0
G3.2.1,25,50,2,0.96,0.721666666666667,0.0,1.0,1.0,1.0,1.0,0.0,1.0,0.0,1.0,0.0,0.0,0.0,0.0,0.0,0.6,0.6215000000000003,0.0,0.26799999999999996,0.0,0.0,0.0,0.0
G3.2.1,25,50,3,1.0,0.6920000000000003,0.0,1.0,1.0,1.0,1.0,0.0,1.0,0.0,1.0,0.0,0.0,0.0,0.0,0.0,0.56,0.5830357142857145,0.0,0.3071428571428571,0.0,0.0,0.0,0.0
G3.2.1,25,50,4,1.0,0.7016000000000006,0.0,1.0,1.0,1.0,1.0,0.0,1.0,0.0,1.0,0.0,0.0,0.0,0.0,0.0,0.8,0.6177083333333335,0.0,0.29500000000000004,0.0,0.0,0.0,0.0
G3.2.1,25,100,0,1.0,0.6864000000000003,0.0,1.0,1.0,1.0,1.0,0.0,1.0,0.0,1.0,0.0,0.0,0.0,0.0,0.0,0.64,0.6044791666666671,0.0,0.305,0.0,0.0,0.0,0.0
G3.2.1,25,100,1,1.0,0.7056000000000004,0.0,1.0,1.0,1.0,1.0,0.0,1.0,0.0,1.0,0.0,0.0,0.0,0.0,0.0,0.72,0.596342592592593,0.0,0.29388888888888887,0.0,0.0,0.0,0.0
G3.2.1,25,100,2,1.0,0.6840000000000004,0.0,1.0,1.0,1.0,1.0,0.0,1.0,0.0,1.0,0.0,0.0,0.0,0.0,0.0,0.68,0.5981617647058826,0.0,0.3129411764705883,0.0,0.0,0.0,0.0
G3.2.1,25,100,3,1.0,0.6944000000000004,0.0,1.0,1.0,1.0,1.0,0.0,1.0,0.0,1.0,0.0,0.0,0.0,0.0,0.0,0.68,0.5878676470588239,0.0,0.30411764705882355,0.0,0.0,0.0,0.0
G3.2.1,25,100,4,1.0,0.6908000000000004,0.0,1.0,1.0,1.0,1.0,0.0,1.0,0.0,1.0,0.0,0.0,0.0,0.0,0.0,0.72,0.596018518518519,0.0,0.31055555555555553,0.0,0.0,0.0,0.0
G3.2.1,50,10,0,0.94,0.7297872340425531,0.0,1.0,1.0,1.0,1.0,0.0,1.0,0.0,1.0,0.0,0.0,0.0,0.0,0.0,0.52,0.6110675039246467,0.0,0.3038461538461538,0.0,0.0,0.0,0.0
G3.2.1,50,10,1,0.84,0.7380952380952381,0.0,1.0,1.0,1.0,1.0,0.0,1.0,0.0,1.0,0.0,0.0,0.0,0.0,0.0,0.48,0.6145408163265306,0.0,0.26666666666666666,0.0,0.0,0.0,0.0
G3.2.1,50,10,2,0.92,0.6956521739130435,0.0,1.0,1.0,1.0,1.0,0.0,1.0,0.0,1.0,0.0,0.0,0.0,0.0,0.0,0.48,0.6099489795918367,0.0,0.3125,0.0,0.0,0.0,0.0
G3.2.1,50,10,3,0.9,0.7222222222222222,0.0,1.0,1.0,1.0,1.0,0.0,1.0,0.0,1.0,0.0,0.0,0.0,0.0,0.0,0.56,0.5945335276967931,0.03571428571428571,0.2785714285714286,0.0,0.0,0.0,0.0
G3.2.1,50,10,4,0.94,0.7,0.0,1.0,1.0,1.0,1.0,0.0,1.0,0.0,1.0,0.0,0.0,0.0,0.0,0.0,0.52,0.5952119309262166,0.0,0.3192307692307692,0.0,0.0,0.0,0.0
G3.2.1,50,25,0,0.94,0.6919148936170215,0.0,1.0,1.0,1.0,1.0,0.0,1.0,0.0,1.0,0.0,0.0,0.0,0.0,0.0,0.6,0.5978503401360544,0.0,0.33199999999999996,0.0,0.0,0.0,0.0
G3.2.1,50,25,1,0.92,0.6930434782608696,0.0,1.0,1.0,1.0,1.0,0.0,1.0,0.0,1.0,0.0,0.0,0.0,0.0,0.0,0.7,0.5979708454810495,0.0,0.32,0.0,0.0,0.0,0.0
G3.2.1,50,25,2,1.0,0.696,0.0,1.0,1.0,1.0,1.0,0.0,1.0,0.0,1.0,0.0,0.0,0.0,0.0,0.0,0.7,0.5809912536443149,0.0,0.3142857142857142,0.0,0.0,0.0,0.0
G3.2.1,50,25,3,0.96,0.7266666666666666,0.0,1.0,1.0,1.0,1.0,0.0,1.0,0.0,1.0,0.0,0.0,0.0,0.0,0.0,0.7,0.594075801749271,0.0,0.27771428571428575,0.0,0.0,0.0,0.0
G3.2.1,50,25,4,0.96,0.6933333333333334,0.0,1.0,1.0,1.0,1.0,0.0,1.0,0.0,1.0,0.0,0.0,0.0,0.0,0.0,0.6,0.6016326530612245,0.0,0.304,0.0,0.0,0.0,0.0
G3.2.1,50,50,0,0.96,0.684166666666667,0.0,1.0,1.0,1.0,1.0,0.0,1.0,0.0,1.0,0.0,0.0,0.0,0.0,0.0,0.56,0.5816763848396503,0.0,0.32,0.0,0.0,0.0,0.0
G3.2.1,50,50,1,0.96,0.699166666666667,0.0,1.0,1.0,1.0,1.0,0.0,1.0,0.0,1.0,0.0,0.0,0.0,0.0,0.0,0.68,0.597262905162065,0.0,0.30000000000000004,0.0,0.0,0.0,0.0
G3.2.1,50,50,2,0.96,0.6945833333333337,0.0,1.0,1.0,1.0,1.0,0.0,1.0,0.0,1.0,0.0,0.0,0.0,0.0,0.0,0.74,0.6035410921125208,0.0,0.314054054054054,0.0,0.0,0.0,0.0
G3.2.1,50,50,3,0.98,0.7065306122448982,0.0,1.0,1.0,1.0,1.0,0.0,1.0,0.0,1.0,0.0,0.0,0.0,0.0,0.0,0.52,0.6003453689167977,0.0,0.29307692307692307,0.0,0.0,0.0,0.0
G3.2.1,50,50,4,1.0,0.6968000000000002,0.0,1.0,1.0,1.0,1.0,0.0,1.0,0.0,1.0,0.0,0.0,0.0,0.0,0.0,0.58,0.5973821252638989,0.0,0.3027586206896552,0.0,0.0,0.0,0.0
G3.2.1,50,100,0,1.0,0.6928000000000003,0.0,1.0,1.0,1.0,1.0,0.0,1.0,0.0,1.0,0.0,0.0,0.0,0.0,0.0,0.68,0.5857322929171671,0.0,0.31176470588235294,0.0,0.0,0.0,0.0
G3.2.1,50,100,1,1.0,0.6922000000000006,0.0,1.0,1.0,1.0,1.0,0.0,1.0,0.0,1.0,0.0,0.0,0.0,0.0,0.0,0.78,0.6005599162742024,0.0,0.31153846153846143,0.0,0.0,0.0,0.0
G3.2.1,50,100,2,1.0,0.6836000000000004,0.0,1.0,1.0,1.0,1.0,0.0,1.0,0.0,1.0,0.0,0.0,0.0,0.0,0.0,0.68,0.592478991596639,0.0,0.31882352941176473,0.0,0.0,0.0,0.0
G3.2.1,50,100,3,1.0,0.6894000000000005,0.0,1.0,1.0,1.0,1.0,0.0,1.0,0.0,1.0,0.0,0.0,0.0,0.0,0.0,0.7,0.5963790087463561,0.0,0.3148571428571428,0.0,0.0,0.0,0.0
G3.2.1,50,100,4,1.0,0.6980000000000004,0.0,1.0,1.0,1.0,1.0,0.0,1.0,0.0,1.0,0.0,0.0,0.0,0.0,0.0,0.7,0.5914752186588924,0.0,0.30514285714285716,0.0,0.0,0.0,0.0
G3.2.1,100,10,0,0.96,0.69375,0.0,1.0,1.0,1.0,1.0,0.0,1.0,0.0,1.0,0.0,0.0,0.0,0.0,0.0,0.56,0.5962662337662338,0.017857142857142856,0.3428571428571429,0.0,0.0,0.0,0.0
G3.2.1,100,10,1,0.97,0.6979381443298968,0.0,1.0,1.0,1.0,1.0,0.0,1.0,0.0,1.0,0.0,0.0,0.0,0.0,0.0,0.63,0.608433541766875,0.0,0.30158730158730157,0.0,0.0,0.0,0.0
G3.2.1,100,10,2,0.94,0.7138297872340427,0.0,1.0,1.0,1.0,1.0,0.0,1.0,0.0,1.0,0.0,0.0,0.0,0.0,0.0,0.48,0.57628367003367,0.0,0.3,0.0,0.0,0.0,0.0
G3.2.1,100,10,3,0.96,0.6989583333333332,0.0,1.0,1.0,1.0,1.0,0.0,1.0,0.0,1.0,0.0,0.0,0.0,0.0,0.0,0.49,0.6118119975262832,0.0,0.3061224489795919,0.0,0.0,0.0,0.0
G3.2.1,100,10,4,0.94,0.7276595744680848,0.0,1.0,1.0,1.0,1.0,0.0,1.0,0.0,1.0,0.0,0.0,0.0,0.0,0.0,0.53,0.5872498570611777,0.0,0.2867924528301887,0.0,0.0,0.0,0.0
G3.2.1,100,25,0,0.95,0.696,0.0,1.0,1.0,1.0,1.0,0.0,1.0,0.0,1.0,0.0,0.0,0.0,0.0,0.0,0.71,0.5895404751742779,0.0,0.31436619718309855,0.0,0.0,0.0,0.0
G3.2.1,100,25,1,0.99,0.7103030303030301,0.0,1.0,1.0,1.0,1.0,0.0,1.0,0.0,1.0,0.0,0.0,0.0,0.0,0.0,0.62,0.5938937764744214,0.0,0.2877419354838709,0.0,0.0,0.0,0.0
G3.2.1,100,25,2,1.0,0.6996000000000001,0.0,1.0,1.0,1.0,1.0,0.0,1.0,0.0,1.0,0.0,0.0,0.0,0.0,0.0,0.7,0.6106493506493506,0.0,0.3137142857142857,0.0,0.0,0.0,0.0
G3.2.1,100,25,3,0.97,0.6927835051546392,0.0,1.0,1.0,1.0,1.0,0.0,1.0,0.0,1.0,0.0,0.0,0.0,0.0,0.0,0.71,0.6046037843220942,0.0,0.31661971830985913,0.0,0.0,0.0,0.0
G3.2.1,100,25,4,0.9,0.7088888888888888,0.0,1.0,1.0,1.0,1.0,0.0,1.0,0.0,1.0,0.0,0.0,0.0,0.0,0.0,0.55,0.6061854912764002,0.0,0.2887272727272727,0.0,0.0,0.0,0.0
G3.2.1,100,50,0,0.98,0.7026530612244903,0.0,1.0,1.0,1.0,1.0,0.0,1.0,0.0,1.0,0.0,0.0,0.0,0.0,0.0,0.64,0.5978188131313134,0.0,0.298125,0.0,0.0,0.0,0.0
G3.2.1,100,50,1,0.99,0.6965656565656569,0.0,1.0,1.0,1.0,1.0,0.0,1.0,0.0,1.0,0.0,0.0,0.0,0.0,0.0,0.68,0.5939958407605469,0.0,0.30705882352941183,0.0,0.0,0.0,0.0
G3.2.1,100,50,2,0.98,0.6900000000000004,0.0,1.0,1.0,1.0,1.0,0.0,1.0,0.0,1.0,0.0,0.0,0.0,0.0,0.0,0.68,0.5996553773024363,0.0,0.318235294117647,0.0,0.0,0.0,0.0
G3.2.1,100,50,3,1.0,0.6940000000000005,0.0,1.0,1.0,1.0,1.0,0.0,1.0,0.0,1.0,0.0,0.0,0.0,0.0,0.0,0.65,0.5976317016317019,0.0,0.308,0.0,0.0,0.0,0.0
G3.2.1,100,50,4,1.0,0.6920000000000005,0.0,1.0,1.0,1.0,1.0,0.0,1.0,0.0,1.0,0.0,0.0,0.0,0.0,0.0,0.63,0.5890909090909092,0.0,0.3107936507936508,0.0,0.0,0.0,0.0
G3.2.1,100,100,0,0.97,0.6928865979381447,0.0,1.0,1.0,1.0,1.0,0.0,1.0,0.0,1.0,0.0,0.0,0.0,0.0,0.0,0.68,0.5860472370766491,0.0,0.3072058823529412,0.0,0.0,0.0,0.0
G3.2.1,100,100,1,0.99,0.7037373737373742,0.0,1.0,1.0,1.0,1.0,0.0,1.0,0.0,1.0,0.0,0.0,0.0,0.0,0.0,0.64,0.5946669823232327,0.0,0.2953125,0.0,0.0,0.0,0.0
G3.2.1,100,100,2,0.99,0.6932323232323236,0.0,1.0,1.0,1.0,1.0,0.0,1.0,0.0,1.0,0.0,0.0,0.0,0.0,0.0,0.62,0.5947523623330078,0.0,0.3024193548387096,0.0,0.0,0.0,0.0
G3.2.1,100,100,3,1.0,0.7008000000000003,0.0,1.0,1.0,1.0,1.0,0.0,1.0,0.0,1.0,0.0,0.0,0.0,0.0,0.0,0.72,0.5998653198653202,0.0,0.2947222222222223,0.0,0.0,0.0,0.0
G3.2.1,100,100,4,1.0,0.6919000000000004,0.0,1.0,1.0,1.0,1.0,0.0,1.0,0.0,1.0,0.0,0.0,0.0,0.0,0.0,0.72,0.5931930415263751,0.0,0.31055555555555553,0.0,0.0,0.0,0.0
G3.2.2,10,10,0,1.0,0.74,0.07407407407407407,0.8,1.0,0.8,0.9921810699588477,0.027685412660994505,1.0,0.0,0.9921810699588477,0.027685412660994505,0.0,0.0,0.0,0.0,0.6,0.6185185185185185,0.0,0.25,0.0,0.0,0.0,0.0
G3.2.2,10,10,1,1.0,0.7,0.13636363636363635,1.0,0.7,0.7,1.0,0.0,0.9863636363636363,0.034317429251230665,0.9863636363636363,0.034317429251230665,0.0,0.0,0.0,0.0,0.8,0.6277777777777778,0.0,0.3125,0.0,0.0,0.0,0.0
G3.2.2,10,10,2,0.9,0.7444444444444444,0.03571428571428571,0.8888888888888888,1.0,0.8888888888888888,0.996031746031746,0.02061965247105807,1.0,0.0,0.996031746031746,0.02061965247105807,0.0,0.0,0.0,0.0,0.6,0.6296296296296297,0.0,0.26666666666666666,0.0,0.0,0.0,0.0
G3.2.2,10,10,3,1.0,0.6399999999999999,0.0,1.0,1.0,1.0,1.0,0.0,1.0,0.0,1.0,0.0,0.0,0.0,0.0,0.0,0.6,0.5555555555555556,0.0,0.3166666666666667,0.0,0.0,0.0,0.0
G3.2.2,10,10,4,1.0,0.76,0.0,1.0,1.0,1.0,1.0,0.0,1.0,0.0,1.0,0.0,0.0,0.0,0.0,0.0,0.6,0.611111111111111,0.0,0.20000000000000004,0.0,0.0,0.0,0.0
G3.2.2,10,25,0,1.0,0.7,0.038461538461538464,1.0,0.9,0.9,1.0,0.0,0.9961538461538461,0.01923076923076923,0.9961538461538461,0.01923076923076923,0.0,0.0,0.0,0.0,0.6,0.6229629629629629,0.0,0.2733333333333334,0.0,0.0,0.0,0.0
G3.2.2,10,25,1,1.0,0.744,0.0,1.0,1.0,1.0,1.0,0.0,1.0,0.0,1.0,0.0,0.0,0.0,0.0,0.0,0.5,0.5955555555555555,0.0,0.22400000000000003,0.0,0.0,0.0,0.0
G3.2.2,10,25,2,1.0,0.6679999999999999,0.0,1.0,1.0,1.0,1.0,0.0,1.0,0.0,1.0,0.0,0.0,0.0,0.0,0.0,0.9,0.5417283950617283,0.0,0.33777777777777773,0.0,0.0,0.0,0.0
G3.2.2,10,25,3,1.0,0.692,0.08695652173913043,0.9,0.9,0.8,0.9956521739130434,0.0203931119992323,0.9951690821256038,0.022659013332480344,0.9908212560386473,0.029787613544865695,0.0,0.0,0.0,0.0,0.5,0.5288888888888889,0.0,0.392,0.0,0.0,0.0,0.0
G3.2.2,10,25,4,0.9,0.68,0.17391304347826086,1.0,0.7777777777777778,0.7777777777777778,1.0,0.0,0.9903381642512078,0.03130792607926503,0.9903381642512078,0.03130792607926503,0.0,0.0,0.0,0.0,0.8,0.5522222222222222,0.0,0.355,0.0,0.0,0.0,0.0
G3.2.2,10,50,0,1.0,0.7120000000000003,0.0,1.0,1.0,1.0,1.0,0.0,1.0,0.0,1.0,0.0,0.0,0.0,0.0,0.0,0.5,0.5848888888888891,0.0,0.268,0.0,0.0,0.0,0.0
G3.2.2,10,50,1,1.0,0.7120000000000004,0.0,1.0,1.0,1.0,1.0,0.0,1.0,0.0,1.0,0.0,0.0,0.0,0.0,0.0,0.8,0.6091666666666669,0.0,0.28500000000000003,0.0,0.0,0.0,0.0
G3.2.2,10,50,2,1.0,0.7180000000000003,0.045454545454545456,1.0,0.9,0.9,1.0,0.0,0.9954545454545454,0.02082988952252654,0.9954545454545454,0.02082988952252654,0.0,0.0,0.0,0.0,0.6,0.6270370370370373,0.0,0.25,0.0,0.0,0.0,0.0
G3.2.2,10,50,3,1.0,0.7020000000000003,0.043478260869565216,0.9,1.0,0.9,0.9956521739130434,0.0203931119992323,1.0,0.0,0.9956521739130434,0.0203931119992323,0.0,0.0,0.0,0.0,0.7,0.6263492063492065,0.0,0.27999999999999997,0.0,0.0,0.0,0.0
G3.2.2,10,50,4,1.0,0.7320000000000003,0.0,1.0,1.0,1.0,1.0,0.0,1.0,0.0,1.0,0.0,0.0,0.0,0.0,0.0,0.6,0.6344444444444447,0.0,0.24666666666666667,0.0,0.0,0.0,0.0
G3.2.2,10,100,0,1.0,0.7180000000000004,0.038461538461538464,1.0,0.9,0.9,1.0,0.0,0.9961538461538461,0.01923076923076923,0.9961538461538461,0.01923076923076923,0.0,0.0,0.0,0.0,0.7,0.5946031746031749,0.0,0.27571428571428575,0.0,0.0,0.0,0.0
G3.2.2,10,100,1,1.0,0.6940000000000004,0.0,1.0,1.0,1.0,1.0,0.0,1.0,0.0,1.0,0.0,0.0,0.0,0.0,0.0,0.6,0.5990740740740744,0.0,0.295,0.0,0.0,0.0,0.0
G3.2.2,10,100,2,1.0,0.7110000000000005,0.05,1.0,0.9,0.9,1.0,0.0,0.9949999999999999,0.021794494717703363,0.9949999999999999,0.021794494717703363,0.0,0.0,0.0,0.0,0.8,0.5918055555555559,0.0,0.28625,0.0,0.0,0.0,0.0
G3.2.2,10,100,3,1.0,0.6930000000000004,0.0,1.0,1.0,1.0,1.0,0.0,1.0,0.0,1.0,0.0,0.0,0.0,0.0,0.0,0.5,0.6008888888888891,0.0,0.31,0.0,0.0,0.0,0.0
G3.2.2,10,100,4,1.0,0.7040000000000004,0.0,1.0,1.0,1.0,1.0,0.0,1.0,0.0,1.0,0.0,0.0,0.0,0.0,0.0,0.5,0.6211111111111115,0.0,0.248,0.0,0.0,0.0,0.0
G3.2.2,25,10,0,0.88,0.6954545454545454,0.0,1.0,1.0,1.0,1.0,0.0,1.0,0.0,1.0,0.0,0.0,0.0,0.0,0.0,0.64,0.61796875,0.0,0.325,0.0,0.0,0.0,0.0
G3.2.2,25,10,1,0.96,0.7166666666666667,0.0,1.0,1.0,1.0,1.0,0.0,1.0,0.0,1.0,0.0,0.0,0.0,0.0,0.0,0.8,0.6460416666666668,0.0,0.25999999999999995,0.0,0.0,0.0,0.0
G3.2.2,25,10,2,0.88,0.6999999999999998,0.0,1.0,1.0,1.0,1.0,0.0,1.0,0.0,1.0,0.0,0.0,0.0,0.0,0.0,0.72,0.5791666666666666,0.0,0.3,0.0,0.0,0.0,0.0
G3.2.2,25,10,3,0.88,0.6954545454545454,0.0,1.0,1.0,1.0,1.0,0.0,1.0,0.0,1.0,0.0,0.0,0.0,0.0,0.0,0.56,0.6520833333333333,0.0,0.3285714285714286,0.0,0.0,0.0,0.0
G3.2.2,25,10,4,0.92,0.7130434782608696,0.0,1.0,1.0,1.0,1.0,0.0,1.0,0.0,1.0,0.0,0.0,0.0,0.0,0.0,0.68,0.6272058823529412,0.0,0.27058823529411763,0.0,0.0,0.0,0.0
G3.2.2,25,25,0,0.96,0.7000000000000001,0.0,1.0,1.0,1.0,1.0,0.0,1.0,0.0,1.0,0.0,0.0,0.0,0.0,0.0,0.68,0.6138235294117648,0.0,0.2988235294117647,0.0,0.0,0.0,0.0
G3.2.2,25,25,1,0.92,0.6817391304347827,0.0,1.0,1.0,1.0,1.0,0.0,1.0,0.0,1.0,0.0,0.0,0.0,0.0,0.0,0.64,0.5990624999999999,0.0,0.32,0.0,0.0,0.0,0.0
G3.2.2,25,25,2,1.0,0.6928,0.0,1.0,1.0,1.0,1.0,0.0,1.0,0.0,1.0,0.0,0.0,0.0,0.0,0.0,0.8,0.606,0.0,0.31000000000000005,0.0,0.0,0.0,0.0
G3.2.2,25,25,3,1.0,0.6928,0.0,1.0,1.0,1.0,1.0,0.0,1.0,0.0,1.0,0.0,0.0,0.0,0.0,0.0,0.68,0.576078431372549,0.0,0.30588235294117655,0.0,0.0,0.0,0.0
G3.2.2,25,25,4,0.96,0.7033333333333335,0.0,1.0,1.0,1.0,1.0,0.0,1.0,0.0,1.0,0.0,0.0,0.0,0.0,0.0,0.64,0.5915625,0.0,0.30500000000000005,0.0,0.0,0.0,0.0
G3.2.2,25,50,0,1.0,0.6736000000000003,0.0,1.0,1.0,1.0,1.0,0.0,1.0,0.0,1.0,0.0,0.0,0.0,0.0,0.0,0.6,0.5702222222222225,0.0,0.3093333333333333,0.0,0.0,0.0,0.0
G3.2.2,25,50,1,1.0,0.7088000000000004,0.0,1.0,1.0,1.0,1.0,0.0,1.0,0.0,1.0,0.0,0.0,0.0,0.0,0.0,0.56,0.6129761904761908,0.0,0.2914285714285714,0.0,0.0,0.0,0.0
G3.2.2,25,50,2,0.96,0.699166666666667,0.0,1.0,1.0,1.0,1.0,0.0,1.0,0.0,1.0,0.0,0.0,0.0,0.0,0.0,0.68,0.6055392156862747,0.0,0.29411764705882354,0.0,0.0,0.0,0.0
G3.2.2,25,50,3,1.0,0.7000000000000002,0.0,1.0,1.0,1.0,1.0,0.0,1.0,0.0,1.0,0.0,0.0,0.0,0.0,0.0,0.84,0.600277777777778,0.0,0.301904761904762,0.0,0.0,0.0,0.0
G3.2.2,25,50,4,1.0,0.6984000000000001,0.0,1.0,1.0,1.0,1.0,0.0,1.0,0.0,1.0,0.0,0.0,0.0,0.0,0.0,0.68,0.5926470588235296,0.0,0.31882352941176473,0.0,0.0,0.0,0.0
G3.2.2,25,100,0,1.0,0.7016000000000004,0.0,1.0,1.0,1.0,1.0,0.0,1.0,0.0,1.0,0.0,0.0,0.0,0.0,0.0,0.72,0.6078009259259263,0.0,0.3072222222222222,0.0,0.0,0.0,0.0
G3.2.2,25,100,1,1.0,0.6984000000000005,0.0,1.0,1.0,1.0,1.0,0.0,1.0,0.0,1.0,0.0,0.0,0.0,0.0,0.0,0.76,0.5751754385964915,0.0,0.29736842105263167,0.0,0.0,0.0,0.0
G3.2.2,25,100,2,1.0,0.7028000000000004,0.0,1.0,1.0,1.0,1.0,0.0,1.0,0.0,1.0,0.0,0.0,0.0,0.0,0.0,0.68,0.6008823529411766,0.0,0.30235294117647055,0.0,0.0,0.0,0.0
G3.2.2,25,100,3,1.0,0.7012000000000005,0.0,1.0,1.0,1.0,1.0,0.0,1.0,0.0,1.0,0.0,0.0,0.0,0.0,0.0,0.68,0.580980392156863,0.0,0.30058823529411766,0.0,0.0,0.0,0.0
G3.2.2,25,100,4,1.0,0.7004000000000005,0.0,1.0,1.0,1.0,1.0,0.0,1.0,0.0,1.0,0.0,0.0,0.0,0.0,0.0,0.68,0.6019852941176476,0.0,0.2958823529411765,0.0,0.0,0.0,0.0
G3.2.2,50,10,0,0.98,0.6755102040816326,0.0,1.0,1.0,1.0,1.0,0.0,1.0,0.0,1.0,0.0,0.0,0.0,0.0,0.0,0.6,0.5942857142857143,0.0,0.3466666666666667,0.0,0.0,0.0,0.0
G3.2.2,50,10,1,0.94,0.7170212765957445,0.0,1.0,1.0,1.0,1.0,0.0,1.0,0.0,1.0,0.0,0.0,0.0,0.0,0.0,0.62,0.6164581961816985,0.0,0.3,0.0,0.0,0.0,0.0
G3.2.2,50,10,2,0.9,0.7333333333333332,0.0,1.0,1.0,1.0,1.0,0.0,1.0,0.0,1.0,0.0,0.0,0.0,0.0,0.0,0.46,0.624578527062999,0.0,0.2652173913043478,0.0,0.0,0.0,0.0
G3.2.2,50,10,3,0.94,0.7212765957446808,0.0,1.0,1.0,1.0,1.0,0.0,1.0,0.0,1.0,0.0,0.0,0.0,0.0,0.0,0.6,0.6127210884353743,0.0,0.3066666666666667,0.0,0.0,0.0,0.0
G3.2.2,50,10,4,0.96,0.7208333333333332,0.0,1.0,1.0,1.0,1.0,0.0,1.0,0.0,1.0,0.0,0.0,0.0,0.0,0.0,0.52,0.6049450549450549,0.038461538461538464,0.3115384615384616,0.0,0.0,0.0,0.0
G3.2.2,50,25,0,0.94,0.7097872340425532,0.0,1.0,1.0,1.0,1.0,0.0,1.0,0.0,1.0,0.0,0.0,0.0,0.0,0.0,0.6,0.5788299319727891,0.0,0.3133333333333333,0.0,0.0,0.0,0.0
G3.2.2,50,25,1,0.96,0.7000000000000001,0.0,1.0,1.0,1.0,1.0,0.0,1.0,0.0,1.0,0.0,0.0,0.0,0.0,0.0,0.66,0.5920841063698207,0.0,0.30303030303030304,0.0,0.0,0.0,0.0
G3.2.2,50,25,2,0.96,0.7033333333333335,0.0,1.0,1.0,1.0,1.0,0.0,1.0,0.0,1.0,0.0,0.0,0.0,0.0,0.0,0.58,0.6042786769880367,0.0,0.3034482758620689,0.0,0.0,0.0,0.0
G3.2.2,50,25,3,0.96,0.7016666666666667,0.0,1.0,1.0,1.0,1.0,0.0,1.0,0.0,1.0,0.0,0.0,0.0,0.0,0.0,0.64,0.5988520408163265,0.0,0.30374999999999996,0.0,0.0,0.0,0.0
G3.2.2,50,25,4,0.98,0.713469387755102,0.0,1.0,1.0,1.0,1.0,0.0,1.0,0.0,1.0,0.0,0.0,0.0,0.0,0.0,0.64,0.6083418367346939,0.0,0.28750000000000003,0.0,0.0,0.0,0.0
G3.2.2,50,50,0,0.96,0.7087500000000002,0.0,1.0,1.0,1.0,1.0,0.0,1.0,0.0,1.0,0.0,0.0,0.0,0.0,0.0,0.74,0.5879977937120795,0.0,0.28810810810810816,0.0,0.0,0.0,0.0
G3.2.2,50,50,1,1.0,0.6948000000000003,0.0,1.0,1.0,1.0,1.0,0.0,1.0,0.0,1.0,0.0,0.0,0.0,0.0,0.0,0.66,0.5828200371057516,0.0,0.3151515151515152,0.0,0.0,0.0,0.0
G3.2.2,50,50,2,1.0,0.6916000000000002,0.0,1.0,1.0,1.0,1.0,0.0,1.0,0.0,1.0,0.0,0.0,0.0,0.0,0.0,0.64,0.5879719387755103,0.0,0.313125,0.0,0.0,0.0,0.0
G3.2.2,50,50,3,0.98,0.6881632653061228,0.0,1.0,1.0,1.0,1.0,0.0,1.0,0.0,1.0,0.0,0.0,0.0,0.0,0.0,0.6,0.583809523809524,0.0,0.3146666666666667,0.0,0.0,0.0,0.0
G3.2.2,50,50,4,1.0,0.7000000000000003,0.0,1.0,1.0,1.0,1.0,0.0,1.0,0.0,1.0,0.0,0.0,0.0,0.0,0.0,0.74,0.5871594043022615,0.0,0.2945945945945946,0.0,0.0,0.0,0.0
G3.2.2,50,100,0,1.0,0.6966000000000006,0.0,1.0,1.0,1.0,1.0,0.0,1.0,0.0,1.0,0.0,0.0,0.0,0.0,0.0,0.68,0.5960264105642259,0.0,0.3002941176470588,0.0,0.0,0.0,0.0
G3.2.2,50,100,1,0.98,0.6879591836734696,0.0,1.0,1.0,1.0,1.0,0.0,1.0,0.0,1.0,0.0,0.0,0.0,0.0,0.0,0.68,0.5919147659063627,0.0,0.31352941176470595,0.0,0.0,0.0,0.0
G3.2.2,50,100,2,1.0,0.6866000000000004,0.0,1.0,1.0,1.0,1.0,0.0,1.0,0.0,1.0,0.0,0.0,0.0,0.0,0.0,0.6,0.5944353741496602,0.0,0.31300000000000006,0.0,0.0,0.0,0.0
G3.2.2,50,100,3,0.98,0.6914285714285717,0.0,1.0,1.0,1.0,1.0,0.0,1.0,0.0,1.0,0.0,0.0,0.0,0.0,0.0,0.54,0.5826152683295543,0.0,0.3022222222222222,0.0,0.0,0.0,0.0
G3.2.2,50,100,4,1.0,0.6942000000000005,0.0,1.0,1.0,1.0,1.0,0.0,1.0,0.0,1.0,0.0,0.0,0.0,0.0,0.0,0.78,0.5998168498168501,0.0,0.30538461538461537,0.0,0.0,0.0,0.0
G3.2.2,100,10,0,0.9,0.7055555555555555,0.0,1.0,1.0,1.0,1.0,0.0,1.0,0.0,1.0,0.0,0.0,0.0,0.0,0.0,0.44,0.5887052341597797,0.0,0.32272727272727275,0.0,0.0,0.0,0.0
G3.2.2,100,10,1,0.96,0.7156249999999998,0.0,1.0,1.0,1.0,1.0,0.0,1.0,0.0,1.0,0.0,0.0,0.0,0.0,0.0,0.54,0.5883838383838383,0.0,0.2851851851851852,0.0,0.0,0.0,0.0
G3.2.2,100,10,2,0.95,0.6863157894736842,0.0,1.0,1.0,1.0,1.0,0.0,1.0,0.0,1.0,0.0,0.0,0.0,0.0,0.0,0.46,0.5791172595520421,0.0,0.3130434782608696,0.0,0.0,0.0,0.0
G3.2.2,100,10,3,0.9,0.7099999999999999,0.0,1.0,1.0,1.0,1.0,0.0,1.0,0.0,1.0,0.0,0.0,0.0,0.0,0.0,0.51,0.5930679342444048,0.0,0.31568627450980397,0.0,0.0,0.0,0.0
G3.2.2,100,10,4,0.94,0.6904255319148936,0.0,1.0,1.0,1.0,1.0,0.0,1.0,0.0,1.0,0.0,0.0,0.0,0.0,0.0,0.51,0.599881164587047,0.0,0.307843137254902,0.0,0.0,0.0,0.0
G3.2.2,100,25,0,0.97,0.6936082474226802,0.0,1.0,1.0,1.0,1.0,0.0,1.0,0.0,1.0,0.0,0.0,0.0,0.0,0.0,0.67,0.5982451379466304,0.0,0.31343283582089554,0.0,0.0,0.0,0.0
G3.2.2,100,25,1,0.94,0.7025531914893616,0.0,1.0,1.0,1.0,1.0,0.0,1.0,0.0,1.0,0.0,0.0,0.0,0.0,0.0,0.67,0.5975275139454242,0.0,0.3026865671641791,0.0,0.0,0.0,0.0
G3.2.2,100,25,2,0.98,0.7044897959183674,0.0,1.0,1.0,1.0,1.0,0.0,1.0,0.0,1.0,0.0,0.0,0.0,0.0,0.0,0.7,0.6094199134199135,0.0,0.29714285714285715,0.0,0.0,0.0,0.0
G3.2.2,100,25,3,0.96,0.6983333333333333,0.0,1.0,1.0,1.0,1.0,0.0,1.0,0.0,1.0,0.0,0.0,0.0,0.0,0.0,0.56,0.5886075036075036,0.0,0.30500000000000005,0.0,0.0,0.0,0.0
G3.2.2,100,25,4,0.96,0.7020833333333333,0.0,1.0,1.0,1.0,1.0,0.0,1.0,0.0,1.0,0.0,0.0,0.0,0.0,0.0,0.62,0.593346366894754,0.0,0.29935483870967733,0.0,0.0,0.0,0.0
G3.2.2,100,50,0,0.98,0.7071428571428575,0.0,1.0,1.0,1.0,1.0,0.0,1.0,0.0,1.0,0.0,0.0,0.0,0.0,0.0,0.71,0.5841912078531799,0.0,0.29549295774647893,0.0,0.0,0.0,0.0
G3.2.2,100,50,1,0.97,0.7055670103092788,0.0,1.0,1.0,1.0,1.0,0.0,1.0,0.0,1.0,0.0,0.0,0.0,0.0,0.0,0.63,0.5837357704024371,0.0,0.30857142857142855,0.0,0.0,0.0,0.0
G3.2.2,100,50,2,0.97,0.711752577319588,0.0,1.0,1.0,1.0,1.0,0.0,1.0,0.0,1.0,0.0,0.0,0.0,0.0,0.0,0.61,0.5915019042887898,0.0,0.28393442622950815,0.0,0.0,0.0,0.0
G3.2.2,100,50,3,0.99,0.6957575757575762,0.0,1.0,1.0,1.0,1.0,0.0,1.0,0.0,1.0,0.0,0.0,0.0,0.0,0.0,0.71,0.5914639351259072,0.0,0.30507042253521127,0.0,0.0,0.0,0.0
G3.2.2,100,50,4,0.97,0.6985567010309282,0.0,1.0,1.0,1.0,1.0,0.0,1.0,0.0,1.0,0.0,0.0,0.0,0.0,0.0,0.65,0.5910986790986793,0.0,0.3095384615384615,0.0,0.0,0.0,0.0
G3.2.2,100,100,0,1.0,0.6983000000000006,0.0,1.0,1.0,1.0,1.0,0.0,1.0,0.0,1.0,0.0,0.0,0.0,0.0,0.0,0.7,0.5904170274170277,0.0,0.3080000000000001,0.0,0.0,0.0,0.0
G3.2.2,100,100,1,0.99,0.7026262626262629,0.0,1.0,1.0,1.0,1.0,0.0,1.0,0.0,1.0,0.0,0.0,0.0,0.0,0.0,0.69,0.5934797247840728,0.0,0.29898550724637685,0.0,0.0,0.0,0.0
G3.2.2,100,100,2,1.0,0.6982000000000004,0.0,1.0,1.0,1.0,1.0,0.0,1.0,0.0,1.0,0.0,0.0,0.0,0.0,0.0,0.71,0.5933930857874524,0.0,0.3018309859154929,0.0,0.0,0.0,0.0
G3.2.2,100,100,3,1.0,0.6915000000000002,0.0,1.0,1.0,1.0,1.0,0.0,1.0,0.0,1.0,0.0,0.0,0.0,0.0,0.0,0.67,0.5981757877280268,0.0,0.30880597014925376,0.0,0.0,0.0,0.0
G3.2.2,100,100,4,0.99,0.6943434343434347,0.0,1.0,1.0,1.0,1.0,0.0,1.0,0.0,1.0,0.0,0.0,0.0,0.0,0.0,0.66,0.5950352004897462,0.0,0.30863636363636365,0.0,0.0,0.0,0.0
G3.2.3,10,10,0,1.0,0.6499999999999999,0.0,1.0,1.0,1.0,1.0,0.0,1.0,0.0,1.0,0.0,0.0,0.0,0.0,0.0,0.7,0.6253968253968255,0.0,0.3,0.0,0.0,0.0,0.0
G3.2.3,10,10,1,0.9,0.7888888888888888,0.0,1.0,1.0,1.0,1.0,0.0,1.0,0.0,1.0,0.0,0.0,0.0,0.0,0.0,0.8,0.6416666666666666,0.0,0.23750000000000002,0.0,0.0,0.0,0.0
G3.2.3,10,10,2,1.0,0.6099999999999999,0.0,1.0,1.0,1.0,1.0,0.0,1.0,0.0,1.0,0.0,0.0,0.0,0.0,0.0,0.9,0.6333333333333333,0.0,0.3888888888888889,0.0,0.0,0.0,0.0
G3.2.3,10,10,3,0.9,0.7,0.0,1.0,1.0,1.0,1.0,0.0,1.0,0.0,1.0,0.0,0.0,0.0,0.0,0.0,0.7,0.573015873015873,0.14285714285714285,0.32857142857142857,0.0,0.0,0.0,0.0
G3.2.3,10,10,4,1.0,0.67,0.02631578947368421,0.9,0.9,0.8,0.9986842105263158,0.011395071102426824,0.9986842105263158,0.011395071102426824,0.9973684210526316,0.016007269816574264,0.0,0.0,0.0,0.0,0.6,0.5851851851851851,0.0,0.31666666666666665,0.0,0.0,0.0,0.0
G3.2.3,10,25,0,1.0,0.6799999999999999,0.0,1.0,1.0,1.0,1.0,0.0,1.0,0.0,1.0,0.0,0.0,0.0,0.0,0.0,0.9,0.6271604938271604,0.0,0.3111111111111111,0.0,0.0,0.0,0.0
G3.2.3,10,25,1,0.7,0.6514285714285715,0.014084507042253521,1.0,0.8571428571428572,0.8571428571428572,1.0,0.0,0.9979879275653925,0.016834205765273145,0.9979879275653925,0.016834205765273145,0.0,0.0,0.0,0.0,0.5,0.5804444444444444,0.0,0.36800000000000005,0.0,0.0,0.0,0.0
G3.2.3,10,25,2,1.0,0.748,0.0,1.0,1.0,1.0,1.0,0.0,1.0,0.0,1.0,0.0,0.0,0.0,0.0,0.0,0.7,0.6215873015873016,0.0,0.2285714285714286,0.0,0.0,0.0,0.0
G3.2.3,10,25,3,1.0,0.708,0.012658227848101266,1.0,0.9,0.9,1.0,0.0,0.99873417721519,0.011179444134592207,0.99873417721519,0.011179444134592207,0.0,0.0,0.0,0.0,0.5,0.5804444444444444,0.0,0.344,0.0,0.0,0.0,0.0
G3.2.3,10,25,4,1.0,0.7,0.01282051282051282,1.0,0.9,0.9,1.0,0.0,0.9987179487179488,0.01124995434281041,0.9987179487179488,0.01124995434281041,0.0,0.0,0.0,0.0,0.8,0.5755555555555556,0.0,0.30000000000000004,0.0,0.0,0.0,0.0
G3.2.3,10,50,0,1.0,0.7140000000000002,0.012987012987012988,1.0,0.9,0.9,1.0,0.0,0.9987012987012988,0.01132181543776798,0.9987012987012988,0.01132181543776798,0.0,0.0,0.0,0.0,0.6,0.6074074074074076,0.0,0.2933333333333334,0.0,0.0,0.0,0.0
G3.2.3,10,50,1,0.9,0.7044444444444448,0.0,1.0,1.0,1.0,1.0,0.0,1.0,0.0,1.0,0.0,0.0,0.0,0.0,0.0,0.6,0.5955555555555557,0.0,0.31000000000000005,0.0,0.0,0.0,0.0
G3.2.3,10,50,2,1.0,0.7040000000000003,0.0,1.0,1.0,1.0,1.0,0.0,1.0,0.0,1.0,0.0,0.0,0.0,0.0,0.0,0.6,0.6159259259259261,0.0,0.32,0.0,0.0,0.0,0.0
G3.2.3,10,50,3,1.0,0.6760000000000004,0.028169014084507043,0.9,0.9,0.8,0.9985915492957748,0.011783944035691201,0.9985915492957748,0.011783944035691201,0.9971830985915493,0.016545549471085524,0.0,0.0,0.0,0.0,0.7,0.5701587301587303,0.0,0.31428571428571433,0.0,0.0,0.0,0.0
G3.2.3,10,50,4,1.0,0.7000000000000003,0.013888888888888888,1.0,0.9,0.9,1.0,0.0,0.9986111111111112,0.011702985796078279,0.9986111111111112,0.011702985796078279,0.0,0.0,0.0,0.0,0.8,0.605277777777778,0.0,0.29000000000000004,0.0,0.0,0.0,0.0
G3.2.3,10,100,0,1.0,0.7050000000000004,0.0,1.0,1.0,1.0,1.0,0.0,1.0,0.0,1.0,0.0,0.0,0.0,0.0,0.0,0.6,0.5698148148148151,0.0,0.3166666666666667,0.0,0.0,0.0,0.0
G3.2.3,10,100,1,1.0,0.7180000000000003,0.0,1.0,1.0,1.0,1.0,0.0,1.0,0.0,1.0,0.0,0.0,0.0,0.0,0.0,0.7,0.6173015873015876,0.0,0.29571428571428576,0.0,0.0,0.0,0.0
G3.2.3,10,100,2,1.0,0.6970000000000003,0.012345679012345678,0.9,1.0,0.9,0.9987654320987654,0.011042310999998955,1.0,0.0,0.9987654320987654,0.011042310999998955,0.0,0.0,0.0,0.0,0.8,0.5976388888888893,0.0,0.29625,0.0,0.0,0.0,0.0
G3.2.3,10,100,3,1.0,0.7200000000000004,0.0,1.0,1.0,1.0,1.0,0.0,1.0,0.0,1.0,0.0,0.0,0.0,0.0,0.0,0.6,0.6224074074074077,0.0,0.25333333333333335,0.0,0.0,0.0,0.0
G3.2.3,10,100,4,1.0,0.6840000000000004,0.0,1.0,1.0,1.0,1.0,0.0,1.0,0.0,1.0,0.0,0.0,0.0,0.0,0.0,0.5,0.5913333333333336,0.0,0.29600000000000004,0.0,0.0,0.0,0.0
G3.2.3,25,10,0,0.92,0.6826086956521739,0.0,1.0,1.0,1.0,1.0,0.0,1.0,0.0,1.0,0.0,0.0,0.0,0.0,0.0,0.6,0.6061111111111112,0.06666666666666667,0.2933333333333333,0.0,0.0,0.0,0.0
G3.2.3,25,10,1,0.76,0.6631578947368421,0.0,1.0,1.0,1.0,1.0,0.0,1.0,0.0,1.0,0.0,0.0,0.0,0.0,0.0,0.48,0.6524305555555555,0.16666666666666666,0.3833333333333333,0.0,0.0,0.0,0.0
G3.2.3,25,10,2,1.0,0.7,0.0,1.0,1.0,1.0,1.0,0.0,1.0,0.0,1.0,0.0,0.0,0.0,0.0,0.0,0.52,0.6346153846153846,0.0,0.3076923076923077,0.0,0.0,0.0,0.0
G3.2.3,25,10,3,1.0,0.708,0.0,1.0,1.0,1.0,1.0,0.0,1.0,0.0,1.0,0.0,0.0,0.0,0.0,0.0,0.68,0.6392156862745098,0.0,0.3058823529411765,0.0,0.0,0.0,0.0
G3.2.3,25,10,4,0.96,0.6916666666666668,0.0,1.0,1.0,1.0,1.0,0.0,1.0,0.0,1.0,0.0,0.0,0.0,0.0,0.0,0.56,0.6488095238095237,0.0,0.36428571428571427,0.0,0.0,0.0,0.0
G3.2.3,25,25,0,1.0,0.7280000000000001,0.0,1.0,1.0,1.0,1.0,0.0,1.0,0.0,1.0,0.0,0.0,0.0,0.0,0.0,0.6,0.6113333333333333,0.0,0.2853333333333333,0.0,0.0,0.0,0.0
G3.2.3,25,25,1,0.96,0.7016666666666667,0.0,1.0,1.0,1.0,1.0,0.0,1.0,0.0,1.0,0.0,0.0,0.0,0.0,0.0,0.6,0.6087777777777778,0.0,0.2880000000000001,0.0,0.0,0.0,0.0
G3.2.3,25,25,2,1.0,0.6960000000000001,0.0,1.0,1.0,1.0,1.0,0.0,1.0,0.0,1.0,0.0,0.0,0.0,0.0,0.0,0.68,0.6117647058823529,0.0,0.3011764705882354,0.0,0.0,0.0,0.0
G3.2.3,25,25,3,0.96,0.6699999999999999,0.0,1.0,1.0,1.0,1.0,0.0,1.0,0.0,1.0,0.0,0.0,0.0,0.0,0.0,0.68,0.5897058823529412,0.0,0.34352941176470586,0.0,0.0,0.0,0.0
G3.2.3,25,25,4,0.96,0.7133333333333334,0.0,1.0,1.0,1.0,1.0,0.0,1.0,0.0,1.0,0.0,0.0,0.0,0.0,0.0,0.76,0.5853508771929824,0.0,0.2778947368421053,0.0,0.0,0.0,0.0
G3.2.3,25,50,0,0.96,0.679166666666667,0.0,1.0,1.0,1.0,1.0,0.0,1.0,0.0,1.0,0.0,0.0,0.0,0.0,0.0,0.76,0.5889035087719302,0.0,0.3210526315789474,0.0,0.0,0.0,0.0
G3.2.3,25,50,1,1.0,0.6864000000000003,0.0,1.0,1.0,1.0,1.0,0.0,1.0,0.0,1.0,0.0,0.0,0.0,0.0,0.0,0.64,0.6034375000000003,0.0,0.31,0.0,0.0,0.0,0.0
G3.2.3,25,50,2,1.0,0.6952000000000004,0.0,1.0,1.0,1.0,1.0,0.0,1.0,0.0,1.0,0.0,0.0,0.0,0.0,0.0,0.72,0.5966666666666669,0.0,0.3133333333333333,0.0,0.0,0.0,0.0
G3.2.3,25,50,3,0.96,0.6800000000000003,0.0,1.0,1.0,1.0,1.0,0.0,1.0,0.0,1.0,0.0,0.0,0.0,0.0,0.0,0.76,0.5871052631578951,0.0,0.3347368421052631,0.0,0.0,0.0,0.0
G3.2.3,25,50,4,1.0,0.7072000000000004,0.0,1.0,1.0,1.0,1.0,0.0,1.0,0.0,1.0,0.0,0.0,0.0,0.0,0.0,0.72,0.5852777777777781,0.0,0.29888888888888887,0.0,0.0,0.0,0.0
G3.2.3,25,100,0,0.96,0.6908333333333335,0.0,1.0,1.0,1.0,1.0,0.0,1.0,0.0,1.0,0.0,0.0,0.0,0.0,0.0,0.72,0.598240740740741,0.0,0.31555555555555553,0.0,0.0,0.0,0.0
G3.2.3,25,100,1,1.0,0.6964000000000002,0.0,1.0,1.0,1.0,1.0,0.0,1.0,0.0,1.0,0.0,0.0,0.0,0.0,0.0,0.64,0.5923177083333335,0.0,0.30500000000000005,0.0,0.0,0.0,0.0
G3.2.3,25,100,2,1.0,0.6952000000000004,0.0,1.0,1.0,1.0,1.0,0.0,1.0,0.0,1.0,0.0,0.0,0.0,0.0,0.0,0.64,0.5968750000000003,0.0,0.303125,0.0,0.0,0.0,0.0
G3.2.3,25,100,3,0.96,0.691666666666667,0.0,1.0,1.0,1.0,1.0,0.0,1.0,0.0,1.0,0.0,0.0,0.0,0.0,0.0,0.68,0.5948284313725493,0.0,0.3182352941176471,0.0,0.0,0.0,0.0
G3.2.3,25,100,4,1.0,0.6972000000000003,0.0,1.0,1.0,1.0,1.0,0.0,1.0,0.0,1.0,0.0,0.0,0.0,0.0,0.0,0.68,0.5795588235294119,0.0,0.3088235294117647,0.0,0.0,0.0,0.0
G3.2.3,50,10,0,0.94,0.6808510638297872,0.0,1.0,1.0,1.0,1.0,0.0,1.0,0.0,1.0,0.0,0.0,0.0,0.0,0.0,0.5,0.5688163265306122,0.0,0.35200000000000004,0.0,0.0,0.0,0.0
G3.2.3,50,10,1,0.92,0.7282608695652172,0.0,1.0,1.0,1.0,1.0,0.0,1.0,0.0,1.0,0.0,0.0,0.0,0.0,0.0,0.54,0.6257747543461828,0.037037037037037035,0.31111111111111106,0.0,0.0,0.0,0.0
G3.2.3,50,10,2,0.9,0.711111111111111,0.0,1.0,1.0,1.0,1.0,0.0,1.0,0.0,1.0,0.0,0.0,0.0,0.0,0.0,0.52,0.6141287284144428,0.0,0.30000000000000004,0.0,0.0,0.0,0.0
G3.2.3,50,10,3,0.94,0.7127659574468085,0.0,1.0,1.0,1.0,1.0,0.0,1.0,0.0,1.0,0.0,0.0,0.0,0.0,0.0,0.46,0.6190771960958297,0.0,0.2956521739130435,0.0,0.0,0.0,0.0
G3.2.3,50,10,4,0.9,0.6911111111111111,0.0,1.0,1.0,1.0,1.0,0.0,1.0,0.0,1.0,0.0,0.0,0.0,0.0,0.0,0.56,0.6235422740524782,0.0,0.3500000000000001,0.0,0.0,0.0,0.0
G3.2.3,50,25,0,0.96,0.6941666666666667,0.0,1.0,1.0,1.0,1.0,0.0,1.0,0.0,1.0,0.0,0.0,0.0,0.0,0.0,0.64,0.5870408163265306,0.0,0.31125,0.0,0.0,0.0,0.0
G3.2.3,50,25,1,0.98,0.6971428571428571,0.0,1.0,1.0,1.0,1.0,0.0,1.0,0.0,1.0,0.0,0.0,0.0,0.0,0.0,0.68,0.6052100840336135,0.0,0.30705882352941183,0.0,0.0,0.0,0.0
G3.2.3,50,25,2,0.96,0.6991666666666667,0.0,1.0,1.0,1.0,1.0,0.0,1.0,0.0,1.0,0.0,0.0,0.0,0.0,0.0,0.52,0.6041130298273155,0.0,0.30307692307692313,0.0,0.0,0.0,0.0
G3.2.3,50,25,3,1.0,0.6888,0.0,1.0,1.0,1.0,1.0,0.0,1.0,0.0,1.0,0.0,0.0,0.0,0.0,0.0,0.62,0.5975246872942727,0.0,0.31999999999999995,0.0,0.0,0.0,0.0
G3.2.3,50,25,4,0.96,0.7000000000000002,0.0,1.0,1.0,1.0,1.0,0.0,1.0,0.0,1.0,0.0,0.0,0.0,0.0,0.0,0.6,0.6020136054421769,0.0,0.30400000000000005,0.0,0.0,0.0,0.0
G3.2.3,50,50,0,0.98,0.7077551020408166,0.0,1.0,1.0,1.0,1.0,0.0,1.0,0.0,1.0,0.0,0.0,0.0,0.0,0.0,0.62,0.5891639236339699,0.0,0.29161290322580646,0.0,0.0,0.0,0.0
G3.2.3,50,50,1,0.96,0.6862500000000002,0.0,1.0,1.0,1.0,1.0,0.0,1.0,0.0,1.0,0.0,0.0,0.0,0.0,0.0,0.58,0.5836593947923998,0.0,0.3289655172413793,0.0,0.0,0.0,0.0
G3.2.3,50,50,2,1.0,0.6992000000000003,0.0,1.0,1.0,1.0,1.0,0.0,1.0,0.0,1.0,0.0,0.0,0.0,0.0,0.0,0.76,0.5929538131041893,0.0,0.301578947368421,0.0,0.0,0.0,0.0
G3.2.3,50,50,3,1.0,0.6944000000000002,0.0,1.0,1.0,1.0,1.0,0.0,1.0,0.0,1.0,0.0,0.0,0.0,0.0,0.0,0.74,0.6014671814671817,0.0,0.30378378378378373,0.0,0.0,0.0,0.0
G3.2.3,50,50,4,0.96,0.6987500000000003,0.0,1.0,1.0,1.0,1.0,0.0,1.0,0.0,1.0,0.0,0.0,0.0,0.0,0.0,0.68,0.6000120048019211,0.0,0.31058823529411766,0.0,0.0,0.0,0.0
G3.2.3,50,100,0,1.0,0.7012000000000005,0.0,1.0,1.0,1.0,1.0,0.0,1.0,0.0,1.0,0.0,0.0,0.0,0.0,0.0,0.64,0.6033737244897962,0.0,0.301875,0.0,0.0,0.0,0.0
G3.2.3,50,100,1,0.98,0.6863265306122454,0.0,1.0,1.0,1.0,1.0,0.0,1.0,0.0,1.0,0.0,0.0,0.0,0.0,0.0,0.8,0.5999387755102044,0.0,0.30925,0.0,0.0,0.0,0.0
G3.2.3,50,100,2,0.98,0.6875510204081638,0.0,1.0,1.0,1.0,1.0,0.0,1.0,0.0,1.0,0.0,0.0,0.0,0.0,0.0,0.64,0.5983418367346942,0.0,0.3059375,0.0,0.0,0.0,0.0
G3.2.3,50,100,3,1.0,0.6816000000000004,0.0,1.0,1.0,1.0,1.0,0.0,1.0,0.0,1.0,0.0,0.0,0.0,0.0,0.0,0.68,0.5903121248499402,0.0,0.32382352941176473,0.0,0.0,0.0,0.0
G3.2.3,50,100,4,1.0,0.6928000000000004,0.0,1.0,1.0,1.0,1.0,0.0,1.0,0.0,1.0,0.0,0.0,0.0,0.0,0.0,0.74,0.5891064533921677,0.0,0.30594594594594593,0.0,0.0,0.0,0.0
G3.2.3,100,10,0,0.93,0.6881720430107527,0.0,1.0,1.0,1.0,1.0,0.0,1.0,0.0,1.0,0.0,0.0,0.0,0.0,0.0,0.49,0.6031746031746033,0.0,0.3183673469387755,0.0,0.0,0.0,0.0
G3.2.3,100,10,1,0.96,0.6999999999999998,0.0,1.0,1.0,1.0,1.0,0.0,1.0,0.0,1.0,0.0,0.0,0.0,0.0,0.0,0.51,0.607466825113884,0.0,0.31960784313725493,0.0,0.0,0.0,0.0
G3.2.3,100,10,2,0.97,0.7123711340206185,0.0,1.0,1.0,1.0,1.0,0.0,1.0,0.0,1.0,0.0,0.0,0.0,0.0,0.0,0.58,0.6026297457331939,0.0,0.2982758620689656,0.0,0.0,0.0,0.0
G3.2.3,100,10,3,0.96,0.6875,0.0,1.0,1.0,1.0,1.0,0.0,1.0,0.0,1.0,0.0,0.0,0.0,0.0,0.0,0.5,0.598060606060606,0.0,0.31599999999999995,0.0,0.0,0.0,0.0
G3.2.3,100,10,4,0.92,0.7141304347826084,0.0,1.0,1.0,1.0,1.0,0.0,1.0,0.0,1.0,0.0,0.0,0.0,0.0,0.0,0.56,0.6013708513708513,0.0,0.2964285714285714,0.0,0.0,0.0,0.0
G3.2.3,100,25,0,0.97,0.7138144329896905,0.0,1.0,1.0,1.0,1.0,0.0,1.0,0.0,1.0,0.0,0.0,0.0,0.0,0.0,0.64,0.5898547979797979,0.0,0.29125,0.0,0.0,0.0,0.0
G3.2.3,100,25,1,0.98,0.6918367346938775,0.0,1.0,1.0,1.0,1.0,0.0,1.0,0.0,1.0,0.0,0.0,0.0,0.0,0.0,0.61,0.5931644311972182,0.0,0.3154098360655737,0.0,0.0,0.0,0.0
G3.2.3,100,25,2,0.97,0.6911340206185567,0.0,1.0,1.0,1.0,1.0,0.0,1.0,0.0,1.0,0.0,0.0,0.0,0.0,0.0,0.57,0.6026510721247563,0.0,0.3263157894736842,0.0,0.0,0.0,0.0
G3.2.3,100,25,3,0.95,0.6976842105263159,0.0,1.0,1.0,1.0,1.0,0.0,1.0,0.0,1.0,0.0,0.0,0.0,0.0,0.0,0.65,0.6055260295260294,0.0,0.31384615384615383,0.0,0.0,0.0,0.0
G3.2.3,100,25,4,0.97,0.7068041237113403,0.0,1.0,1.0,1.0,1.0,0.0,1.0,0.0,1.0,0.0,0.0,0.0,0.0,0.0,0.64,0.5803851010101009,0.0,0.30000000000000004,0.0,0.0,0.0,0.0
G3.2.3,100,50,0,0.99,0.7074747474747477,0.0,1.0,1.0,1.0,1.0,0.0,1.0,0.0,1.0,0.0,0.0,0.0,0.0,0.0,0.69,0.5983194261455133,0.0,0.29217391304347823,0.0,0.0,0.0,0.0
G3.2.3,100,50,1,0.96,0.695416666666667,0.0,1.0,1.0,1.0,1.0,0.0,1.0,0.0,1.0,0.0,0.0,0.0,0.0,0.0,0.61,0.5919324391455542,0.0,0.30459016393442634,0.0,0.0,0.0,0.0
G3.2.3,100,50,2,0.98,0.6997959183673473,0.0,1.0,1.0,1.0,1.0,0.0,1.0,0.0,1.0,0.0,0.0,0.0,0.0,0.0,0.74,0.5829620529620531,0.0,0.30216216216216213,0.0,0.0,0.0,0.0
G3.2.3,100,50,3,1.0,0.6934000000000003,0.0,1.0,1.0,1.0,1.0,0.0,1.0,0.0,1.0,0.0,0.0,0.0,0.0,0.0,0.78,0.5950738150738153,0.0,0.30769230769230776,0.0,0.0,0.0,0.0
G3.2.3,100,50,4,0.98,0.6940816326530614,0.0,1.0,1.0,1.0,1.0,0.0,1.0,0.0,1.0,0.0,0.0,0.0,0.0,0.0,0.66,0.596902356902357,0.0,0.30303030303030304,0.0,0.0,0.0,0.0
G3.2.3,100,100,0,1.0,0.6938000000000004,0.0,1.0,1.0,1.0,1.0,0.0,1.0,0.0,1.0,0.0,0.0,0.0,0.0,0.0,0.67,0.5961781999095436,0.0,0.3079104477611941,0.0,0.0,0.0,0.0
G3.2.3,100,100,1,0.99,0.7032323232323235,0.0,1.0,1.0,1.0,1.0,0.0,1.0,0.0,1.0,0.0,0.0,0.0,0.0,0.0,0.64,0.5928835227272731,0.0,0.30374999999999996,0.0,0.0,0.0,0.0
G3.2.3,100,100,2,0.99,0.6942424242424245,0.0,1.0,1.0,1.0,1.0,0.0,1.0,0.0,1.0,0.0,0.0,0.0,0.0,0.0,0.71,0.5914112960591835,0.0,0.30549295774647894,0.0,0.0,0.0,0.0
G3.2.3,100,100,3,1.0,0.6914000000000006,0.0,1.0,1.0,1.0,1.0,0.0,1.0,0.0,1.0,0.0,0.0,0.0,0.0,0.0,0.62,0.5965917236884982,0.0,0.31516129032258067,0.0,0.0,0.0,0.0
G3.2.3,100,100,4,0.99,0.6964646464646469,0.0,1.0,1.0,1.0,1.0,0.0,1.0,0.0,1.0,0.0,0.0,0.0,0.0,0.0,0.66,0.5961815120906033,0.0,0.3081818181818182,0.0,0.0,0.0,0.0
G3.3.1,10,10,0,1.0,0.72,0.0,1.0,1.0,1.0,1.0,0.0,1.0,0.0,1.0,0.0,0.0,0.0,0.0,0.0,0.5,0.6311111111111112,0.0,0.2,0.0,0.0,0.0,0.0
G3.3.1,10,10,1,1.0,0.72,0.037037037037037035,1.0,0.9,0.9,1.0,0.0,0.9962962962962962,0.01888525745775105,0.9962962962962962,0.01888525745775105,0.0,0.0,0.0,0.0,0.6,0.6574074074074073,0.0,0.26666666666666666,0.0,0.0,0.0,0.0
G3.3.1,10,10,2,1.0,0.73,0.0,1.0,1.0,1.0,1.0,0.0,1.0,0.0,1.0,0.0,0.0,0.0,0.0,0.0,0.4,0.55,0.25,0.325,0.0,0.0,0.0,0.0
G3.3.1,10,10,3,0.9,0.7444444444444444,0.0,1.0,1.0,1.0,1.0,0.0,1.0,0.0,1.0,0.0,0.0,0.0,0.0,0.0,0.5,0.6644444444444444,0.0,0.15999999999999998,0.0,0.0,0.0,0.0
G3.3.1,10,10,4,0.9,0.7222222222222222,0.0,1.0,1.0,1.0,1.0,0.0,1.0,0.0,1.0,0.0,0.0,0.0,0.0,0.0,0.4,0.6416666666666666,0.0,0.17500000000000002,0.0,0.0,0.0,0.0
G3.3.1,10,25,0,0.9,0.6755555555555556,0.0,1.0,1.0,1.0,1.0,0.0,1.0,0.0,1.0,0.0,0.0,0.0,0.0,0.0,0.4,0.6144444444444445,0.0,0.28,0.0,0.0,0.0,0.0
G3.3.1,10,25,1,1.0,0.72,0.0,1.0,1.0,1.0,1.0,0.0,1.0,0.0,1.0,0.0,0.0,0.0,0.0,0.0,0.5,0.5937777777777777,0.0,0.24,0.0,0.0,0.0,0.0
G3.3.1,10,25,2,1.0,0.736,0.0,1.0,1.0,1.0,1.0,0.0,1.0,0.0,1.0,0.0,0.0,0.0,0.0,0.0,0.4,0.6122222222222222,0.0,0.22000000000000003,0.0,0.0,0.0,0.0
G3.3.1,10,25,3,0.9,0.7244444444444444,0.0,1.0,1.0,1.0,1.0,0.0,1.0,0.0,1.0,0.0,0.0,0.0,0.0,0.0,0.6,0.5970370370370369,0.16666666666666666,0.26666666666666666,0.0,0.0,0.0,0.0
G3.3.1,10,25,4,1.0,0.708,0.0,1.0,1.0,1.0,1.0,0.0,1.0,0.0,1.0,0.0,0.0,0.0,0.0,0.0,0.3,0.6118518518518519,0.0,0.17333333333333334,0.0,0.0,0.0,0.0
G3.3.1,10,50,0,1.0,0.7000000000000003,0.0,1.0,1.0,1.0,1.0,0.0,1.0,0.0,1.0,0.0,0.0,0.0,0.0,0.0,0.3,0.5488888888888891,0.0,0.3466666666666667,0.0,0.0,0.0,0.0
G3.3.1,10,50,1,1.0,0.6800000000000004,0.0,1.0,1.0,1.0,1.0,0.0,1.0,0.0,1.0,0.0,0.0,0.0,0.0,0.0,0.4,0.6072222222222226,0.0,0.275,0.0,0.0,0.0,0.0
G3.3.1,10,50,2,1.0,0.7120000000000003,0.038461538461538464,1.0,0.9,0.9,1.0,0.0,0.9961538461538461,0.01923076923076923,0.9961538461538461,0.01923076923076923,0.0,0.0,0.0,0.0,0.3,0.5918518518518522,0.0,0.32,0.0,0.0,0.0,0.0
G3.3.1,10,50,3,1.0,0.6820000000000003,0.07692307692307693,0.8,1.0,0.8,0.991880341880342,0.02816949315842222,1.0,0.0,0.991880341880342,0.02816949315842222,0.0,0.0,0.0,0.0,0.3,0.6259259259259261,0.0,0.28,0.0,0.0,0.0,0.0
G3.3.1,10,50,4,1.0,0.7160000000000004,0.043478260869565216,0.9,1.0,0.9,0.9956521739130434,0.0203931119992323,1.0,0.0,0.9956521739130434,0.0203931119992323,0.0,0.0,0.0,0.0,0.6,0.6055555555555558,0.0,0.2833333333333333,0.0,0.0,0.0,0.0
G3.3.1,10,100,0,0.9,0.6944444444444449,0.0,1.0,1.0,1.0,1.0,0.0,1.0,0.0,1.0,0.0,0.0,0.0,0.0,0.0,0.4,0.6158333333333337,0.0,0.2625,0.0,0.0,0.0,0.0
G3.3.1,10,100,1,1.0,0.6650000000000004,0.0,1.0,1.0,1.0,1.0,0.0,1.0,0.0,1.0,0.0,0.0,0.0,0.0,0.0,0.7,0.5839682539682542,0.0,0.31714285714285717,0.0,0.0,0.0,0.0
G3.3.1,10,100,2,1.0,0.6810000000000003,0.0,1.0,1.0,1.0,1.0,0.0,1.0,0.0,1.0,0.0,0.0,0.0,0.0,0.0,0.3,0.5744444444444448,0.0,0.29333333333333333,0.0,0.0,0.0,0.0
G3.3.1,10,100,3,1.0,0.7230000000000004,0.0,1.0,1.0,1.0,1.0,0.0,1.0,0.0,1.0,0.0,0.0,0.0,0.0,0.0,0.5,0.5993333333333336,0.0,0.314,0.0,0.0,0.0,0.0
G3.3.1,10,100,4,1.0,0.7060000000000005,0.0,1.0,1.0,1.0,1.0,0.0,1.0,0.0,1.0,0.0,0.0,0.0,0.0,0.0,0.5,0.6142222222222224,0.0,0.28400000000000003,0.0,0.0,0.0,0.0
G3.3.1,25,10,0,0.8,0.725,0.0,1.0,1.0,1.0,1.0,0.0,1.0,0.0,1.0,0.0,0.0,0.0,0.0,0.0,0.36,0.6166666666666667,0.1111111111111111,0.3111111111111111,0.0,0.0,0.0,0.0
G3.3.1,25,10,1,0.92,0.7217391304347825,0.0,1.0,1.0,1.0,1.0,0.0,1.0,0.0,1.0,0.0,0.0,0.0,0.0,0.0,0.36,0.6037037037037036,0.0,0.23333333333333334,0.0,0.0,0.0,0.0
G3.3.1,25,10,2,0.96,0.7291666666666666,0.0,1.0,1.0,1.0,1.0,0.0,1.0,0.0,1.0,0.0,0.0,0.0,0.0,0.0,0.52,0.6038461538461539,0.0,0.26153846153846155,0.0,0.0,0.0,0.0
G3.3.1,25,10,3,0.96,0.7374999999999999,0.0,1.0,1.0,1.0,1.0,0.0,1.0,0.0,1.0,0.0,0.0,0.0,0.0,0.0,0.28,0.5845238095238096,0.0,0.20000000000000004,0.0,0.0,0.0,0.0
G3.3.1,25,10,4,0.92,0.7434782608695651,0.0,1.0,1.0,1.0,1.0,0.0,1.0,0.0,1.0,0.0,0.0,0.0,0.0,0.0,0.32,0.6421874999999999,0.0,0.21250000000000002,0.0,0.0,0.0,0.0
G3.3.1,25,25,0,0.96,0.7333333333333334,0.0,1.0,1.0,1.0,1.0,0.0,1.0,0.0,1.0,0.0,0.0,0.0,0.0,0.0,0.32,0.5783333333333334,0.0,0.235,0.0,0.0,0.0,0.0
G3.3.1,25,25,1,0.88,0.7054545454545454,0.0,1.0,1.0,1.0,1.0,0.0,1.0,0.0,1.0,0.0,0.0,0.0,0.0,0.0,0.36,0.6212962962962963,0.0,0.26222222222222225,0.0,0.0,0.0,0.0
G3.3.1,25,25,2,0.92,0.7078260869565218,0.0,1.0,1.0,1.0,1.0,0.0,1.0,0.0,1.0,0.0,0.0,0.0,0.0,0.0,0.44,0.6078787878787878,0.0,0.2727272727272727,0.0,0.0,0.0,0.0
G3.3.1,25,25,3,0.8,0.6719999999999999,0.0,1.0,1.0,1.0,1.0,0.0,1.0,0.0,1.0,0.0,0.0,0.0,0.0,0.0,0.32,0.6027083333333333,0.25,0.345,0.0,0.0,0.0,0.0
G3.3.1,25,25,4,0.92,0.6921739130434784,0.0,1.0,1.0,1.0,1.0,0.0,1.0,0.0,1.0,0.0,0.0,0.0,0.0,0.0,0.52,0.6069230769230769,0.0,0.30461538461538457,0.0,0.0,0.0,0.0
G3.3.1,25,50,0,0.96,0.6941666666666669,0.0,1.0,1.0,1.0,1.0,0.0,1.0,0.0,1.0,0.0,0.0,0.0,0.0,0.0,0.4,0.6180833333333335,0.0,0.28600000000000003,0.0,0.0,0.0,0.0
G3.3.1,25,50,1,1.0,0.6888000000000004,0.0,1.0,1.0,1.0,1.0,0.0,1.0,0.0,1.0,0.0,0.0,0.0,0.0,0.0,0.4,0.5887500000000003,0.0,0.33399999999999996,0.0,0.0,0.0,0.0
G3.3.1,25,50,2,0.92,0.69304347826087,0.0,1.0,1.0,1.0,1.0,0.0,1.0,0.0,1.0,0.0,0.0,0.0,0.0,0.0,0.28,0.6039285714285717,0.0,0.31142857142857144,0.0,0.0,0.0,0.0
G3.3.1,25,50,3,0.88,0.6881818181818184,0.0,1.0,1.0,1.0,1.0,0.0,1.0,0.0,1.0,0.0,0.0,0.0,0.0,0.0,0.4,0.6115833333333335,0.1,0.296,0.0,0.0,0.0,0.0
G3.3.1,25,50,4,0.92,0.6886956521739133,0.0,1.0,1.0,1.0,1.0,0.0,1.0,0.0,1.0,0.0,0.0,0.0,0.0,0.0,0.36,0.592777777777778,0.0,0.30666666666666664,0.0,0.0,0.0,0.0
G3.3.1,25,100,0,1.0,0.6908000000000004,0.0,1.0,1.0,1.0,1.0,0.0,1.0,0.0,1.0,0.0,0.0,0.0,0.0,0.0,0.36,0.5975462962962966,0.0,0.32333333333333336,0.0,0.0,0.0,0.0
G3.3.1,25,100,1,1.0,0.6780000000000003,0.0,1.0,1.0,1.0,1.0,0.0,1.0,0.0,1.0,0.0,0.0,0.0,0.0,0.0,0.52,0.591666666666667,0.0,0.30461538461538457,0.0,0.0,0.0,0.0
G3.3.1,25,100,2,1.0,0.6748000000000003,0.0,1.0,1.0,1.0,1.0,0.0,1.0,0.0,1.0,0.0,0.0,0.0,0.0,0.0,0.52,0.6072115384615389,0.0,0.32384615384615384,0.0,0.0,0.0,0.0
G3.3.1,25,100,3,1.0,0.6992000000000005,0.0,1.0,1.0,1.0,1.0,0.0,1.0,0.0,1.0,0.0,0.0,0.0,0.0,0.0,0.24,0.5938194444444448,0.0,0.2833333333333334,0.0,0.0,0.0,0.0
G3.3.1,25,100,4,1.0,0.7004000000000004,0.0,1.0,1.0,1.0,1.0,0.0,1.0,0.0,1.0,0.0,0.0,0.0,0.0,0.0,0.36,0.5747685185185188,0.0,0.29888888888888887,0.0,0.0,0.0,0.0
G3.3.1,50,10,0,0.84,0.7333333333333334,0.0,1.0,1.0,1.0,1.0,0.0,1.0,0.0,1.0,0.0,0.0,0.0,0.0,0.0,0.2,0.6465306122448979,0.2,0.33,0.0,0.0,0.0,0.0
G3.3.1,50,10,1,0.82,0.7341463414634146,0.0,1.0,1.0,1.0,1.0,0.0,1.0,0.0,1.0,0.0,0.0,0.0,0.0,0.0,0.34,0.6232893157262904,0.058823529411764705,0.2647058823529412,0.0,0.0,0.0,0.0
G3.3.1,50,10,2,0.88,0.7159090909090909,0.0,1.0,1.0,1.0,1.0,0.0,1.0,0.0,1.0,0.0,0.0,0.0,0.0,0.0,0.24,0.585204081632653,0.16666666666666666,0.25833333333333336,0.0,0.0,0.0,0.0
G3.3.1,50,10,3,0.9,0.7155555555555555,0.0,1.0,1.0,1.0,1.0,0.0,1.0,0.0,1.0,0.0,0.0,0.0,0.0,0.0,0.46,0.5963620230700977,0.0,0.3043478260869565,0.0,0.0,0.0,0.0
G3.3.1,50,10,4,0.88,0.7363636363636363,0.0,1.0,1.0,1.0,1.0,0.0,1.0,0.0,1.0,0.0,0.0,0.0,0.0,0.0,0.32,0.6211734693877551,0.0,0.2875,0.0,0.0,0.0,0.0
G3.3.1,50,25,0,0.96,0.7150000000000002,0.0,1.0,1.0,1.0,1.0,0.0,1.0,0.0,1.0,0.0,0.0,0.0,0.0,0.0,0.38,0.6102255639097744,0.0,0.3178947368421053,0.0,0.0,0.0,0.0
G3.3.1,50,25,1,0.92,0.7156521739130437,0.0,1.0,1.0,1.0,1.0,0.0,1.0,0.0,1.0,0.0,0.0,0.0,0.0,0.0,0.4,0.6099591836734695,0.0,0.27,0.0,0.0,0.0,0.0
G3.3.1,50,25,2,0.94,0.711489361702128,0.0,1.0,1.0,1.0,1.0,0.0,1.0,0.0,1.0,0.0,0.0,0.0,0.0,0.0,0.42,0.6055587949465501,0.0,0.2990476190476191,0.0,0.0,0.0,0.0
G3.3.1,50,25,3,0.94,0.7106382978723406,0.0,1.0,1.0,1.0,1.0,0.0,1.0,0.0,1.0,0.0,0.0,0.0,0.0,0.0,0.38,0.591922663802363,0.0,0.3010526315789474,0.0,0.0,0.0,0.0
G3.3.1,50,25,4,0.96,0.7175000000000001,0.0,1.0,1.0,1.0,1.0,0.0,1.0,0.0,1.0,0.0,0.0,0.0,0.0,0.0,0.34,0.6331332533013206,0.0,0.28470588235294114,0.0,0.0,0.0,0.0
G3.3.1,50,50,0,0.98,0.6963265306122451,0.0,1.0,1.0,1.0,1.0,0.0,1.0,0.0,1.0,0.0,0.0,0.0,0.0,0.0,0.3,0.5820952380952382,0.0,0.30000000000000004,0.0,0.0,0.0,0.0
G3.3.1,50,50,1,0.98,0.6918367346938779,0.0,1.0,1.0,1.0,1.0,0.0,1.0,0.0,1.0,0.0,0.0,0.0,0.0,0.0,0.42,0.6062001943634597,0.0,0.2952380952380953,0.0,0.0,0.0,0.0
G3.3.1,50,50,2,0.94,0.7042553191489364,0.0,1.0,1.0,1.0,1.0,0.0,1.0,0.0,1.0,0.0,0.0,0.0,0.0,0.0,0.32,0.5677806122448981,0.0,0.31,0.0,0.0,0.0,0.0
G3.3.1,50,50,3,0.94,0.7072340425531919,0.0,1.0,1.0,1.0,1.0,0.0,1.0,0.0,1.0,0.0,0.0,0.0,0.0,0.0,0.36,0.5885034013605444,0.0,0.27111111111111114,0.0,0.0,0.0,0.0
G3.3.1,50,50,4,0.94,0.6948936170212769,0.0,1.0,1.0,1.0,1.0,0.0,1.0,0.0,1.0,0.0,0.0,0.0,0.0,0.0,0.34,0.5815366146458585,0.0,0.31058823529411766,0.0,0.0,0.0,0.0
G3.3.1,50,100,0,1.0,0.7012000000000005,0.0,1.0,1.0,1.0,1.0,0.0,1.0,0.0,1.0,0.0,0.0,0.0,0.0,0.0,0.36,0.597244897959184,0.0,0.30499999999999994,0.0,0.0,0.0,0.0
G3.3.1,50,100,1,1.0,0.6998000000000004,0.0,1.0,1.0,1.0,1.0,0.0,1.0,0.0,1.0,0.0,0.0,0.0,0.0,0.0,0.28,0.6116909620991258,0.0,0.29714285714285715,0.0,0.0,0.0,0.0
G3.3.1,50,100,2,0.98,0.698775510204082,0.0,1.0,1.0,1.0,1.0,0.0,1.0,0.0,1.0,0.0,0.0,0.0,0.0,0.0,0.42,0.5986783284742472,0.0,0.299047619047619,0.0,0.0,0.0,0.0
G3.3.1,50,100,3,1.0,0.7022000000000004,0.0,1.0,1.0,1.0,1.0,0.0,1.0,0.0,1.0,0.0,0.0,0.0,0.0,0.0,0.32,0.6022959183673473,0.0,0.28,0.0,0.0,0.0,0.0
G3.3.1,50,100,4,0.98,0.692244897959184,0.0,1.0,1.0,1.0,1.0,0.0,1.0,0.0,1.0,0.0,0.0,0.0,0.0,0.0,0.32,0.5968750000000003,0.0,0.31062500000000004,0.0,0.0,0.0,0.0
G3.3.1,100,10,0,0.84,0.7190476190476188,0.0,1.0,1.0,1.0,1.0,0.0,1.0,0.0,1.0,0.0,0.0,0.0,0.0,0.0,0.25,0.6369292929292929,0.04,0.29600000000000004,0.0,0.0,0.0,0.0
G3.3.1,100,10,1,0.95,0.7347368421052631,0.0,1.0,1.0,1.0,1.0,0.0,1.0,0.0,1.0,0.0,0.0,0.0,0.0,0.0,0.3,0.6337710437710437,0.0,0.2866666666666667,0.0,0.0,0.0,0.0
G3.3.1,100,10,2,0.93,0.7225806451612902,0.0,1.0,1.0,1.0,1.0,0.0,1.0,0.0,1.0,0.0,0.0,0.0,0.0,0.0,0.31,0.5864776800260671,0.0,0.29677419354838713,0.0,0.0,0.0,0.0
G3.3.1,100,10,3,0.94,0.7244680851063827,0.0,1.0,1.0,1.0,1.0,0.0,1.0,0.0,1.0,0.0,0.0,0.0,0.0,0.0,0.32,0.5845959595959596,0.0,0.29062499999999997,0.0,0.0,0.0,0.0
G3.3.1,100,10,4,0.93,0.7172043010752689,0.0,1.0,1.0,1.0,1.0,0.0,1.0,0.0,1.0,0.0,0.0,0.0,0.0,0.0,0.28,0.5946608946608947,0.0,0.29642857142857143,0.0,0.0,0.0,0.0
G3.3.1,100,25,0,0.95,0.6976842105263159,0.0,1.0,1.0,1.0,1.0,0.0,1.0,0.0,1.0,0.0,0.0,0.0,0.0,0.0,0.34,0.6067023172905526,0.0,0.33411764705882346,0.0,0.0,0.0,0.0
G3.3.1,100,25,1,0.95,0.7115789473684211,0.0,1.0,1.0,1.0,1.0,0.0,1.0,0.0,1.0,0.0,0.0,0.0,0.0,0.0,0.38,0.591291866028708,0.0,0.28210526315789475,0.0,0.0,0.0,0.0
G3.3.1,100,25,2,0.95,0.7027368421052632,0.0,1.0,1.0,1.0,1.0,0.0,1.0,0.0,1.0,0.0,0.0,0.0,0.0,0.0,0.33,0.5904377104377103,0.0,0.33090909090909093,0.0,0.0,0.0,0.0
G3.3.1,100,25,3,0.97,0.7158762886597938,0.0,1.0,1.0,1.0,1.0,0.0,1.0,0.0,1.0,0.0,0.0,0.0,0.0,0.0,0.29,0.6043051201671891,0.0,0.2924137931034483,0.0,0.0,0.0,0.0
G3.3.1,100,25,4,0.87,0.7158620689655172,0.0,1.0,1.0,1.0,1.0,0.0,1.0,0.0,1.0,0.0,0.0,0.0,0.0,0.0,0.32,0.6017045454545453,0.0,0.2725,0.0,0.0,0.0,0.0
G3.3.1,100,50,0,0.97,0.7004123711340209,0.0,1.0,1.0,1.0,1.0,0.0,1.0,0.0,1.0,0.0,0.0,0.0,0.0,0.0,0.36,0.5997530864197533,0.0,0.30166666666666675,0.0,0.0,0.0,0.0
G3.3.1,100,50,1,0.97,0.7041237113402066,0.0,1.0,1.0,1.0,1.0,0.0,1.0,0.0,1.0,0.0,0.0,0.0,0.0,0.0,0.33,0.5999387817569638,0.0,0.29333333333333333,0.0,0.0,0.0,0.0
G3.3.1,100,50,2,0.98,0.691836734693878,0.0,1.0,1.0,1.0,1.0,0.0,1.0,0.0,1.0,0.0,0.0,0.0,0.0,0.0,0.35,0.5990245310245312,0.0,0.332,0.0,0.0,0.0,0.0
G3.3.1,100,50,3,0.96,0.691666666666667,0.0,1.0,1.0,1.0,1.0,0.0,1.0,0.0,1.0,0.0,0.0,0.0,0.0,0.0,0.34,0.6010992275698159,0.0,0.308235294117647,0.0,0.0,0.0,0.0
G3.3.1,100,50,4,0.94,0.6985106382978726,0.0,1.0,1.0,1.0,1.0,0.0,1.0,0.0,1.0,0.0,0.0,0.0,0.0,0.0,0.4,0.5979545454545457,0.0,0.30100000000000005,0.0,0.0,0.0,0.0
G3.3.1,100,100,0,0.99,0.7011111111111115,0.0,1.0,1.0,1.0,1.0,0.0,1.0,0.0,1.0,0.0,0.0,0.0,0.0,0.0,0.35,0.5933766233766237,0.0,0.3014285714285714,0.0,0.0,0.0,0.0
G3.3.1,100,100,1,0.97,0.6926804123711343,0.0,1.0,1.0,1.0,1.0,0.0,1.0,0.0,1.0,0.0,0.0,0.0,0.0,0.0,0.27,0.5967377478488592,0.0,0.30888888888888894,0.0,0.0,0.0,0.0
G3.3.1,100,100,2,0.98,0.7013265306122454,0.0,1.0,1.0,1.0,1.0,0.0,1.0,0.0,1.0,0.0,0.0,0.0,0.0,0.0,0.3,0.5929865319865324,0.0,0.306,0.0,0.0,0.0,0.0
G3.3.1,100,100,3,1.0,0.6905000000000006,0.0,1.0,1.0,1.0,1.0,0.0,1.0,0.0,1.0,0.0,0.0,0.0,0.0,0.0,0.39,0.5899041699041703,0.0,0.3064102564102565,0.0,0.0,0.0,0.0
G3.3.1,100,100,4,0.99,0.6933333333333338,0.0,1.0,1.0,1.0,1.0,0.0,1.0,0.0,1.0,0.0,0.0,0.0,0.0,0.0,0.35,0.596868686868687,0.0,0.3037142857142857,0.0,0.0,0.0,0.0
G3.3.2,10,10,0,0.8,0.725,0.2777777777777778,0.125,1.0,0.125,0.9156746031746033,0.17096049136263589,1.0,0.0,0.9156746031746033,0.17096049136263586,0.0,0.0,0.0,0.0,0.4,0.6111111111111109,0.0,0.3,0.0,0.0,0.0,0.0
G3.3.2,10,10,1,0.9,0.6555555555555554,0.0,1.0,1.0,1.0,1.0,0.0,1.0,0.0,1.0,0.0,0.0,0.0,0.0,0.0,0.4,0.5833333333333333,0.0,0.375,0.0,0.0,0.0,0.0
G3.3.2,10,10,2,1.0,0.72,0.038461538461538464,0.9,1.0,0.9,0.9961538461538461,0.01923076923076923,1.0,0.0,0.9961538461538461,0.01923076923076923,0.0,0.0,0.0,0.0,0.5,0.6088888888888888,0.0,0.18000000000000002,0.0,0.0,0.0,0.0
G3.3.2,10,10,3,1.0,0.6900000000000001,0.0,1.0,1.0,1.0,1.0,0.0,1.0,0.0,1.0,0.0,0.0,0.0,0.0,0.0,0.5,0.5266666666666666,0.0,0.42000000000000004,0.0,0.0,0.0,0.0
G3.3.2,10,10,4,0.9,0.811111111111111,0.0,1.0,1.0,1.0,1.0,0.0,1.0,0.0,1.0,0.0,0.0,0.0,0.0,0.0,0.4,0.6333333333333333,0.0,0.19999999999999998,0.0,0.0,0.0,0.0
G3.3.2,10,25,0,0.8,0.645,0.0,1.0,1.0,1.0,1.0,0.0,1.0,0.0,1.0,0.0,0.0,0.0,0.0,0.0,0.4,0.5822222222222222,0.0,0.37,0.0,0.0,0.0,0.0
G3.3.2,10,25,1,1.0,0.748,0.0,1.0,1.0,1.0,1.0,0.0,1.0,0.0,1.0,0.0,0.0,0.0,0.0,0.0,0.5,0.5804444444444444,0.0,0.28800000000000003,0.0,0.0,0.0,0.0
G3.3.2,10,25,2,0.8,0.675,0.0,1.0,1.0,1.0,1.0,0.0,1.0,0.0,1.0,0.0,0.0,0.0,0.0,0.0,0.5,0.6097777777777778,0.0,0.256,0.0,0.0,0.0,0.0
G3.3.2,10,25,3,1.0,0.704,0.09523809523809523,0.8,1.0,0.8,0.9899470899470899,0.031032546663735835,1.0,0.0,0.9899470899470899,0.031032546663735835,0.0,0.0,0.0,0.0,0.5,0.6346666666666667,0.0,0.23199999999999998,0.0,0.0,0.0,0.0
G3.3.2,10,25,4,1.0,0.748,0.0,1.0,1.0,1.0,1.0,0.0,1.0,0.0,1.0,0.0,0.0,0.0,0.0,0.0,0.8,0.6416666666666666,0.0,0.24000000000000002,0.0,0.0,0.0,0.0
G3.3.2,10,50,0,0.9,0.7311111111111114,0.0,1.0,1.0,1.0,1.0,0.0,1.0,0.0,1.0,0.0,0.0,0.0,0.0,0.0,0.3,0.6414814814814818,0.0,0.22666666666666668,0.0,0.0,0.0,0.0
G3.3.2,10,50,1,0.8,0.6850000000000003,0.14285714285714285,0.875,0.875,0.75,0.9910714285714286,0.032192422102357045,0.9897959183673469,0.036791339545550895,0.9808673469387755,0.0469865827969231,0.0,0.0,0.0,0.0,0.4,0.6055555555555558,0.0,0.28,0.0,0.0,0.0,0.0
G3.3.2,10,50,2,1.0,0.7080000000000003,0.0,1.0,1.0,1.0,1.0,0.0,1.0,0.0,1.0,0.0,0.0,0.0,0.0,0.0,0.4,0.5750000000000002,0.0,0.26,0.0,0.0,0.0,0.0
G3.3.2,10,50,3,1.0,0.6720000000000003,0.0,1.0,1.0,1.0,1.0,0.0,1.0,0.0,1.0,0.0,0.0,0.0,0.0,0.0,0.4,0.6022222222222224,0.0,0.315,0.0,0.0,0.0,0.0
G3.3.2,10,50,4,1.0,0.7400000000000003,0.0,1.0,1.0,1.0,1.0,0.0,1.0,0.0,1.0,0.0,0.0,0.0,0.0,0.0,0.3,0.5881481481481483,0.0,0.2866666666666667,0.0,0.0,0.0,0.0
G3.3.2,10,100,0,1.0,0.7040000000000004,0.0,1.0,1.0,1.0,1.0,0.0,1.0,0.0,1.0,0.0,0.0,0.0,0.0,0.0,0.3,0.6000000000000004,0.0,0.3333333333333333,0.0,0.0,0.0,0.0
G3.3.2,10,100,1,1.0,0.6960000000000004,0.0,1.0,1.0,1.0,1.0,0.0,1.0,0.0,1.0,0.0,0.0,0.0,0.0,0.0,0.5,0.6313333333333336,0.0,0.298,0.0,0.0,0.0,0.0
G3.3.2,10,100,2,1.0,0.7230000000000004,0.0,1.0,1.0,1.0,1.0,0.0,1.0,0.0,1.0,0.0,0.0,0.0,0.0,0.0,0.5,0.5917777777777781,0.0,0.25,0.0,0.0,0.0,0.0
G3.3.2,10,100,3,1.0,0.7090000000000005,0.0,1.0,1.0,1.0,1.0,0.0,1.0,0.0,1.0,0.0,0.0,0.0,0.0,0.0,0.6,0.6098148148148151,0.0,0.27999999999999997,0.0,0.0,0.0,0.0
G3.3.2,10,100,4,1.0,0.6920000000000004,0.0,1.0,1.0,1.0,1.0,0.0,1.0,0.0,1.0,0.0,0.0,0.0,0.0,0.0,0.5,0.5771111111111114,0.0,0.29000000000000004,0.0,0.0,0.0,0.0
G3.3.2,25,10,0,0.92,0.6913043478260869,0.0,1.0,1.0,1.0,1.0,0.0,1.0,0.0,1.0,0.0,0.0,0.0,0.0,0.0,0.44,0.6462121212121211,0.0,0.3454545454545454,0.0,0.0,0.0,0.0
G3.3.2,25,10,1,0.88,0.7454545454545456,0.0,1.0,1.0,1.0,1.0,0.0,1.0,0.0,1.0,0.0,0.0,0.0,0.0,0.0,0.48,0.6444444444444445,0.08333333333333333,0.20000000000000004,0.0,0.0,0.0,0.0
G3.3.2,25,10,2,0.92,0.7086956521739131,0.0,1.0,1.0,1.0,1.0,0.0,1.0,0.0,1.0,0.0,0.0,0.0,0.0,0.0,0.48,0.6270833333333333,0.08333333333333333,0.3416666666666666,0.0,0.0,0.0,0.0
G3.3.2,25,10,3,0.96,0.6916666666666665,0.0,1.0,1.0,1.0,1.0,0.0,1.0,0.0,1.0,0.0,0.0,0.0,0.0,0.0,0.2,0.5783333333333334,0.0,0.21999999999999997,0.0,0.0,0.0,0.0
G3.3.2,25,10,4,0.84,0.7095238095238094,0.0,1.0,1.0,1.0,1.0,0.0,1.0,0.0,1.0,0.0,0.0,0.0,0.0,0.0,0.36,0.6055555555555556,0.1111111111111111,0.2777777777777778,0.0,0.0,0.0,0.0
G3.3.2,25,25,0,0.96,0.6966666666666667,0.0,1.0,1.0,1.0,1.0,0.0,1.0,0.0,1.0,0.0,0.0,0.0,0.0,0.0,0.32,0.5670833333333334,0.0,0.32,0.0,0.0,0.0,0.0
G3.3.2,25,25,1,0.96,0.7266666666666667,0.0,1.0,1.0,1.0,1.0,0.0,1.0,0.0,1.0,0.0,0.0,0.0,0.0,0.0,0.28,0.6297619047619047,0.0,0.2742857142857143,0.0,0.0,0.0,0.0
G3.3.2,25,25,2,0.96,0.695,0.0,1.0,1.0,1.0,1.0,0.0,1.0,0.0,1.0,0.0,0.0,0.0,0.0,0.0,0.4,0.5893333333333333,0.0,0.2840000000000001,0.0,0.0,0.0,0.0
G3.3.2,25,25,3,1.0,0.7376000000000001,0.0,1.0,1.0,1.0,1.0,0.0,1.0,0.0,1.0,0.0,0.0,0.0,0.0,0.0,0.32,0.6074999999999999,0.0,0.30500000000000005,0.0,0.0,0.0,0.0
G3.3.2,25,25,4,0.92,0.7043478260869567,0.0,1.0,1.0,1.0,1.0,0.0,1.0,0.0,1.0,0.0,0.0,0.0,0.0,0.0,0.32,0.6327083333333333,0.0,0.265,0.0,0.0,0.0,0.0
G3.3.2,25,50,0,1.0,0.6736000000000003,0.0,1.0,1.0,1.0,1.0,0.0,1.0,0.0,1.0,0.0,0.0,0.0,0.0,0.0,0.48,0.5820833333333336,0.0,0.33166666666666667,0.0,0.0,0.0,0.0
G3.3.2,25,50,1,0.96,0.7041666666666669,0.0,1.0,1.0,1.0,1.0,0.0,1.0,0.0,1.0,0.0,0.0,0.0,0.0,0.0,0.36,0.6012037037037039,0.0,0.26666666666666666,0.0,0.0,0.0,0.0
G3.3.2,25,50,2,1.0,0.6928000000000004,0.0,1.0,1.0,1.0,1.0,0.0,1.0,0.0,1.0,0.0,0.0,0.0,0.0,0.0,0.32,0.5855208333333336,0.0,0.2725,0.0,0.0,0.0,0.0
G3.3.2,25,50,3,0.96,0.6958333333333337,0.0,1.0,1.0,1.0,1.0,0.0,1.0,0.0,1.0,0.0,0.0,0.0,0.0,0.0,0.44,0.6228030303030305,0.09090909090909091,0.31999999999999995,0.0,0.0,0.0,0.0
G3.3.2,25,50,4,0.96,0.6766666666666671,0.0,1.0,1.0,1.0,1.0,0.0,1.0,0.0,1.0,0.0,0.0,0.0,0.0,0.0,0.28,0.6069047619047622,0.0,0.2885714285714286,0.0,0.0,0.0,0.0
G3.3.2,25,100,0,1.0,0.7068000000000005,0.0,1.0,1.0,1.0,1.0,0.0,1.0,0.0,1.0,0.0,0.0,0.0,0.0,0.0,0.24,0.6007638888888892,0.0,0.26333333333333336,0.0,0.0,0.0,0.0
G3.3.2,25,100,1,1.0,0.7072000000000004,0.0,1.0,1.0,1.0,1.0,0.0,1.0,0.0,1.0,0.0,0.0,0.0,0.0,0.0,0.4,0.5925416666666671,0.0,0.27999999999999997,0.0,0.0,0.0,0.0
G3.3.2,25,100,2,1.0,0.7000000000000003,0.0,1.0,1.0,1.0,1.0,0.0,1.0,0.0,1.0,0.0,0.0,0.0,0.0,0.0,0.36,0.5917592592592595,0.0,0.31444444444444447,0.0,0.0,0.0,0.0
G3.3.2,25,100,3,1.0,0.7024000000000004,0.0,1.0,1.0,1.0,1.0,0.0,1.0,0.0,1.0,0.0,0.0,0.0,0.0,0.0,0.36,0.6127314814814819,0.0,0.2777777777777778,0.0,0.0,0.0,0.0
G3.3.2,25,100,4,1.0,0.6916000000000004,0.0,1.0,1.0,1.0,1.0,0.0,1.0,0.0,1.0,0.0,0.0,0.0,0.0,0.0,0.4,0.591166666666667,0.0,0.294,0.0,0.0,0.0,0.0
G3.3.2,50,10,0,0.92,0.7391304347826085,0.0,1.0,1.0,1.0,1.0,0.0,1.0,0.0,1.0,0.0,0.0,0.0,0.0,0.0,0.32,0.5933673469387755,0.0,0.28125,0.0,0.0,0.0,0.0
G3.3.2,50,10,1,0.88,0.7045454545454545,0.0,1.0,1.0,1.0,1.0,0.0,1.0,0.0,1.0,0.0,0.0,0.0,0.0,0.0,0.26,0.6577708006279436,0.15384615384615385,0.33076923076923076,0.0,0.0,0.0,0.0
G3.3.2,50,10,2,0.84,0.7309523809523809,0.0,1.0,1.0,1.0,1.0,0.0,1.0,0.0,1.0,0.0,0.0,0.0,0.0,0.0,0.38,0.6508055853920516,0.05263157894736842,0.28947368421052627,0.0,0.0,0.0,0.0
G3.3.2,50,10,3,0.86,0.7488372093023257,0.0,1.0,1.0,1.0,1.0,0.0,1.0,0.0,1.0,0.0,0.0,0.0,0.0,0.0,0.22,0.6089053803339518,0.09090909090909091,0.3181818181818182,0.0,0.0,0.0,0.0
G3.3.2,50,10,4,0.94,0.721276595744681,0.0,1.0,1.0,1.0,1.0,0.0,1.0,0.0,1.0,0.0,0.0,0.0,0.0,0.0,0.32,0.5826530612244898,0.0,0.29375000000000007,0.0,0.0,0.0,0.0
G3.3.2,50,25,0,0.92,0.6930434782608696,0.0,1.0,1.0,1.0,1.0,0.0,1.0,0.0,1.0,0.0,0.0,0.0,0.0,0.0,0.36,0.6067120181405895,0.05555555555555555,0.3266666666666667,0.0,0.0,0.0,0.0
G3.3.2,50,25,1,0.9,0.7146666666666668,0.0,1.0,1.0,1.0,1.0,0.0,1.0,0.0,1.0,0.0,0.0,0.0,0.0,0.0,0.36,0.6067573696145125,0.05555555555555555,0.2933333333333334,0.0,0.0,0.0,0.0
G3.3.2,50,25,2,0.9,0.705777777777778,0.0,1.0,1.0,1.0,1.0,0.0,1.0,0.0,1.0,0.0,0.0,0.0,0.0,0.0,0.4,0.6033061224489795,0.05,0.29200000000000004,0.0,0.0,0.0,0.0
G3.3.2,50,25,3,0.98,0.7110204081632654,0.0,1.0,1.0,1.0,1.0,0.0,1.0,0.0,1.0,0.0,0.0,0.0,0.0,0.0,0.24,0.6001360544217688,0.0,0.30666666666666664,0.0,0.0,0.0,0.0
G3.3.2,50,25,4,0.92,0.7017391304347826,0.0,1.0,1.0,1.0,1.0,0.0,1.0,0.0,1.0,0.0,0.0,0.0,0.0,0.0,0.42,0.6138775510204082,0.0,0.31428571428571433,0.0,0.0,0.0,0.0
G3.3.2,50,50,0,0.96,0.6883333333333336,0.0,1.0,1.0,1.0,1.0,0.0,1.0,0.0,1.0,0.0,0.0,0.0,0.0,0.0,0.34,0.5979591836734696,0.0,0.3070588235294118,0.0,0.0,0.0,0.0
G3.3.2,50,50,1,0.98,0.6914285714285717,0.0,1.0,1.0,1.0,1.0,0.0,1.0,0.0,1.0,0.0,0.0,0.0,0.0,0.0,0.24,0.5972448979591839,0.0,0.3266666666666666,0.0,0.0,0.0,0.0
G3.3.2,50,50,2,0.94,0.7123404255319151,0.0,1.0,1.0,1.0,1.0,0.0,1.0,0.0,1.0,0.0,0.0,0.0,0.0,0.0,0.26,0.6053061224489797,0.0,0.26615384615384613,0.0,0.0,0.0,0.0
G3.3.2,50,50,3,0.94,0.6982978723404258,0.0,1.0,1.0,1.0,1.0,0.0,1.0,0.0,1.0,0.0,0.0,0.0,0.0,0.0,0.28,0.6124198250728865,0.0,0.3157142857142857,0.0,0.0,0.0,0.0
G3.3.2,50,50,4,0.94,0.6821276595744684,0.0,1.0,1.0,1.0,1.0,0.0,1.0,0.0,1.0,0.0,0.0,0.0,0.0,0.0,0.4,0.6069183673469389,0.0,0.32900000000000007,0.0,0.0,0.0,0.0
G3.3.2,50,100,0,0.98,0.7030612244897965,0.0,1.0,1.0,1.0,1.0,0.0,1.0,0.0,1.0,0.0,0.0,0.0,0.0,0.0,0.4,0.6013775510204085,0.0,0.2995,0.0,0.0,0.0,0.0
G3.3.2,50,100,1,0.98,0.6969387755102043,0.0,1.0,1.0,1.0,1.0,0.0,1.0,0.0,1.0,0.0,0.0,0.0,0.0,0.0,0.3,0.6058911564625853,0.0,0.29066666666666663,0.0,0.0,0.0,0.0
G3.3.2,50,100,2,1.0,0.7090000000000005,0.0,1.0,1.0,1.0,1.0,0.0,1.0,0.0,1.0,0.0,0.0,0.0,0.0,0.0,0.36,0.5844671201814061,0.0,0.3,0.0,0.0,0.0,0.0
G3.3.2,50,100,3,0.98,0.6895918367346945,0.0,1.0,1.0,1.0,1.0,0.0,1.0,0.0,1.0,0.0,0.0,0.0,0.0,0.0,0.3,0.6060952380952384,0.0,0.33199999999999996,0.0,0.0,0.0,0.0
G3.3.2,50,100,4,1.0,0.7062000000000005,0.0,1.0,1.0,1.0,1.0,0.0,1.0,0.0,1.0,0.0,0.0,0.0,0.0,0.0,0.28,0.6043294460641402,0.0,0.29071428571428576,0.0,0.0,0.0,0.0
G3.3.2,100,10,0,0.95,0.7294736842105263,0.0,1.0,1.0,1.0,1.0,0.0,1.0,0.0,1.0,0.0,0.0,0.0,0.0,0.0,0.35,0.5934487734487733,0.0,0.3028571428571428,0.0,0.0,0.0,0.0
G3.3.2,100,10,1,0.89,0.7314606741573033,0.0,1.0,1.0,1.0,1.0,0.0,1.0,0.0,1.0,0.0,0.0,0.0,0.0,0.0,0.26,0.5958430458430458,0.0,0.28846153846153844,0.0,0.0,0.0,0.0
G3.3.2,100,10,2,0.92,0.7315217391304346,0.0,1.0,1.0,1.0,1.0,0.0,1.0,0.0,1.0,0.0,0.0,0.0,0.0,0.0,0.34,0.6208556149732619,0.0,0.2852941176470588,0.0,0.0,0.0,0.0
G3.3.2,100,10,3,0.82,0.7231707317073169,0.0,1.0,1.0,1.0,1.0,0.0,1.0,0.0,1.0,0.0,0.0,0.0,0.0,0.0,0.25,0.6238383838383839,0.2,0.376,0.0,0.0,0.0,0.0
G3.3.2,100,10,4,0.82,0.724390243902439,0.0,1.0,1.0,1.0,1.0,0.0,1.0,0.0,1.0,0.0,0.0,0.0,0.0,0.0,0.25,0.6062222222222222,0.0,0.29600000000000004,0.0,0.0,0.0,0.0
G3.3.2,100,25,0,0.92,0.7056521739130435,0.0,1.0,1.0,1.0,1.0,0.0,1.0,0.0,1.0,0.0,0.0,0.0,0.0,0.0,0.37,0.5887633087633087,0.0,0.30378378378378385,0.0,0.0,0.0,0.0
G3.3.2,100,25,1,0.94,0.7034042553191486,0.0,1.0,1.0,1.0,1.0,0.0,1.0,0.0,1.0,0.0,0.0,0.0,0.0,0.0,0.3,0.6002154882154881,0.0,0.32,0.0,0.0,0.0,0.0
G3.3.2,100,25,2,0.89,0.69438202247191,0.0,1.0,1.0,1.0,1.0,0.0,1.0,0.0,1.0,0.0,0.0,0.0,0.0,0.0,0.23,0.6179007465963987,0.043478260869565216,0.33565217391304353,0.0,0.0,0.0,0.0
G3.3.2,100,25,3,0.83,0.7243373493975902,0.0,1.0,1.0,1.0,1.0,0.0,1.0,0.0,1.0,0.0,0.0,0.0,0.0,0.0,0.29,0.5921281783350748,0.0,0.2827586206896552,0.0,0.0,0.0,0.0
G3.3.2,100,25,4,0.91,0.7098901098901098,0.0,1.0,1.0,1.0,1.0,0.0,1.0,0.0,1.0,0.0,0.0,0.0,0.0,0.0,0.36,0.5978226711560043,0.0,0.2844444444444444,0.0,0.0,0.0,0.0
G3.3.2,100,50,0,0.96,0.7010416666666671,0.0,1.0,1.0,1.0,1.0,0.0,1.0,0.0,1.0,0.0,0.0,0.0,0.0,0.0,0.33,0.5967064585246407,0.0,0.30545454545454553,0.0,0.0,0.0,0.0
G3.3.2,100,50,1,0.94,0.7048936170212768,0.0,1.0,1.0,1.0,1.0,0.0,1.0,0.0,1.0,0.0,0.0,0.0,0.0,0.0,0.35,0.5940028860028862,0.0,0.3091428571428571,0.0,0.0,0.0,0.0
G3.3.2,100,50,2,0.94,0.6953191489361706,0.0,1.0,1.0,1.0,1.0,0.0,1.0,0.0,1.0,0.0,0.0,0.0,0.0,0.0,0.36,0.5991358024691359,0.0,0.32000000000000006,0.0,0.0,0.0,0.0
G3.3.2,100,50,3,1.0,0.6910000000000003,0.0,1.0,1.0,1.0,1.0,0.0,1.0,0.0,1.0,0.0,0.0,0.0,0.0,0.0,0.31,0.592727272727273,0.0,0.327741935483871,0.0,0.0,0.0,0.0
G3.3.2,100,50,4,0.93,0.6909677419354843,0.0,1.0,1.0,1.0,1.0,0.0,1.0,0.0,1.0,0.0,0.0,0.0,0.0,0.0,0.41,0.5909288001970932,0.0,0.3014634146341464,0.0,0.0,0.0,0.0
G3.3.2,100,100,0,1.0,0.6859000000000002,0.0,1.0,1.0,1.0,1.0,0.0,1.0,0.0,1.0,0.0,0.0,0.0,0.0,0.0,0.3,0.5919797979797983,0.0,0.31533333333333335,0.0,0.0,0.0,0.0
G3.3.2,100,100,1,0.97,0.6981443298969078,0.0,1.0,1.0,1.0,1.0,0.0,1.0,0.0,1.0,0.0,0.0,0.0,0.0,0.0,0.43,0.593239370448673,0.0,0.3011627906976744,0.0,0.0,0.0,0.0
G3.3.2,100,100,2,0.98,0.6945918367346943,0.0,1.0,1.0,1.0,1.0,0.0,1.0,0.0,1.0,0.0,0.0,0.0,0.0,0.0,0.44,0.5954614325068875,0.0,0.31,0.0,0.0,0.0,0.0
G3.3.2,100,100,3,0.98,0.6956122448979596,0.0,1.0,1.0,1.0,1.0,0.0,1.0,0.0,1.0,0.0,0.0,0.0,0.0,0.0,0.4,0.5911237373737377,0.0,0.30300000000000005,0.0,0.0,0.0,0.0
G3.3.2,100,100,4,0.97,0.6984536082474231,0.0,1.0,1.0,1.0,1.0,0.0,1.0,0.0,1.0,0.0,0.0,0.0,0.0,0.0,0.29,0.5957053291536054,0.0,0.2899999999999999,0.0,0.0,0.0,0.0
G3.3.3,10,10,0,0.7,0.7428571428571428,0.013157894736842105,1.0,0.8571428571428572,0.8571428571428572,1.0,0.0,0.9981203007518797,0.01627867300346688,0.9981203007518797,0.01627867300346688,0.0,0.0,0.0,0.0,0.5,0.6,0.2,0.26,0.0,0.0,0.0,0.0
G3.3.3,10,10,1,1.0,0.7299999999999999,0.0,1.0,1.0,1.0,1.0,0.0,1.0,0.0,1.0,0.0,0.0,0.0,0.0,0.0,0.3,0.611111111111111,0.0,0.09999999999999999,0.0,0.0,0.0,0.0
G3.3.3,10,10,2,1.0,0.7499999999999999,0.05333333333333334,0.4,0.8,0.19999999999999996,0.9895238095238095,0.0520770404361612,0.9959999999999999,0.02550816862627865,0.9855238095238095,0.06592072473898763,0.0,0.0,0.0,0.0,0.5,0.6333333333333333,0.0,0.2,0.0,0.0,0.0,0.0
G3.3.3,10,10,3,1.0,0.6799999999999999,0.0375,0.6,0.9,0.5,0.9944642857142856,0.03673496846552704,0.9979166666666668,0.018517071702740806,0.9923809523809524,0.04085675435490726,0.0,0.0,0.0,0.0,0.4,0.65,0.0,0.3,0.0,0.0,0.0,0.0
G3.3.3,10,10,4,0.9,0.7666666666666665,0.0,1.0,1.0,1.0,1.0,0.0,1.0,0.0,1.0,0.0,0.0,0.0,0.0,0.0,0.6,0.6555555555555554,0.0,0.18333333333333335,0.0,0.0,0.0,0.0
G3.3.3,10,25,0,1.0,0.696,0.0,1.0,1.0,1.0,1.0,0.0,1.0,0.0,1.0,0.0,0.0,0.0,0.0,0.0,0.6,0.614074074074074,0.0,0.32666666666666666,0.0,0.0,0.0,0.0
G3.3.3,10,25,1,1.0,0.7,0.0273972602739726,0.9,1.0,0.9,0.9986301369863014,0.011623673115395293,1.0,0.0,0.9986301369863014,0.011623673115395293,0.0,0.0,0.0,0.0,0.6,0.6066666666666666,0.0,0.34,0.0,0.0,0.0,0.0
G3.3.3,10,25,2,1.0,0.696,0.012658227848101266,0.9,1.0,0.9,0.99873417721519,0.011179444134592207,1.0,0.0,0.99873417721519,0.011179444134592207,0.0,0.0,0.0,0.0,0.3,0.6459259259259259,0.0,0.28,0.0,0.0,0.0,0.0
G3.3.3,10,25,3,1.0,0.712,0.02857142857142857,0.9,0.9,0.8,0.9985714285714287,0.011866605518454393,0.9984126984126984,0.013185117242727112,0.996984126984127,0.017610465520331412,0.0,0.0,0.0,0.0,0.4,0.6255555555555555,0.0,0.26,0.0,0.0,0.0,0.0
G3.3.3,10,25,4,0.8,0.7250000000000001,0.028169014084507043,0.75,1.0,0.75,0.9962273641851107,0.022209830273396732,1.0,0.0,0.9962273641851107,0.022209830273396722,0.0,0.0,0.0,0.0,0.3,0.5733333333333333,0.0,0.26666666666666666,0.0,0.0,0.0,0.0
G3.3.3,10,50,0,1.0,0.6940000000000004,0.0,1.0,1.0,1.0,1.0,0.0,1.0,0.0,1.0,0.0,0.0,0.0,0.0,0.0,0.4,0.5694444444444446,0.0,0.375,0.0,0.0,0.0,0.0
G3.3.3,10,50,1,1.0,0.7100000000000003,0.012658227848101266,0.9,1.0,0.9,0.99873417721519,0.011179444134592207,1.0,0.0,0.99873417721519,0.011179444134592207,0.0,0.0,0.0,0.0,0.4,0.5716666666666669,0.0,0.32,0.0,0.0,0.0,0.0
G3.3.3,10,50,2,1.0,0.7020000000000003,0.0,1.0,1.0,1.0,1.0,0.0,1.0,0.0,1.0,0.0,0.0,0.0,0.0,0.0,0.7,0.6504761904761907,0.0,0.26571428571428574,0.0,0.0,0.0,0.0
G3.3.3,10,50,3,1.0,0.7040000000000004,0.0,1.0,1.0,1.0,1.0,0.0,1.0,0.0,1.0,0.0,0.0,0.0,0.0,0.0,0.4,0.592777777777778,0.0,0.28500000000000003,0.0,0.0,0.0,0.0
G3.3.3,10,50,4,1.0,0.7360000000000004,0.0,1.0,1.0,1.0,1.0,0.0,1.0,0.0,1.0,0.0,0.0,0.0,0.0,0.0,0.6,0.6070370370370373,0.0,0.26666666666666666,0.0,0.0,0.0,0.0
G3.3.3,10,100,0,1.0,0.6990000000000005,0.0,1.0,1.0,1.0,1.0,0.0,1.0,0.0,1.0,0.0,0.0,0.0,0.0,0.0,0.3,0.5851851851851855,0.0,0.3066666666666667,0.0,0.0,0.0,0.0
G3.3.3,10,100,1,1.0,0.7380000000000004,0.0,1.0,1.0,1.0,1.0,0.0,1.0,0.0,1.0,0.0,0.0,0.0,0.0,0.0,0.5,0.6146666666666671,0.0,0.244,0.0,0.0,0.0,0.0
G3.3.3,10,100,2,1.0,0.7300000000000005,0.0,1.0,1.0,1.0,1.0,0.0,1.0,0.0,1.0,0.0,0.0,0.0,0.0,0.0,0.3,0.6125925925925929,0.0,0.27666666666666667,0.0,0.0,0.0,0.0
G3.3.3,10,100,3,1.0,0.6910000000000004,0.0,1.0,1.0,1.0,1.0,0.0,1.0,0.0,1.0,0.0,0.0,0.0,0.0,0.0,0.3,0.6203703703703707,0.0,0.32,0.0,0.0,0.0,0.0
G3.3.3,10,100,4,1.0,0.7040000000000004,0.0,1.0,1.0,1.0,1.0,0.0,1.0,0.0,1.0,0.0,0.0,0.0,0.0,0.0,0.4,0.6030555555555559,0.0,0.2675,0.0,0.0,0.0,0.0
G3.3.3,25,10,0,0.92,0.7304347826086955,0.0,1.0,1.0,1.0,1.0,0.0,1.0,0.0,1.0,0.0,0.0,0.0,0.0,0.0,0.44,0.6409090909090908,0.0,0.22727272727272727,0.0,0.0,0.0,0.0
G3.3.3,25,10,1,0.92,0.7130434782608696,0.0,1.0,1.0,1.0,1.0,0.0,1.0,0.0,1.0,0.0,0.0,0.0,0.0,0.0,0.28,0.625,0.0,0.1857142857142857,0.0,0.0,0.0,0.0
G3.3.3,25,10,2,0.84,0.7,0.0,1.0,1.0,1.0,1.0,0.0,1.0,0.0,1.0,0.0,0.0,0.0,0.0,0.0,0.28,0.5910714285714286,0.0,0.31428571428571433,0.0,0.0,0.0,0.0
G3.3.3,25,10,3,0.8,0.7299999999999999,0.0,1.0,1.0,1.0,1.0,0.0,1.0,0.0,1.0,0.0,0.0,0.0,0.0,0.0,0.36,0.6374999999999998,0.1111111111111111,0.28888888888888886,0.0,0.0,0.0,0.0
G3.3.3,25,10,4,0.84,0.7095238095238096,0.0,1.0,1.0,1.0,1.0,0.0,1.0,0.0,1.0,0.0,0.0,0.0,0.0,0.0,0.36,0.638888888888889,0.0,0.26666666666666666,0.0,0.0,0.0,0.0
G3.3.3,25,25,0,1.0,0.7040000000000001,0.0,1.0,1.0,1.0,1.0,0.0,1.0,0.0,1.0,0.0,0.0,0.0,0.0,0.0,0.4,0.6188333333333332,0.0,0.24800000000000005,0.0,0.0,0.0,0.0
G3.3.3,25,25,1,0.92,0.7078260869565218,0.0,1.0,1.0,1.0,1.0,0.0,1.0,0.0,1.0,0.0,0.0,0.0,0.0,0.0,0.56,0.5989285714285713,0.0,0.3085714285714286,0.0,0.0,0.0,0.0
G3.3.3,25,25,2,0.96,0.6966666666666667,0.0,1.0,1.0,1.0,1.0,0.0,1.0,0.0,1.0,0.0,0.0,0.0,0.0,0.0,0.44,0.591969696969697,0.0,0.3018181818181818,0.0,0.0,0.0,0.0
G3.3.3,25,25,3,0.92,0.6939130434782609,0.0,1.0,1.0,1.0,1.0,0.0,1.0,0.0,1.0,0.0,0.0,0.0,0.0,0.0,0.32,0.5970833333333332,0.0,0.275,0.0,0.0,0.0,0.0
G3.3.3,25,25,4,0.84,0.7276190476190477,0.0,1.0,1.0,1.0,1.0,0.0,1.0,0.0,1.0,0.0,0.0,0.0,0.0,0.0,0.36,0.6025925925925927,0.0,0.24444444444444446,0.0,0.0,0.0,0.0
G3.3.3,25,50,0,0.96,0.6966666666666669,0.0,1.0,1.0,1.0,1.0,0.0,1.0,0.0,1.0,0.0,0.0,0.0,0.0,0.0,0.24,0.5801388888888891,0.0,0.3133333333333333,0.0,0.0,0.0,0.0
G3.3.3,25,50,1,1.0,0.7048000000000003,0.0,1.0,1.0,1.0,1.0,0.0,1.0,0.0,1.0,0.0,0.0,0.0,0.0,0.0,0.36,0.6140740740740744,0.0,0.30000000000000004,0.0,0.0,0.0,0.0
G3.3.3,25,50,2,1.0,0.7024000000000002,0.0,1.0,1.0,1.0,1.0,0.0,1.0,0.0,1.0,0.0,0.0,0.0,0.0,0.0,0.24,0.626527777777778,0.0,0.26666666666666666,0.0,0.0,0.0,0.0
G3.3.3,25,50,3,0.96,0.7041666666666669,0.0,1.0,1.0,1.0,1.0,0.0,1.0,0.0,1.0,0.0,0.0,0.0,0.0,0.0,0.2,0.5968333333333335,0.0,0.248,0.0,0.0,0.0,0.0
G3.3.3,25,50,4,0.88,0.6954545454545458,0.0,1.0,1.0,1.0,1.0,0.0,1.0,0.0,1.0,0.0,0.0,0.0,0.0,0.0,0.36,0.6056481481481484,0.0,0.33555555555555555,0.0,0.0,0.0,0.0
G3.3.3,25,100,0,0.96,0.6908333333333337,0.0,1.0,1.0,1.0,1.0,0.0,1.0,0.0,1.0,0.0,0.0,0.0,0.0,0.0,0.32,0.6100520833333336,0.0,0.30375,0.0,0.0,0.0,0.0
G3.3.3,25,100,1,1.0,0.6932000000000004,0.0,1.0,1.0,1.0,1.0,0.0,1.0,0.0,1.0,0.0,0.0,0.0,0.0,0.0,0.32,0.6096875000000004,0.0,0.275,0.0,0.0,0.0,0.0
G3.3.3,25,100,2,1.0,0.7016000000000006,0.0,1.0,1.0,1.0,1.0,0.0,1.0,0.0,1.0,0.0,0.0,0.0,0.0,0.0,0.24,0.5937500000000003,0.0,0.2733333333333334,0.0,0.0,0.0,0.0
G3.3.3,25,100,3,0.96,0.7012500000000004,0.0,1.0,1.0,1.0,1.0,0.0,1.0,0.0,1.0,0.0,0.0,0.0,0.0,0.0,0.44,0.6030681818181821,0.0,0.2972727272727273,0.0,0.0,0.0,0.0
G3.3.3,25,100,4,1.0,0.7076000000000003,0.0,1.0,1.0,1.0,1.0,0.0,1.0,0.0,1.0,0.0,0.0,0.0,0.0,0.0,0.32,0.5973437500000003,0.0,0.26749999999999996,0.0,0.0,0.0,0.0
G3.3.3,50,10,0,0.9,0.7444444444444442,0.0,1.0,1.0,1.0,1.0,0.0,1.0,0.0,1.0,0.0,0.0,0.0,0.0,0.0,0.26,0.6216640502354788,0.23076923076923078,0.2846153846153846,0.0,0.0,0.0,0.0
G3.3.3,50,10,1,0.88,0.7454545454545454,0.0,1.0,1.0,1.0,1.0,0.0,1.0,0.0,1.0,0.0,0.0,0.0,0.0,0.0,0.26,0.6078492935635793,0.07692307692307693,0.23846153846153847,0.0,0.0,0.0,0.0
G3.3.3,50,10,2,0.88,0.7386363636363636,0.0,1.0,1.0,1.0,1.0,0.0,1.0,0.0,1.0,0.0,0.0,0.0,0.0,0.0,0.26,0.5869701726844584,0.07692307692307693,0.29230769230769227,0.0,0.0,0.0,0.0
G3.3.3,50,10,3,0.94,0.7382978723404254,0.0,1.0,1.0,1.0,1.0,0.0,1.0,0.0,1.0,0.0,0.0,0.0,0.0,0.0,0.4,0.588265306122449,0.0,0.24500000000000002,0.0,0.0,0.0,0.0
G3.3.3,50,10,4,0.96,0.6958333333333333,0.0,1.0,1.0,1.0,1.0,0.0,1.0,0.0,1.0,0.0,0.0,0.0,0.0,0.0,0.38,0.6161117078410312,0.0,0.28947368421052627,0.0,0.0,0.0,0.0
G3.3.3,50,25,0,0.98,0.7151020408163267,0.0,1.0,1.0,1.0,1.0,0.0,1.0,0.0,1.0,0.0,0.0,0.0,0.0,0.0,0.32,0.614234693877551,0.0625,0.30500000000000005,0.0,0.0,0.0,0.0
G3.3.3,50,25,1,0.98,0.6873469387755103,0.0,1.0,1.0,1.0,1.0,0.0,1.0,0.0,1.0,0.0,0.0,0.0,0.0,0.0,0.28,0.5923032069970846,0.0,0.33999999999999997,0.0,0.0,0.0,0.0
G3.3.3,50,25,2,0.96,0.6991666666666667,0.0,1.0,1.0,1.0,1.0,0.0,1.0,0.0,1.0,0.0,0.0,0.0,0.0,0.0,0.38,0.6086358754027928,0.0,0.3242105263157895,0.0,0.0,0.0,0.0
G3.3.3,50,25,3,0.84,0.7171428571428573,0.0,1.0,1.0,1.0,1.0,0.0,1.0,0.0,1.0,0.0,0.0,0.0,0.0,0.0,0.28,0.5933527696793003,0.0,0.2628571428571429,0.0,0.0,0.0,0.0
G3.3.3,50,25,4,0.94,0.6765957446808513,0.0,1.0,1.0,1.0,1.0,0.0,1.0,0.0,1.0,0.0,0.0,0.0,0.0,0.0,0.38,0.6024489795918369,0.0,0.3305263157894737,0.0,0.0,0.0,0.0
G3.3.3,50,50,0,0.96,0.6916666666666669,0.0,1.0,1.0,1.0,1.0,0.0,1.0,0.0,1.0,0.0,0.0,0.0,0.0,0.0,0.42,0.5796890184645289,0.0,0.31142857142857144,0.0,0.0,0.0,0.0
G3.3.3,50,50,1,0.94,0.714893617021277,0.0,1.0,1.0,1.0,1.0,0.0,1.0,0.0,1.0,0.0,0.0,0.0,0.0,0.0,0.3,0.5914557823129253,0.0,0.2946666666666667,0.0,0.0,0.0,0.0
G3.3.3,50,50,2,1.0,0.7036000000000004,0.0,1.0,1.0,1.0,1.0,0.0,1.0,0.0,1.0,0.0,0.0,0.0,0.0,0.0,0.28,0.6055976676384842,0.0,0.3128571428571428,0.0,0.0,0.0,0.0
G3.3.3,50,50,3,0.94,0.6940425531914897,0.0,1.0,1.0,1.0,1.0,0.0,1.0,0.0,1.0,0.0,0.0,0.0,0.0,0.0,0.32,0.5853061224489797,0.0,0.31,0.0,0.0,0.0,0.0
G3.3.3,50,50,4,0.94,0.6821276595744683,0.0,1.0,1.0,1.0,1.0,0.0,1.0,0.0,1.0,0.0,0.0,0.0,0.0,0.0,0.34,0.5998079231692679,0.0,0.3129411764705882,0.0,0.0,0.0,0.0
G3.3.3,50,100,0,0.98,0.6940816326530617,0.0,1.0,1.0,1.0,1.0,0.0,1.0,0.0,1.0,0.0,0.0,0.0,0.0,0.0,0.38,0.6040708915145009,0.0,0.3236842105263158,0.0,0.0,0.0,0.0
G3.3.3,50,100,1,1.0,0.6996000000000006,0.0,1.0,1.0,1.0,1.0,0.0,1.0,0.0,1.0,0.0,0.0,0.0,0.0,0.0,0.34,0.5902881152460987,0.0,0.30000000000000004,0.0,0.0,0.0,0.0
G3.3.3,50,100,2,1.0,0.7048000000000003,0.0,1.0,1.0,1.0,1.0,0.0,1.0,0.0,1.0,0.0,0.0,0.0,0.0,0.0,0.2,0.6158775510204084,0.0,0.28500000000000003,0.0,0.0,0.0,0.0
G3.3.3,50,100,3,0.98,0.7057142857142861,0.0,1.0,1.0,1.0,1.0,0.0,1.0,0.0,1.0,0.0,0.0,0.0,0.0,0.0,0.34,0.5882352941176474,0.0,0.3011764705882353,0.0,0.0,0.0,0.0
G3.3.3,50,100,4,0.98,0.6979591836734698,0.0,1.0,1.0,1.0,1.0,0.0,1.0,0.0,1.0,0.0,0.0,0.0,0.0,0.0,0.48,0.5941071428571432,0.0,0.30624999999999997,0.0,0.0,0.0,0.0
G3.3.3,100,10,0,0.91,0.7197802197802198,0.0,1.0,1.0,1.0,1.0,0.0,1.0,0.0,1.0,0.0,0.0,0.0,0.0,0.0,0.26,0.6213675213675214,0.038461538461538464,0.35,0.0,0.0,0.0,0.0
G3.3.3,100,10,1,0.87,0.7356321839080459,0.0,1.0,1.0,1.0,1.0,0.0,1.0,0.0,1.0,0.0,0.0,0.0,0.0,0.0,0.29,0.640473702542668,0.06896551724137931,0.3068965517241379,0.0,0.0,0.0,0.0
G3.3.3,100,10,2,0.87,0.7229885057471264,0.0,1.0,1.0,1.0,1.0,0.0,1.0,0.0,1.0,0.0,0.0,0.0,0.0,0.0,0.31,0.5907461713913328,0.0,0.3129032258064516,0.0,0.0,0.0,0.0
G3.3.3,100,10,3,0.88,0.7159090909090909,0.0,1.0,1.0,1.0,1.0,0.0,1.0,0.0,1.0,0.0,0.0,0.0,0.0,0.0,0.34,0.642038027332145,0.0,0.30588235294117644,0.0,0.0,0.0,0.0
G3.3.3,100,10,4,0.84,0.7345238095238096,0.0,1.0,1.0,1.0,1.0,0.0,1.0,0.0,1.0,0.0,0.0,0.0,0.0,0.0,0.3,0.6049831649831651,0.0,0.3,0.0,0.0,0.0,0.0
G3.3.3,100,25,0,0.95,0.7031578947368419,0.0,1.0,1.0,1.0,1.0,0.0,1.0,0.0,1.0,0.0,0.0,0.0,0.0,0.0,0.3,0.5889562289562289,0.0,0.30000000000000004,0.0,0.0,0.0,0.0
G3.3.3,100,25,1,0.9,0.7022222222222222,0.0,1.0,1.0,1.0,1.0,0.0,1.0,0.0,1.0,0.0,0.0,0.0,0.0,0.0,0.34,0.6057040998217468,0.0,0.2988235294117647,0.0,0.0,0.0,0.0
G3.3.3,100,25,2,0.92,0.686086956521739,0.0,1.0,1.0,1.0,1.0,0.0,1.0,0.0,1.0,0.0,0.0,0.0,0.0,0.0,0.27,0.6042349420127197,0.0,0.3481481481481481,0.0,0.0,0.0,0.0
G3.3.3,100,25,3,0.87,0.7154022988505746,0.0,1.0,1.0,1.0,1.0,0.0,1.0,0.0,1.0,0.0,0.0,0.0,0.0,0.0,0.32,0.5933585858585857,0.0,0.29750000000000004,0.0,0.0,0.0,0.0
G3.3.3,100,25,4,0.9,0.6995555555555555,0.0,1.0,1.0,1.0,1.0,0.0,1.0,0.0,1.0,0.0,0.0,0.0,0.0,0.0,0.36,0.5789225589225588,0.0,0.3055555555555556,0.0,0.0,0.0,0.0
G3.3.3,100,50,0,0.94,0.6917021276595751,0.0,1.0,1.0,1.0,1.0,0.0,1.0,0.0,1.0,0.0,0.0,0.0,0.0,0.0,0.27,0.5978376356154136,0.037037037037037035,0.3237037037037037,0.0,0.0,0.0,0.0
G3.3.3,100,50,1,0.98,0.6985714285714288,0.0,1.0,1.0,1.0,1.0,0.0,1.0,0.0,1.0,0.0,0.0,0.0,0.0,0.0,0.36,0.5914478114478118,0.0,0.3083333333333333,0.0,0.0,0.0,0.0
G3.3.3,100,50,2,0.98,0.699183673469388,0.0,1.0,1.0,1.0,1.0,0.0,1.0,0.0,1.0,0.0,0.0,0.0,0.0,0.0,0.35,0.6028975468975473,0.0,0.30457142857142855,0.0,0.0,0.0,0.0
G3.3.3,100,50,3,0.95,0.6903157894736843,0.0,1.0,1.0,1.0,1.0,0.0,1.0,0.0,1.0,0.0,0.0,0.0,0.0,0.0,0.34,0.6053000594177067,0.0,0.31235294117647056,0.0,0.0,0.0,0.0
G3.3.3,100,50,4,0.97,0.7098969072164952,0.0,1.0,1.0,1.0,1.0,0.0,1.0,0.0,1.0,0.0,0.0,0.0,0.0,0.0,0.38,0.5991334396597556,0.0,0.2926315789473685,0.0,0.0,0.0,0.0
G3.3.3,100,100,0,0.99,0.6984848484848488,0.0,1.0,1.0,1.0,1.0,0.0,1.0,0.0,1.0,0.0,0.0,0.0,0.0,0.0,0.29,0.5887112504353887,0.0,0.30034482758620695,0.0,0.0,0.0,0.0
G3.3.3,100,100,1,1.0,0.6933000000000004,0.0,1.0,1.0,1.0,1.0,0.0,1.0,0.0,1.0,0.0,0.0,0.0,0.0,0.0,0.35,0.6069321789321792,0.0,0.30628571428571433,0.0,0.0,0.0,0.0
G3.3.3,100,100,2,0.97,0.6868041237113406,0.0,1.0,1.0,1.0,1.0,0.0,1.0,0.0,1.0,0.0,0.0,0.0,0.0,0.0,0.36,0.5967957351290687,0.0,0.3080555555555555,0.0,0.0,0.0,0.0
G3.3.3,100,100,3,1.0,0.6963000000000007,0.0,1.0,1.0,1.0,1.0,0.0,1.0,0.0,1.0,0.0,0.0,0.0,0.0,0.0,0.32,0.5949747474747478,0.0,0.3090625,0.0,0.0,0.0,0.0
G3.3.3,100,100,4,0.98,0.702244897959184,0.0,1.0,1.0,1.0,1.0,0.0,1.0,0.0,1.0,0.0,0.0,0.0,0.0,0.0,0.38,0.6002472089314198,0.0,0.2923684210526316,0.0,0.0,0.0,0.0
G4.1.1,10,10,0,0.9,0.6222222222222222,0.0,1.0,1.0,1.0,1.0,0.0,1.0,0.0,1.0,0.0,0.0,0.0,0.0,0.0,0.7,0.6222222222222221,0.0,0.42857142857142855,0.0,0.0,0.0,0.0
G4.1.1,10,10,1,0.9,0.6222222222222222,0.08,0.8888888888888888,0.8888888888888888,0.7777777777777778,0.9955555555555555,0.021773242158072706,0.9955555555555555,0.021773242158072706,0.9911111111111112,0.030143688813890093,0.0,0.0,0.0,0.0,0.5,0.5599999999999999,0.0,0.36000000000000004,0.0,0.0,0.0,0.0
G4.1.1,10,10,2,0.8,0.6874999999999999,0.0,1.0,1.0,1.0,1.0,0.0,1.0,0.0,1.0,0.0,0.0,0.0,0.0,0.0,0.6,0.5666666666666665,0.0,0.4000000000000001,0.0,0.0,0.0,0.0
G4.1.1,10,10,3,0.8,0.6499999999999999,0.08,0.75,1.0,0.75,0.9892857142857143,0.03642156795423418,1.0,0.0,0.9892857142857143,0.036421567954234166,0.0,0.0,0.0,0.0,0.3,0.5481481481481482,0.0,0.4000000000000001,0.0,0.0,0.0,0.0
G4.1.1,10,10,4,0.7,0.6571428571428571,0.0,1.0,1.0,1.0,1.0,0.0,1.0,0.0,1.0,0.0,0.0,0.0,0.0,0.0,0.6,0.6018518518518519,0.0,0.35000000000000003,0.0,0.0,0.0,0.0
G4.1.1,10,25,0,0.8,0.565,0.037037037037037035,1.0,0.875,0.875,1.0,0.0,0.9953703703703703,0.023606571822188817,0.9953703703703703,0.023606571822188817,0.0,0.0,0.0,0.0,0.7,0.553015873015873,0.0,0.45142857142857146,0.0,0.0,0.0,0.0
G4.1.1,10,25,1,1.0,0.5759999999999998,0.0,1.0,1.0,1.0,1.0,0.0,1.0,0.0,1.0,0.0,0.0,0.0,0.0,0.0,0.7,0.6044444444444445,0.0,0.41714285714285715,0.0,0.0,0.0,0.0
G4.1.1,10,25,2,0.3,0.5333333333333333,0.03125,0.6666666666666666,1.0,0.6666666666666667,0.9895833333333333,0.05799754544614607,1.0,0.0,0.9895833333333334,0.057997545446146055,0.0,0.0,0.0,0.0,0.3,0.5585185185185185,0.0,0.4666666666666666,0.0,0.0,0.0,0.0
G4.1.1,10,25,3,0.9,0.6266666666666666,0.0,1.0,1.0,1.0,1.0,0.0,1.0,0.0,1.0,0.0,0.0,0.0,0.0,0.0,0.5,0.5511111111111109,0.0,0.36,0.0,0.0,0.0,0.0
G4.1.1,10,25,4,0.9,0.5777777777777777,0.0,1.0,1.0,1.0,1.0,0.0,1.0,0.0,1.0,0.0,0.0,0.0,0.0,0.0,0.8,0.5561111111111111,0.0,0.41500000000000004,0.0,0.0,0.0,0.0
G4.1.1,10,50,0,0.6,0.6266666666666668,0.038461538461538464,1.0,0.8333333333333334,0.8333333333333334,1.0,0.0,0.9935897435897437,0.03205128205128204,0.9935897435897437,0.03205128205128204,0.0,0.0,0.0,0.0,0.5,0.5782222222222224,0.0,0.384,0.0,0.0,0.0,0.0
G4.1.1,10,50,1,0.8,0.6175000000000002,0.15625,1.0,0.625,0.625,1.0,0.0,0.98828125,0.036435074426128186,0.98828125,0.036435074426128186,0.0,0.0,0.0,0.0,0.7,0.5784126984126986,0.0,0.3885714285714286,0.0,0.0,0.0,0.0
G4.1.1,10,50,2,0.6,0.6066666666666668,0.16,0.5,0.8333333333333334,0.33333333333333337,0.9753333333333333,0.0678429559104456,0.9866666666666667,0.06531972647421806,0.9620000000000001,0.09061763380024637,0.0,0.0,0.0,0.0,0.3,0.5511111111111112,0.0,0.39999999999999997,0.0,0.0,0.0,0.0
G4.1.1,10,50,3,0.8,0.5800000000000002,0.09090909090909091,1.0,0.75,0.75,1.0,0.0,0.9886363636363636,0.03593497341100431,0.9886363636363636,0.03593497341100431,0.0,0.0,0.0,0.0,0.7,0.5403174603174604,0.0,0.43142857142857144,0.0,0.0,0.0,0.0
G4.1.1,10,50,4,0.5,0.6160000000000002,0.10344827586206896,0.8,0.8,0.6,0.993103448275862,0.036493121531925375,0.993103448275862,0.03649312153192538,0.9862068965517242,0.0506790981265485,0.0,0.0,0.0,0.0,0.4,0.6166666666666669,0.0,0.325,0.0,0.0,0.0,0.0
G4.1.1,10,100,0,0.5,0.5760000000000003,0.058823529411764705,1.0,0.8,0.8,1.0,0.0,0.9882352941176471,0.04705882352941175,0.9882352941176471,0.04705882352941175,0.0,0.0,0.0,0.0,0.4,0.5713888888888893,0.0,0.39749999999999996,0.0,0.0,0.0,0.0
G4.1.1,10,100,1,1.0,0.6080000000000003,0.07692307692307693,0.8,1.0,0.8,0.991880341880342,0.028169493158422217,1.0,0.0,0.991880341880342,0.028169493158422217,0.0,0.0,0.0,0.0,0.7,0.585714285714286,0.0,0.39428571428571424,0.0,0.0,0.0,0.0
G4.1.1,10,100,2,0.5,0.6060000000000004,0.0,1.0,1.0,1.0,1.0,0.0,1.0,0.0,1.0,0.0,0.0,0.0,0.0,0.0,0.3,0.5929629629629632,0.0,0.36000000000000004,0.0,0.0,0.0,0.0
G4.1.1,10,100,3,1.0,0.5720000000000003,0.0,1.0,1.0,1.0,1.0,0.0,1.0,0.0,1.0,0.0,0.0,0.0,0.0,0.0,0.9,0.5586419753086422,0.0,0.4366666666666667,0.0,0.0,0.0,0.0
G4.1.1,10,100,4,0.5,0.5960000000000003,0.05555555555555555,0.8,1.0,0.8,0.9888888888888889,0.045812284729085107,1.0,0.0,0.9888888888888889,0.045812284729085107,0.0,0.0,0.0,0.0,0.3,0.5759259259259262,0.3333333333333333,0.4166666666666667,0.0,0.0,0.0,0.0
G4.1.1,25,10,0,0.88,0.6590909090909092,0.0,1.0,1.0,1.0,1.0,0.0,1.0,0.0,1.0,0.0,0.0,0.0,0.0,0.0,0.48,0.5274305555555555,0.08333333333333333,0.3666666666666667,0.0,0.0,0.0,0.0
G4.1.1,25,10,1,0.8,0.59,0.0,1.0,1.0,1.0,1.0,0.0,1.0,0.0,1.0,0.0,0.0,0.0,0.0,0.0,0.52,0.5743589743589743,0.0,0.4538461538461538,0.0,0.0,0.0,0.0
G4.1.1,25,10,2,0.84,0.6428571428571428,0.0,1.0,1.0,1.0,1.0,0.0,1.0,0.0,1.0,0.0,0.0,0.0,0.0,0.0,0.44,0.5905303030303031,0.0,0.3181818181818182,0.0,0.0,0.0,0.0
G4.1.1,25,10,3,0.88,0.6272727272727271,0.0,1.0,1.0,1.0,1.0,0.0,1.0,0.0,1.0,0.0,0.0,0.0,0.0,0.0,0.6,0.5852777777777778,0.0,0.41333333333333333,0.0,0.0,0.0,0.0
G4.1.1,25,10,4,0.84,0.6,0.0,1.0,1.0,1.0,1.0,0.0,1.0,0.0,1.0,0.0,0.0,0.0,0.0,0.0,0.64,0.6130208333333333,0.0,0.40625,0.0,0.0,0.0,0.0
G4.1.1,25,25,0,0.84,0.5980952380952381,0.0,1.0,1.0,1.0,1.0,0.0,1.0,0.0,1.0,0.0,0.0,0.0,0.0,0.0,0.52,0.5682051282051281,0.0,0.396923076923077,0.0,0.0,0.0,0.0
G4.1.1,25,25,1,0.8,0.5900000000000001,0.0,1.0,1.0,1.0,1.0,0.0,1.0,0.0,1.0,0.0,0.0,0.0,0.0,0.0,0.52,0.5608974358974359,0.07692307692307693,0.4338461538461539,0.0,0.0,0.0,0.0
G4.1.1,25,25,2,0.68,0.6258823529411764,0.0,1.0,1.0,1.0,1.0,0.0,1.0,0.0,1.0,0.0,0.0,0.0,0.0,0.0,0.48,0.5693055555555554,0.0,0.3866666666666667,0.0,0.0,0.0,0.0
G4.1.1,25,25,3,0.84,0.6152380952380954,0.0,1.0,1.0,1.0,1.0,0.0,1.0,0.0,1.0,0.0,0.0,0.0,0.0,0.0,0.52,0.5646153846153846,0.0,0.41538461538461535,0.0,0.0,0.0,0.0
G4.1.1,25,25,4,0.88,0.6036363636363636,0.0,1.0,1.0,1.0,1.0,0.0,1.0,0.0,1.0,0.0,0.0,0.0,0.0,0.0,0.6,0.5812222222222222,0.0,0.4133333333333334,0.0,0.0,0.0,0.0
G4.1.1,25,50,0,0.6,0.5960000000000002,0.0,1.0,1.0,1.0,1.0,0.0,1.0,0.0,1.0,0.0,0.0,0.0,0.0,0.0,0.32,0.5477083333333335,0.0,0.4375,0.0,0.0,0.0,0.0
G4.1.1,25,50,1,0.68,0.6047058823529414,0.0,1.0,1.0,1.0,1.0,0.0,1.0,0.0,1.0,0.0,0.0,0.0,0.0,0.0,0.52,0.5715384615384618,0.0,0.40153846153846157,0.0,0.0,0.0,0.0
G4.1.1,25,50,2,0.72,0.6144444444444447,0.0,1.0,1.0,1.0,1.0,0.0,1.0,0.0,1.0,0.0,0.0,0.0,0.0,0.0,0.6,0.5523333333333335,0.0,0.392,0.0,0.0,0.0,0.0
G4.1.1,25,50,3,0.68,0.5752941176470591,0.0,1.0,1.0,1.0,1.0,0.0,1.0,0.0,1.0,0.0,0.0,0.0,0.0,0.0,0.56,0.5305357142857146,0.0,0.43714285714285717,0.0,0.0,0.0,0.0
G4.1.1,25,50,4,0.8,0.6030000000000003,0.03571428571428571,1.0,0.95,0.95,1.0,0.0,0.9982142857142857,0.009278843611976137,0.9982142857142857,0.009278843611976137,0.0,0.0,0.0,0.0,0.48,0.5690972222222224,0.0,0.42333333333333334,0.0,0.0,0.0,0.0
G4.1.1,25,100,0,0.6,0.610666666666667,0.0,1.0,1.0,1.0,1.0,0.0,1.0,0.0,1.0,0.0,0.0,0.0,0.0,0.0,0.52,0.5632692307692311,0.0,0.38846153846153836,0.0,0.0,0.0,0.0
G4.1.1,25,100,1,0.68,0.5905882352941179,0.0,1.0,1.0,1.0,1.0,0.0,1.0,0.0,1.0,0.0,0.0,0.0,0.0,0.0,0.48,0.5875347222222226,0.0,0.41666666666666674,0.0,0.0,0.0,0.0
G4.1.1,25,100,2,0.76,0.5926315789473687,0.0,1.0,1.0,1.0,1.0,0.0,1.0,0.0,1.0,0.0,0.0,0.0,0.0,0.0,0.64,0.5607812500000002,0.0,0.413125,0.0,0.0,0.0,0.0
G4.1.1,25,100,3,0.76,0.5921052631578949,0.0,1.0,1.0,1.0,1.0,0.0,1.0,0.0,1.0,0.0,0.0,0.0,0.0,0.0,0.6,0.5399722222222224,0.0,0.4173333333333334,0.0,0.0,0.0,0.0
G4.1.1,25,100,4,0.68,0.5994117647058828,0.0,1.0,1.0,1.0,1.0,0.0,1.0,0.0,1.0,0.0,0.0,0.0,0.0,0.0,0.48,0.5796527777777781,0.0,0.4124999999999999,0.0,0.0,0.0,0.0
G4.1.1,50,10,0,0.72,0.6361111111111111,0.0,1.0,1.0,1.0,1.0,0.0,1.0,0.0,1.0,0.0,0.0,0.0,0.0,0.0,0.52,0.6160910518053376,0.038461538461538464,0.3692307692307692,0.0,0.0,0.0,0.0
G4.1.1,50,10,1,0.62,0.6032258064516128,0.0,1.0,1.0,1.0,1.0,0.0,1.0,0.0,1.0,0.0,0.0,0.0,0.0,0.0,0.28,0.5720116618075802,0.07142857142857142,0.42142857142857143,0.0,0.0,0.0,0.0
G4.1.1,50,10,2,0.76,0.6289473684210527,0.0,1.0,1.0,1.0,1.0,0.0,1.0,0.0,1.0,0.0,0.0,0.0,0.0,0.0,0.44,0.5691094619666048,0.0,0.4090909090909091,0.0,0.0,0.0,0.0
G4.1.1,50,10,3,0.7,0.6171428571428573,0.0,1.0,1.0,1.0,1.0,0.0,1.0,0.0,1.0,0.0,0.0,0.0,0.0,0.0,0.34,0.5747899159663866,0.11764705882352941,0.44705882352941173,0.0,0.0,0.0,0.0
G4.1.1,50,10,4,0.76,0.6078947368421053,0.0,1.0,1.0,1.0,1.0,0.0,1.0,0.0,1.0,0.0,0.0,0.0,0.0,0.0,0.4,0.6005102040816326,0.05,0.425,0.0,0.0,0.0,0.0
G4.1.1,50,25,0,0.72,0.6111111111111112,0.0,1.0,1.0,1.0,1.0,0.0,1.0,0.0,1.0,0.0,0.0,0.0,0.0,0.0,0.46,0.5615971606033717,0.0,0.41391304347826086,0.0,0.0,0.0,0.0
G4.1.1,50,25,1,0.86,0.627906976744186,0.0,1.0,1.0,1.0,1.0,0.0,1.0,0.0,1.0,0.0,0.0,0.0,0.0,0.0,0.42,0.566103012633625,0.0,0.3866666666666667,0.0,0.0,0.0,0.0
G4.1.1,50,25,2,0.76,0.6052631578947368,0.0,1.0,1.0,1.0,1.0,0.0,1.0,0.0,1.0,0.0,0.0,0.0,0.0,0.0,0.54,0.5737263794406652,0.0,0.4148148148148148,0.0,0.0,0.0,0.0
G4.1.1,50,25,3,0.78,0.6143589743589745,0.0,1.0,1.0,1.0,1.0,0.0,1.0,0.0,1.0,0.0,0.0,0.0,0.0,0.0,0.5,0.5772734693877551,0.0,0.4096,0.0,0.0,0.0,0.0
G4.1.1,50,25,4,0.74,0.6475675675675676,0.0,1.0,1.0,1.0,1.0,0.0,1.0,0.0,1.0,0.0,0.0,0.0,0.0,0.0,0.36,0.5639002267573696,0.0,0.3777777777777778,0.0,0.0,0.0,0.0
G4.1.1,50,50,0,0.7,0.6068571428571431,0.0,1.0,1.0,1.0,1.0,0.0,1.0,0.0,1.0,0.0,0.0,0.0,0.0,0.0,0.52,0.5671742543171117,0.0,0.40230769230769237,0.0,0.0,0.0,0.0
G4.1.1,50,50,1,0.74,0.5978378378378381,0.0,1.0,1.0,1.0,1.0,0.0,1.0,0.0,1.0,0.0,0.0,0.0,0.0,0.0,0.5,0.5644734693877552,0.0,0.41200000000000003,0.0,0.0,0.0,0.0
G4.1.1,50,50,2,0.72,0.5994444444444447,0.0,1.0,1.0,1.0,1.0,0.0,1.0,0.0,1.0,0.0,0.0,0.0,0.0,0.0,0.48,0.5483843537414967,0.0,0.41916666666666663,0.0,0.0,0.0,0.0
G4.1.1,50,50,3,0.82,0.6151219512195124,0.0,1.0,1.0,1.0,1.0,0.0,1.0,0.0,1.0,0.0,0.0,0.0,0.0,0.0,0.6,0.5723401360544219,0.0,0.38799999999999996,0.0,0.0,0.0,0.0
G4.1.1,50,50,4,0.78,0.5974358974358978,0.0,1.0,1.0,1.0,1.0,0.0,1.0,0.0,1.0,0.0,0.0,0.0,0.0,0.0,0.54,0.5530007558578989,0.0,0.4244444444444444,0.0,0.0,0.0,0.0
G4.1.1,50,100,0,0.72,0.6044444444444448,0.0,1.0,1.0,1.0,1.0,0.0,1.0,0.0,1.0,0.0,0.0,0.0,0.0,0.0,0.5,0.5664653061224493,0.0,0.4064,0.0,0.0,0.0,0.0
G4.1.1,50,100,1,0.76,0.6065789473684213,0.0,1.0,1.0,1.0,1.0,0.0,1.0,0.0,1.0,0.0,0.0,0.0,0.0,0.0,0.46,0.5605057675244012,0.0,0.4173913043478262,0.0,0.0,0.0,0.0
G4.1.1,50,100,2,0.78,0.5915384615384619,0.0,1.0,1.0,1.0,1.0,0.0,1.0,0.0,1.0,0.0,0.0,0.0,0.0,0.0,0.52,0.5601726844583991,0.0,0.43000000000000005,0.0,0.0,0.0,0.0
G4.1.1,50,100,3,0.72,0.5877777777777781,0.0,1.0,1.0,1.0,1.0,0.0,1.0,0.0,1.0,0.0,0.0,0.0,0.0,0.0,0.54,0.5608087679516254,0.0,0.42888888888888893,0.0,0.0,0.0,0.0
G4.1.1,50,100,4,0.64,0.6037500000000002,0.0,1.0,1.0,1.0,1.0,0.0,1.0,0.0,1.0,0.0,0.0,0.0,0.0,0.0,0.44,0.5548886827458259,0.0,0.40681818181818186,0.0,0.0,0.0,0.0
G4.1.1,100,10,0,0.75,0.6253333333333333,0.0,1.0,1.0,1.0,1.0,0.0,1.0,0.0,1.0,0.0,0.0,0.0,0.0,0.0,0.39,0.5885780885780887,0.07692307692307693,0.38974358974358986,0.0,0.0,0.0,0.0
G4.1.1,100,10,1,0.76,0.6184210526315789,0.0,1.0,1.0,1.0,1.0,0.0,1.0,0.0,1.0,0.0,0.0,0.0,0.0,0.0,0.33,0.5976124885215796,0.0,0.39999999999999997,0.0,0.0,0.0,0.0
G4.1.1,100,10,2,0.8,0.61875,0.0,1.0,1.0,1.0,1.0,0.0,1.0,0.0,1.0,0.0,0.0,0.0,0.0,0.0,0.37,0.5842205842205842,0.02702702702702703,0.4351351351351351,0.0,0.0,0.0,0.0
G4.1.1,100,10,3,0.87,0.6264367816091954,0.0,1.0,1.0,1.0,1.0,0.0,1.0,0.0,1.0,0.0,0.0,0.0,0.0,0.0,0.41,0.583641290958364,0.024390243902439025,0.4268292682926829,0.0,0.0,0.0,0.0
G4.1.1,100,10,4,0.82,0.6182926829268293,0.0,1.0,1.0,1.0,1.0,0.0,1.0,0.0,1.0,0.0,0.0,0.0,0.0,0.0,0.43,0.6005872680291285,0.023255813953488372,0.3976744186046512,0.0,0.0,0.0,0.0
G4.1.1,100,25,0,0.77,0.6166233766233766,0.0,1.0,1.0,1.0,1.0,0.0,1.0,0.0,1.0,0.0,0.0,0.0,0.0,0.0,0.42,0.5819240019240018,0.0,0.4,0.0,0.0,0.0,0.0
G4.1.1,100,25,1,0.79,0.5989873417721518,0.0,1.0,1.0,1.0,1.0,0.0,1.0,0.0,1.0,0.0,0.0,0.0,0.0,0.0,0.49,0.5662997320140176,0.0,0.4212244897959183,0.0,0.0,0.0,0.0
G4.1.1,100,25,2,0.77,0.6197402597402596,0.0,1.0,1.0,1.0,1.0,0.0,1.0,0.0,1.0,0.0,0.0,0.0,0.0,0.0,0.49,0.5807215007215006,0.0,0.40979591836734697,0.0,0.0,0.0,0.0
G4.1.1,100,25,3,0.8,0.6329999999999999,0.0,1.0,1.0,1.0,1.0,0.0,1.0,0.0,1.0,0.0,0.0,0.0,0.0,0.0,0.42,0.5638383838383836,0.0,0.3847619047619047,0.0,0.0,0.0,0.0
G4.1.1,100,25,4,0.84,0.6052380952380952,0.0,1.0,1.0,1.0,1.0,0.0,1.0,0.0,1.0,0.0,0.0,0.0,0.0,0.0,0.52,0.5679875679875679,0.0,0.4246153846153847,0.0,0.0,0.0,0.0
G4.1.1,100,50,0,0.7,0.5980000000000002,0.0,1.0,1.0,1.0,1.0,0.0,1.0,0.0,1.0,0.0,0.0,0.0,0.0,0.0,0.51,0.5513091701326998,0.0,0.41490196078431374,0.0,0.0,0.0,0.0
G4.1.1,100,50,1,0.75,0.6074666666666669,0.0,1.0,1.0,1.0,1.0,0.0,1.0,0.0,1.0,0.0,0.0,0.0,0.0,0.0,0.52,0.5605982905982908,0.0,0.41846153846153844,0.0,0.0,0.0,0.0
G4.1.1,100,50,2,0.72,0.6027777777777781,0.0,1.0,1.0,1.0,1.0,0.0,1.0,0.0,1.0,0.0,0.0,0.0,0.0,0.0,0.51,0.5661358684888098,0.0,0.40862745098039216,0.0,0.0,0.0,0.0
G4.1.1,100,50,3,0.72,0.6030555555555558,0.0,1.0,1.0,1.0,1.0,0.0,1.0,0.0,1.0,0.0,0.0,0.0,0.0,0.0,0.51,0.5744345414933653,0.0,0.41372549019607846,0.0,0.0,0.0,0.0
G4.1.1,100,50,4,0.73,0.599178082191781,0.0,1.0,1.0,1.0,1.0,0.0,1.0,0.0,1.0,0.0,0.0,0.0,0.0,0.0,0.49,0.5620861678004537,0.0,0.42326530612244895,0.0,0.0,0.0,0.0
G4.1.1,100,100,0,0.7,0.5912857142857145,0.0,1.0,1.0,1.0,1.0,0.0,1.0,0.0,1.0,0.0,0.0,0.0,0.0,0.0,0.48,0.5550925925925929,0.0,0.4272916666666666,0.0,0.0,0.0,0.0
G4.1.1,100,100,1,0.65,0.5884615384615388,0.0,1.0,1.0,1.0,1.0,0.0,1.0,0.0,1.0,0.0,0.0,0.0,0.0,0.0,0.52,0.5618220668220671,0.0,0.42076923076923084,0.0,0.0,0.0,0.0
G4.1.1,100,100,2,0.69,0.5892753623188408,0.0,1.0,1.0,1.0,1.0,0.0,1.0,0.0,1.0,0.0,0.0,0.0,0.0,0.0,0.57,0.5665567960304806,0.0,0.4171929824561404,0.0,0.0,0.0,0.0
G4.1.1,100,100,3,0.74,0.5960810810810814,0.0,1.0,1.0,1.0,1.0,0.0,1.0,0.0,1.0,0.0,0.0,0.0,0.0,0.0,0.5,0.5624242424242426,0.0,0.4198000000000001,0.0,0.0,0.0,0.0
G4.1.1,100,100,4,0.69,0.5947826086956522,0.0,1.0,1.0,1.0,1.0,0.0,1.0,0.0,1.0,0.0,0.0,0.0,0.0,0.0,0.45,0.5637598204264873,0.0,0.42266666666666663,0.0,0.0,0.0,0.0
G4.1.2,10,10,0,1.0,0.5499999999999999,0.08,1.0,0.8,0.8,1.0,0.0,0.992,0.039191835884530846,0.992,0.039191835884530846,0.0,0.0,0.0,0.0,0.7,0.519047619047619,0.0,0.42857142857142855,0.0,0.0,0.0,0.0
G4.1.2,10,10,1,0.9,0.6444444444444444,0.0,1.0,1.0,1.0,1.0,0.0,1.0,0.0,1.0,0.0,0.0,0.0,0.0,0.0,0.5,0.6066666666666667,0.0,0.36,0.0,0.0,0.0,0.0
G4.1.2,10,10,2,0.8,0.4875,0.0,1.0,1.0,1.0,1.0,0.0,1.0,0.0,1.0,0.0,0.0,0.0,0.0,0.0,0.7,0.5682539682539682,0.0,0.5285714285714286,0.0,0.0,0.0,0.0
G4.1.2,10,10,3,0.9,0.6888888888888889,0.0,1.0,1.0,1.0,1.0,0.0,1.0,0.0,1.0,0.0,0.0,0.0,0.0,0.0,0.8,0.6166666666666667,0.0,0.33749999999999997,0.0,0.0,0.0,0.0
G4.1.2,10,10,4,0.7,0.6857142857142858,0.04,1.0,0.8571428571428572,0.8571428571428572,1.0,0.0,0.9942857142857143,0.02799416848895059,0.9942857142857143,0.02799416848895059,0.0,0.0,0.0,0.0,0.6,0.6259259259259259,0.0,0.21666666666666667,0.0,0.0,0.0,0.0
G4.1.2,10,25,0,0.6,0.5333333333333333,0.23809523809523808,0.8333333333333334,0.8333333333333334,0.6666666666666667,0.9920634920634922,0.035493142499996654,0.9920634920634922,0.035493142499996654,0.9841269841269842,0.04892392065848393,0.0,0.0,0.0,0.0,0.5,0.527111111111111,0.0,0.488,0.0,0.0,0.0,0.0
G4.1.2,10,25,1,0.8,0.66,0.05,1.0,0.875,0.875,1.0,0.0,0.99375,0.027243118397129208,0.99375,0.027243118397129208,0.0,0.0,0.0,0.0,0.4,0.5688888888888888,0.0,0.42000000000000004,0.0,0.0,0.0,0.0
G4.1.2,10,25,2,0.7,0.5085714285714286,0.0,1.0,1.0,1.0,1.0,0.0,1.0,0.0,1.0,0.0,0.0,0.0,0.0,0.0,0.6,0.5622222222222222,0.0,0.48,0.0,0.0,0.0,0.0
G4.1.2,10,25,3,0.8,0.625,0.041666666666666664,0.875,1.0,0.875,0.9947916666666666,0.024978289183920414,1.0,0.0,0.9947916666666666,0.024978289183920414,0.0,0.0,0.0,0.0,0.7,0.5771428571428571,0.0,0.3657142857142857,0.0,0.0,0.0,0.0
G4.1.2,10,25,4,0.8,0.655,0.07142857142857142,1.0,0.75,0.75,1.0,0.0,0.9910714285714286,0.032192422102357045,0.9910714285714286,0.032192422102357045,0.0,0.0,0.0,0.0,0.6,0.594074074074074,0.0,0.35999999999999993,0.0,0.0,0.0,0.0
G4.1.2,10,50,0,0.3,0.49333333333333346,0.041666666666666664,1.0,0.6666666666666667,0.6666666666666667,1.0,0.0,0.9861111111111112,0.06660877115712109,0.9861111111111112,0.06660877115712109,0.0,0.0,0.0,0.0,0.4,0.578888888888889,0.0,0.46499999999999997,0.0,0.0,0.0,0.0
G4.1.2,10,50,1,0.5,0.48800000000000016,0.0,1.0,1.0,1.0,1.0,0.0,1.0,0.0,1.0,0.0,0.0,0.0,0.0,0.0,0.5,0.5533333333333335,0.0,0.512,0.0,0.0,0.0,0.0
G4.1.2,10,50,2,0.9,0.6155555555555557,0.10714285714285714,1.0,0.7777777777777778,0.7777777777777778,1.0,0.0,0.9920634920634921,0.028615486313206272,0.9920634920634921,0.028615486313206272,0.0,0.0,0.0,0.0,0.7,0.5517460317460319,0.0,0.3971428571428572,0.0,0.0,0.0,0.0
G4.1.2,10,50,3,0.9,0.6000000000000002,0.038461538461538464,0.8888888888888888,1.0,0.8888888888888888,0.9957264957264957,0.02136752136752138,1.0,0.0,0.9957264957264957,0.02136752136752138,0.0,0.0,0.0,0.0,0.7,0.5742857142857145,0.0,0.4114285714285714,0.0,0.0,0.0,0.0
G4.1.2,10,50,4,0.6,0.5366666666666667,0.0,1.0,1.0,1.0,1.0,0.0,1.0,0.0,1.0,0.0,0.0,0.0,0.0,0.0,0.5,0.5640000000000002,0.0,0.45599999999999996,0.0,0.0,0.0,0.0
G4.1.2,10,100,0,0.6,0.5600000000000004,0.0,1.0,1.0,1.0,1.0,0.0,1.0,0.0,1.0,0.0,0.0,0.0,0.0,0.0,0.6,0.5575925925925929,0.0,0.44,0.0,0.0,0.0,0.0
G4.1.2,10,100,1,0.7,0.5685714285714288,0.3888888888888889,1.0,0.7142857142857143,0.7142857142857143,1.0,0.0,0.9920634920634921,0.03272306052077507,0.9920634920634921,0.03272306052077507,0.0,0.0,0.0,0.0,0.7,0.5528571428571433,0.0,0.4314285714285715,0.0,0.0,0.0,0.0
G4.1.2,10,100,2,0.7,0.6214285714285717,0.1111111111111111,0.8571428571428571,0.5714285714285714,0.4285714285714286,0.9947089947089948,0.026978939225358656,0.9832451499118166,0.06141264672479769,0.9779541446208113,0.08570593872887344,0.0,0.0,0.0,0.0,0.4,0.5775000000000002,0.0,0.4,0.0,0.0,0.0,0.0
G4.1.2,10,100,3,0.9,0.596666666666667,0.047619047619047616,1.0,0.8888888888888888,0.8888888888888888,1.0,0.0,0.9947089947089948,0.02366209499999778,0.9947089947089948,0.02366209499999778,0.0,0.0,0.0,0.0,0.7,0.5534920634920637,0.0,0.42857142857142855,0.0,0.0,0.0,0.0
G4.1.2,10,100,4,0.8,0.5612500000000002,0.0,1.0,1.0,1.0,1.0,0.0,1.0,0.0,1.0,0.0,0.0,0.0,0.0,0.0,0.8,0.560416666666667,0.0,0.43875,0.0,0.0,0.0,0.0
G4.1.2,25,10,0,0.76,0.6578947368421052,0.0,1.0,1.0,1.0,1.0,0.0,1.0,0.0,1.0,0.0,0.0,0.0,0.0,0.0,0.48,0.6368055555555555,0.0,0.325,0.0,0.0,0.0,0.0
G4.1.2,25,10,1,0.64,0.675,0.0,1.0,1.0,1.0,1.0,0.0,1.0,0.0,1.0,0.0,0.0,0.0,0.0,0.0,0.4,0.5666666666666667,0.0,0.36,0.0,0.0,0.0,0.0
G4.1.2,25,10,2,0.88,0.6681818181818181,0.045454545454545456,0.9545454545454546,1.0,0.9545454545454546,0.9979338842975206,0.00946813160114842,1.0,0.0,0.9979338842975206,0.00946813160114842,0.0,0.0,0.0,0.0,0.48,0.56875,0.0,0.31666666666666665,0.0,0.0,0.0,0.0
G4.1.2,25,10,3,0.68,0.6352941176470588,0.0,1.0,1.0,1.0,1.0,0.0,1.0,0.0,1.0,0.0,0.0,0.0,0.0,0.0,0.36,0.588888888888889,0.0,0.4,0.0,0.0,0.0,0.0
G4.1.2,25,10,4,0.88,0.6727272727272727,0.0,1.0,1.0,1.0,1.0,0.0,1.0,0.0,1.0,0.0,0.0,0.0,0.0,0.0,0.32,0.5708333333333333,0.0,0.4125,0.0,0.0,0.0,0.0
G4.1.2,25,25,0,0.76,0.6210526315789475,0.0,1.0,1.0,1.0,1.0,0.0,1.0,0.0,1.0,0.0,0.0,0.0,0.0,0.0,0.4,0.5603333333333332,0.0,0.43599999999999994,0.0,0.0,0.0,0.0
G4.1.2,25,25,1,0.72,0.5933333333333334,0.0,1.0,1.0,1.0,1.0,0.0,1.0,0.0,1.0,0.0,0.0,0.0,0.0,0.0,0.44,0.576060606060606,0.0,0.42181818181818187,0.0,0.0,0.0,0.0
G4.1.2,25,25,2,0.84,0.601904761904762,0.0,1.0,1.0,1.0,1.0,0.0,1.0,0.0,1.0,0.0,0.0,0.0,0.0,0.0,0.64,0.5652083333333333,0.0,0.40750000000000003,0.0,0.0,0.0,0.0
G4.1.2,25,25,3,0.84,0.6609523809523811,0.0,1.0,1.0,1.0,1.0,0.0,1.0,0.0,1.0,0.0,0.0,0.0,0.0,0.0,0.44,0.5606060606060606,0.0,0.34909090909090906,0.0,0.0,0.0,0.0
G4.1.2,25,25,4,0.76,0.608421052631579,0.0,1.0,1.0,1.0,1.0,0.0,1.0,0.0,1.0,0.0,0.0,0.0,0.0,0.0,0.48,0.57625,0.0,0.3966666666666667,0.0,0.0,0.0,0.0
G4.1.2,25,50,0,0.68,0.5964705882352943,0.0,1.0,1.0,1.0,1.0,0.0,1.0,0.0,1.0,0.0,0.0,0.0,0.0,0.0,0.4,0.5715000000000001,0.0,0.44800000000000006,0.0,0.0,0.0,0.0
G4.1.2,25,50,1,0.68,0.6011764705882355,0.047619047619047616,0.8823529411764706,1.0,0.8823529411764706,0.9943977591036415,0.02505398294117412,1.0,0.0,0.9943977591036415,0.02505398294117412,0.0,0.0,0.0,0.0,0.44,0.5753030303030304,0.0,0.41090909090909095,0.0,0.0,0.0,0.0
G4.1.2,25,50,2,0.8,0.6070000000000002,0.0,1.0,1.0,1.0,1.0,0.0,1.0,0.0,1.0,0.0,0.0,0.0,0.0,0.0,0.52,0.573269230769231,0.0,0.4307692307692309,0.0,0.0,0.0,0.0
G4.1.2,25,50,3,0.64,0.6162500000000002,0.0,1.0,1.0,1.0,1.0,0.0,1.0,0.0,1.0,0.0,0.0,0.0,0.0,0.0,0.36,0.577314814814815,0.0,0.4311111111111111,0.0,0.0,0.0,0.0
G4.1.2,25,50,4,0.8,0.5860000000000004,0.0,1.0,1.0,1.0,1.0,0.0,1.0,0.0,1.0,0.0,0.0,0.0,0.0,0.0,0.48,0.5829166666666669,0.08333333333333333,0.43166666666666664,0.0,0.0,0.0,0.0
G4.1.2,25,100,0,0.64,0.5881250000000002,0.043478260869565216,1.0,0.9375,0.9375,1.0,0.0,0.9972826086956522,0.012745694999520189,0.9972826086956522,0.012745694999520189,0.0,0.0,0.0,0.0,0.44,0.572007575757576,0.0,0.43090909090909085,0.0,0.0,0.0,0.0
G4.1.2,25,100,1,0.84,0.5914285714285716,0.0,1.0,1.0,1.0,1.0,0.0,1.0,0.0,1.0,0.0,0.0,0.0,0.0,0.0,0.56,0.5631845238095241,0.0,0.43642857142857144,0.0,0.0,0.0,0.0
G4.1.2,25,100,2,0.6,0.6173333333333336,0.0,1.0,1.0,1.0,1.0,0.0,1.0,0.0,1.0,0.0,0.0,0.0,0.0,0.0,0.2,0.5387500000000002,0.0,0.438,0.0,0.0,0.0,0.0
G4.1.2,25,100,3,0.64,0.5900000000000003,0.0,1.0,1.0,1.0,1.0,0.0,1.0,0.0,1.0,0.0,0.0,0.0,0.0,0.0,0.56,0.5553571428571431,0.0,0.4207142857142857,0.0,0.0,0.0,0.0
G4.1.2,25,100,4,0.76,0.6010526315789476,0.0,1.0,1.0,1.0,1.0,0.0,1.0,0.0,1.0,0.0,0.0,0.0,0.0,0.0,0.64,0.5589062500000003,0.0,0.400625,0.0,0.0,0.0,0.0
G4.1.2,50,10,0,0.8,0.6325,0.0,1.0,1.0,1.0,1.0,0.0,1.0,0.0,1.0,0.0,0.0,0.0,0.0,0.0,0.4,0.6042857142857142,0.0,0.425,0.0,0.0,0.0,0.0
G4.1.2,50,10,1,0.82,0.6414634146341464,0.0,1.0,1.0,1.0,1.0,0.0,1.0,0.0,1.0,0.0,0.0,0.0,0.0,0.0,0.4,0.611938775510204,0.0,0.375,0.0,0.0,0.0,0.0
G4.1.2,50,10,2,0.74,0.664864864864865,0.0,1.0,1.0,1.0,1.0,0.0,1.0,0.0,1.0,0.0,0.0,0.0,0.0,0.0,0.4,0.5925510204081633,0.05,0.32500000000000007,0.0,0.0,0.0,0.0
G4.1.2,50,10,3,0.86,0.6604651162790698,0.0,1.0,1.0,1.0,1.0,0.0,1.0,0.0,1.0,0.0,0.0,0.0,0.0,0.0,0.38,0.6042964554242749,0.10526315789473684,0.3789473684210526,0.0,0.0,0.0,0.0
G4.1.2,50,10,4,0.8,0.625,0.0,1.0,1.0,1.0,1.0,0.0,1.0,0.0,1.0,0.0,0.0,0.0,0.0,0.0,0.46,0.6068322981366461,0.0,0.3695652173913043,0.0,0.0,0.0,0.0
G4.1.2,50,25,0,0.74,0.6129729729729728,0.0,1.0,1.0,1.0,1.0,0.0,1.0,0.0,1.0,0.0,0.0,0.0,0.0,0.0,0.52,0.5881632653061225,0.0,0.3892307692307692,0.0,0.0,0.0,0.0
G4.1.2,50,25,1,0.72,0.5977777777777777,0.0,1.0,1.0,1.0,1.0,0.0,1.0,0.0,1.0,0.0,0.0,0.0,0.0,0.0,0.36,0.5556916099773243,0.0,0.4422222222222223,0.0,0.0,0.0,0.0
G4.1.2,50,25,2,0.7,0.5794285714285714,0.0,1.0,1.0,1.0,1.0,0.0,1.0,0.0,1.0,0.0,0.0,0.0,0.0,0.0,0.42,0.5661418853255589,0.047619047619047616,0.4590476190476191,0.0,0.0,0.0,0.0
G4.1.2,50,25,3,0.74,0.6205405405405405,0.0,1.0,1.0,1.0,1.0,0.0,1.0,0.0,1.0,0.0,0.0,0.0,0.0,0.0,0.44,0.5761410018552876,0.0,0.38727272727272727,0.0,0.0,0.0,0.0
G4.1.2,50,25,4,0.72,0.6055555555555556,0.0,1.0,1.0,1.0,1.0,0.0,1.0,0.0,1.0,0.0,0.0,0.0,0.0,0.0,0.48,0.5760884353741497,0.0,0.4183333333333333,0.0,0.0,0.0,0.0
G4.1.2,50,50,0,0.76,0.5942105263157896,0.0,1.0,1.0,1.0,1.0,0.0,1.0,0.0,1.0,0.0,0.0,0.0,0.0,0.0,0.54,0.5714739229024944,0.0,0.42296296296296304,0.0,0.0,0.0,0.0
G4.1.2,50,50,1,0.72,0.6011111111111114,0.0,1.0,1.0,1.0,1.0,0.0,1.0,0.0,1.0,0.0,0.0,0.0,0.0,0.0,0.52,0.5757927786499217,0.0,0.4084615384615385,0.0,0.0,0.0,0.0
G4.1.2,50,50,2,0.76,0.6100000000000003,0.0,1.0,1.0,1.0,1.0,0.0,1.0,0.0,1.0,0.0,0.0,0.0,0.0,0.0,0.46,0.5629991126885538,0.0,0.4165217391304349,0.0,0.0,0.0,0.0
G4.1.2,50,50,3,0.72,0.6077777777777782,0.0,1.0,1.0,1.0,1.0,0.0,1.0,0.0,1.0,0.0,0.0,0.0,0.0,0.0,0.48,0.5567346938775511,0.0,0.4166666666666667,0.0,0.0,0.0,0.0
G4.1.2,50,50,4,0.78,0.6005128205128207,0.0,1.0,1.0,1.0,1.0,0.0,1.0,0.0,1.0,0.0,0.0,0.0,0.0,0.0,0.52,0.5573312401883832,0.0,0.4184615384615385,0.0,0.0,0.0,0.0
G4.1.2,50,100,0,0.64,0.5843750000000003,0.0,1.0,1.0,1.0,1.0,0.0,1.0,0.0,1.0,0.0,0.0,0.0,0.0,0.0,0.52,0.5591915227629516,0.0,0.4215384615384616,0.0,0.0,0.0,0.0
G4.1.2,50,100,1,0.7,0.5834285714285716,0.0,1.0,1.0,1.0,1.0,0.0,1.0,0.0,1.0,0.0,0.0,0.0,0.0,0.0,0.6,0.5563197278911569,0.0,0.423,0.0,0.0,0.0,0.0
G4.1.2,50,100,2,0.74,0.5994594594594599,0.0,1.0,1.0,1.0,1.0,0.0,1.0,0.0,1.0,0.0,0.0,0.0,0.0,0.0,0.44,0.56113172541744,0.0,0.4190909090909091,0.0,0.0,0.0,0.0
G4.1.2,50,100,3,0.76,0.6018421052631582,0.0,1.0,1.0,1.0,1.0,0.0,1.0,0.0,1.0,0.0,0.0,0.0,0.0,0.0,0.5,0.573640816326531,0.0,0.41919999999999996,0.0,0.0,0.0,0.0
G4.1.2,50,100,4,0.66,0.5778787878787881,0.0,1.0,1.0,1.0,1.0,0.0,1.0,0.0,1.0,0.0,0.0,0.0,0.0,0.0,0.54,0.5604157218442936,0.0,0.43629629629629635,0.0,0.0,0.0,0.0
G4.1.2,100,10,0,0.71,0.6478873239436619,0.0,1.0,1.0,1.0,1.0,0.0,1.0,0.0,1.0,0.0,0.0,0.0,0.0,0.0,0.27,0.5892630003741114,0.07407407407407407,0.3925925925925927,0.0,0.0,0.0,0.0
G4.1.2,100,10,1,0.79,0.6253164556962026,0.0,1.0,1.0,1.0,1.0,0.0,1.0,0.0,1.0,0.0,0.0,0.0,0.0,0.0,0.28,0.5918109668109668,0.0,0.38928571428571435,0.0,0.0,0.0,0.0
G4.1.2,100,10,2,0.81,0.6148148148148148,0.0,1.0,1.0,1.0,1.0,0.0,1.0,0.0,1.0,0.0,0.0,0.0,0.0,0.0,0.36,0.5883557800224467,0.0,0.44999999999999996,0.0,0.0,0.0,0.0
G4.1.2,100,10,3,0.83,0.6000000000000001,0.0,1.0,1.0,1.0,1.0,0.0,1.0,0.0,1.0,0.0,0.0,0.0,0.0,0.0,0.41,0.581029810298103,0.0,0.424390243902439,0.0,0.0,0.0,0.0
G4.1.2,100,10,4,0.8,0.635,0.0,1.0,1.0,1.0,1.0,0.0,1.0,0.0,1.0,0.0,0.0,0.0,0.0,0.0,0.36,0.5760662177328845,0.0,0.39166666666666666,0.0,0.0,0.0,0.0
G4.1.2,100,25,0,0.8,0.6059999999999999,0.0,1.0,1.0,1.0,1.0,0.0,1.0,0.0,1.0,0.0,0.0,0.0,0.0,0.0,0.48,0.5822053872053871,0.0,0.41250000000000003,0.0,0.0,0.0,0.0
G4.1.2,100,25,1,0.67,0.622089552238806,0.0,1.0,1.0,1.0,1.0,0.0,1.0,0.0,1.0,0.0,0.0,0.0,0.0,0.0,0.35,0.5642828282828282,0.0,0.3965714285714286,0.0,0.0,0.0,0.0
G4.1.2,100,25,2,0.7,0.6108571428571429,0.0,1.0,1.0,1.0,1.0,0.0,1.0,0.0,1.0,0.0,0.0,0.0,0.0,0.0,0.41,0.5761221975856122,0.0,0.42146341463414627,0.0,0.0,0.0,0.0
G4.1.2,100,25,3,0.74,0.6183783783783784,0.0,1.0,1.0,1.0,1.0,0.0,1.0,0.0,1.0,0.0,0.0,0.0,0.0,0.0,0.41,0.5676570583887656,0.0,0.40780487804878046,0.0,0.0,0.0,0.0
G4.1.2,100,25,4,0.75,0.6026666666666666,0.0,1.0,1.0,1.0,1.0,0.0,1.0,0.0,1.0,0.0,0.0,0.0,0.0,0.0,0.48,0.5665824915824915,0.0,0.4083333333333334,0.0,0.0,0.0,0.0
G4.1.2,100,50,0,0.72,0.5947222222222224,0.0,1.0,1.0,1.0,1.0,0.0,1.0,0.0,1.0,0.0,0.0,0.0,0.0,0.0,0.51,0.559916815210933,0.0,0.42039215686274506,0.0,0.0,0.0,0.0
G4.1.2,100,50,1,0.72,0.6013888888888891,0.0,1.0,1.0,1.0,1.0,0.0,1.0,0.0,1.0,0.0,0.0,0.0,0.0,0.0,0.45,0.5547923681257017,0.0,0.4177777777777778,0.0,0.0,0.0,0.0
G4.1.2,100,50,2,0.72,0.6044444444444446,0.0,1.0,1.0,1.0,1.0,0.0,1.0,0.0,1.0,0.0,0.0,0.0,0.0,0.0,0.49,0.5612244897959185,0.0,0.4102040816326531,0.0,0.0,0.0,0.0
G4.1.2,100,50,3,0.74,0.5989189189189192,0.0,1.0,1.0,1.0,1.0,0.0,1.0,0.0,1.0,0.0,0.0,0.0,0.0,0.0,0.45,0.5672502805836142,0.0,0.4231111111111111,0.0,0.0,0.0,0.0
G4.1.2,100,50,4,0.73,0.6158904109589044,0.0,1.0,1.0,1.0,1.0,0.0,1.0,0.0,1.0,0.0,0.0,0.0,0.0,0.0,0.48,0.5609511784511787,0.0,0.3979166666666667,0.0,0.0,0.0,0.0
G4.1.2,100,100,0,0.7,0.5981428571428573,0.0,1.0,1.0,1.0,1.0,0.0,1.0,0.0,1.0,0.0,0.0,0.0,0.0,0.0,0.44,0.5604247015610655,0.0,0.4177272727272726,0.0,0.0,0.0,0.0
G4.1.2,100,100,1,0.68,0.5957352941176474,0.0,1.0,1.0,1.0,1.0,0.0,1.0,0.0,1.0,0.0,0.0,0.0,0.0,0.0,0.5,0.5614424242424245,0.0,0.41559999999999997,0.0,0.0,0.0,0.0
G4.1.2,100,100,2,0.66,0.6050000000000004,0.0,1.0,1.0,1.0,1.0,0.0,1.0,0.0,1.0,0.0,0.0,0.0,0.0,0.0,0.47,0.5665892972275954,0.0,0.4074468085106382,0.0,0.0,0.0,0.0
G4.1.2,100,100,3,0.73,0.5956164383561647,0.0,1.0,1.0,1.0,1.0,0.0,1.0,0.0,1.0,0.0,0.0,0.0,0.0,0.0,0.58,0.5657035876001395,0.0,0.4117241379310345,0.0,0.0,0.0,0.0
G4.1.2,100,100,4,0.71,0.6030985915492961,0.0,1.0,1.0,1.0,1.0,0.0,1.0,0.0,1.0,0.0,0.0,0.0,0.0,0.0,0.48,0.5675778619528623,0.0,0.41083333333333333,0.0,0.0,0.0,0.0
G4.1.3,10,10,0,0.8,0.625,0.1111111111111111,0.125,0.875,0.0,0.9763888888888889,0.08447139555297205,0.9930555555555556,0.05851492898039139,0.9694444444444444,0.10115078586685068,0.0,0.0,0.0,0.0,0.5,0.6044444444444445,0.0,0.4,0.0,0.0,0.0,0.0
G4.1.3,10,10,1,0.7,0.6428571428571429,0.012345679012345678,1.0,0.8571428571428572,0.8571428571428572,1.0,0.0,0.998236331569665,0.01577472999999851,0.998236331569665,0.01577472999999851,0.0,0.0,0.0,0.0,0.4,0.4722222222222222,0.25,0.325,0.0,0.0,0.0,0.0
G4.1.3,10,10,2,0.7,0.6571428571428571,0.013333333333333334,1.0,0.8571428571428572,0.8571428571428572,1.0,0.0,0.9980952380952381,0.016385381461033573,0.9980952380952381,0.016385381461033573,0.0,0.0,0.0,0.0,0.5,0.6444444444444445,0.0,0.36,0.0,0.0,0.0,0.0
G4.1.3,10,10,3,1.0,0.6599999999999999,0.0,1.0,1.0,1.0,1.0,0.0,1.0,0.0,1.0,0.0,0.0,0.0,0.0,0.0,0.5,0.43555555555555553,0.0,0.5,0.0,0.0,0.0,0.0
G4.1.3,10,10,4,1.0,0.52,0.0,1.0,1.0,1.0,1.0,0.0,1.0,0.0,1.0,0.0,0.0,0.0,0.0,0.0,0.9,0.5469135802469136,0.0,0.4666666666666667,0.0,0.0,0.0,0.0
G4.1.3,10,25,0,0.7,0.6457142857142858,0.036585365853658534,1.0,0.7142857142857143,0.7142857142857143,1.0,0.0,0.9965156794425089,0.02203677811964026,0.9965156794425089,0.02203677811964026,0.0,0.0,0.0,0.0,0.5,0.5733333333333333,0.2,0.392,0.0,0.0,0.0,0.0
G4.1.3,10,25,1,0.8,0.68,0.0,1.0,1.0,1.0,1.0,0.0,1.0,0.0,1.0,0.0,0.0,0.0,0.0,0.0,0.5,0.5493333333333333,0.0,0.42400000000000004,0.0,0.0,0.0,0.0
G4.1.3,10,25,2,1.0,0.5839999999999999,0.012987012987012988,0.9,1.0,0.9,0.9987012987012988,0.01132181543776798,1.0,0.0,0.9987012987012988,0.01132181543776798,0.0,0.0,0.0,0.0,0.6,0.5688888888888889,0.0,0.48666666666666664,0.0,0.0,0.0,0.0
G4.1.3,10,25,3,0.7,0.6057142857142858,0.0136986301369863,0.8571428571428571,1.0,0.8571428571428572,0.9980430528375734,0.016605247307707578,1.0,0.0,0.9980430528375734,0.016605247307707564,0.0,0.0,0.0,0.0,0.6,0.5577777777777777,0.16666666666666666,0.4733333333333334,0.0,0.0,0.0,0.0
G4.1.3,10,25,4,0.9,0.6044444444444445,0.0,1.0,1.0,1.0,1.0,0.0,1.0,0.0,1.0,0.0,0.0,0.0,0.0,0.0,0.6,0.6066666666666666,0.0,0.3866666666666667,0.0,0.0,0.0,0.0
G4.1.3,10,50,0,0.8,0.6325000000000003,0.109375,0.5,0.75,0.25,0.9900855654761904,0.03903523974399645,0.9954427083333333,0.02563980295249377,0.9855282738095238,0.045725086086784446,0.0,0.0,0.0,0.0,0.3,0.5851851851851854,0.0,0.3466666666666667,0.0,0.0,0.0,0.0
G4.1.3,10,50,1,0.4,0.6300000000000002,0.04411764705882353,0.75,0.75,0.5,0.9963235294117647,0.030093208720119308,0.9963235294117647,0.03009320872011931,0.9926470588235294,0.04223943122454432,0.0,0.0,0.0,0.0,0.3,0.5881481481481483,0.0,0.3466666666666667,0.0,0.0,0.0,0.0
G4.1.3,10,50,2,0.6,0.5866666666666668,0.04411764705882353,0.8333333333333334,1.0,0.8333333333333334,0.9975490196078433,0.02006213914674619,1.0,0.0,0.9975490196078433,0.02006213914674619,0.0,0.0,0.0,0.0,0.5,0.5302222222222224,0.0,0.43200000000000005,0.0,0.0,0.0,0.0
G4.1.3,10,50,3,0.5,0.6040000000000002,0.0641025641025641,1.0,0.4,0.4,1.0,0.0,0.9923076923076923,0.05004928537421316,0.9923076923076923,0.05004928537421316,0.0,0.0,0.0,0.0,0.4,0.5900000000000002,0.0,0.42000000000000004,0.0,0.0,0.0,0.0
G4.1.3,10,50,4,0.8,0.5925000000000002,0.02666666666666667,0.875,1.0,0.875,0.9983333333333333,0.014337208778404381,1.0,0.0,0.9983333333333333,0.014337208778404381,0.0,0.0,0.0,0.0,0.5,0.5551111111111113,0.0,0.44800000000000006,0.0,0.0,0.0,0.0
G4.1.3,10,100,0,0.8,0.5662500000000003,0.025,0.625,1.0,0.625,0.9947916666666667,0.03318652567098749,1.0,0.0,0.9947916666666667,0.03318652567098749,0.0,0.0,0.0,0.0,0.5,0.5766666666666669,0.0,0.466,0.0,0.0,0.0,0.0
G4.1.3,10,100,1,0.9,0.5833333333333335,0.01282051282051282,0.8888888888888888,1.0,0.8888888888888888,0.9985754985754985,0.012499949269789347,1.0,0.0,0.9985754985754985,0.012499949269789347,0.0,0.0,0.0,0.0,0.6,0.5550000000000003,0.0,0.44333333333333336,0.0,0.0,0.0,0.0
G4.1.3,10,100,2,0.7,0.6100000000000003,0.05263157894736842,0.14285714285714285,1.0,0.1428571428571429,0.9816729323308271,0.08980510562427513,1.0,0.0,0.9816729323308271,0.08980510562427511,0.0,0.0,0.0,0.0,0.2,0.5677777777777779,0.0,0.385,0.0,0.0,0.0,0.0
G4.1.3,10,100,3,0.5,0.5960000000000003,0.02631578947368421,0.8,0.6,0.4,0.9973684210526316,0.022790142204853647,0.993421052631579,0.05697535551213413,0.9907894736842104,0.06108154941281661,0.0,0.0,0.0,0.0,0.4,0.557777777777778,0.0,0.435,0.0,0.0,0.0,0.0
G4.1.3,10,100,4,0.6,0.5716666666666669,0.0,1.0,1.0,1.0,1.0,0.0,1.0,0.0,1.0,0.0,0.0,0.0,0.0,0.0,0.5,0.5628888888888891,0.0,0.44400000000000006,0.0,0.0,0.0,0.0
G4.1.3,25,10,0,0.84,0.657142857142857,0.0,1.0,1.0,1.0,1.0,0.0,1.0,0.0,1.0,0.0,0.0,0.0,0.0,0.0,0.4,0.5950000000000001,0.0,0.38,0.0,0.0,0.0,0.0
G4.1.3,25,10,1,0.72,0.6166666666666666,0.0,1.0,1.0,1.0,1.0,0.0,1.0,0.0,1.0,0.0,0.0,0.0,0.0,0.0,0.48,0.5916666666666667,0.0,0.3833333333333333,0.0,0.0,0.0,0.0
G4.1.3,25,10,2,0.88,0.6363636363636362,0.0,1.0,1.0,1.0,1.0,0.0,1.0,0.0,1.0,0.0,0.0,0.0,0.0,0.0,0.48,0.5499999999999999,0.08333333333333333,0.4416666666666668,0.0,0.0,0.0,0.0
G4.1.3,25,10,3,0.72,0.6,0.0,1.0,1.0,1.0,1.0,0.0,1.0,0.0,1.0,0.0,0.0,0.0,0.0,0.0,0.4,0.6379166666666666,0.1,0.36,0.0,0.0,0.0,0.0
G4.1.3,25,10,4,0.96,0.6291666666666667,0.0,1.0,1.0,1.0,1.0,0.0,1.0,0.0,1.0,0.0,0.0,0.0,0.0,0.0,0.64,0.5950520833333333,0.0,0.4,0.0,0.0,0.0,0.0
G4.1.3,25,25,0,0.72,0.6488888888888888,0.0,1.0,1.0,1.0,1.0,0.0,1.0,0.0,1.0,0.0,0.0,0.0,0.0,0.0,0.28,0.5671428571428571,0.0,0.39428571428571424,0.0,0.0,0.0,0.0
G4.1.3,25,25,1,0.68,0.623529411764706,0.0,1.0,1.0,1.0,1.0,0.0,1.0,0.0,1.0,0.0,0.0,0.0,0.0,0.0,0.56,0.5704761904761904,0.0,0.38000000000000006,0.0,0.0,0.0,0.0
G4.1.3,25,25,2,0.76,0.6042105263157895,0.0,1.0,1.0,1.0,1.0,0.0,1.0,0.0,1.0,0.0,0.0,0.0,0.0,0.0,0.6,0.5922222222222222,0.0,0.40800000000000014,0.0,0.0,0.0,0.0
G4.1.3,25,25,3,0.84,0.5980952380952382,0.0,1.0,1.0,1.0,1.0,0.0,1.0,0.0,1.0,0.0,0.0,0.0,0.0,0.0,0.52,0.5805128205128205,0.0,0.43692307692307697,0.0,0.0,0.0,0.0
G4.1.3,25,25,4,0.76,0.5578947368421052,0.0,1.0,1.0,1.0,1.0,0.0,1.0,0.0,1.0,0.0,0.0,0.0,0.0,0.0,0.52,0.5412820512820512,0.0,0.4646153846153847,0.0,0.0,0.0,0.0
G4.1.3,25,50,0,0.76,0.5957894736842108,0.0,1.0,1.0,1.0,1.0,0.0,1.0,0.0,1.0,0.0,0.0,0.0,0.0,0.0,0.64,0.5771354166666669,0.0,0.41625,0.0,0.0,0.0,0.0
G4.1.3,25,50,1,0.72,0.5888888888888891,0.0,1.0,1.0,1.0,1.0,0.0,1.0,0.0,1.0,0.0,0.0,0.0,0.0,0.0,0.48,0.5467361111111112,0.0,0.4316666666666667,0.0,0.0,0.0,0.0
G4.1.3,25,50,2,0.76,0.6042105263157898,0.0,1.0,1.0,1.0,1.0,0.0,1.0,0.0,1.0,0.0,0.0,0.0,0.0,0.0,0.44,0.5421212121212123,0.0,0.4327272727272727,0.0,0.0,0.0,0.0
G4.1.3,25,50,3,0.6,0.6253333333333336,0.0,1.0,1.0,1.0,1.0,0.0,1.0,0.0,1.0,0.0,0.0,0.0,0.0,0.0,0.32,0.5759375000000002,0.0,0.38,0.0,0.0,0.0,0.0
G4.1.3,25,50,4,0.64,0.5975000000000001,0.014084507042253521,1.0,0.9375,0.9375,1.0,0.0,0.9991197183098591,0.007364965022307001,0.9991197183098591,0.007364965022307001,0.0,0.0,0.0,0.0,0.44,0.577727272727273,0.0,0.43090909090909085,0.0,0.0,0.0,0.0
G4.1.3,25,100,0,0.56,0.6014285714285718,0.012345679012345678,0.9285714285714286,0.9285714285714286,0.8571428571428572,0.9991181657848325,0.007887364999999254,0.9991181657848325,0.007887364999999254,0.998236331569665,0.01577472999999851,0.0,0.0,0.0,0.0,0.28,0.5627976190476194,0.0,0.4257142857142857,0.0,0.0,0.0,0.0
G4.1.3,25,100,1,0.8,0.6055000000000004,0.0,1.0,1.0,1.0,1.0,0.0,1.0,0.0,1.0,0.0,0.0,0.0,0.0,0.0,0.56,0.5726190476190478,0.0,0.4107142857142857,0.0,0.0,0.0,0.0
G4.1.3,25,100,2,0.84,0.5976190476190479,0.0,1.0,1.0,1.0,1.0,0.0,1.0,0.0,1.0,0.0,0.0,0.0,0.0,0.0,0.6,0.556027777777778,0.0,0.41733333333333333,0.0,0.0,0.0,0.0
G4.1.3,25,100,3,0.64,0.5937500000000003,0.0,1.0,1.0,1.0,1.0,0.0,1.0,0.0,1.0,0.0,0.0,0.0,0.0,0.0,0.48,0.5553125000000003,0.0,0.41333333333333333,0.0,0.0,0.0,0.0
G4.1.3,25,100,4,0.72,0.6022222222222225,0.014492753623188406,0.9444444444444444,1.0,0.9444444444444444,0.999194847020934,0.006639461554939873,1.0,0.0,0.999194847020934,0.006639461554939873,0.0,0.0,0.0,0.0,0.6,0.5663055555555557,0.0,0.4013333333333334,0.0,0.0,0.0,0.0
G4.1.3,50,10,0,0.8,0.6174999999999999,0.0,1.0,1.0,1.0,1.0,0.0,1.0,0.0,1.0,0.0,0.0,0.0,0.0,0.0,0.34,0.5889555822328932,0.0,0.4117647058823529,0.0,0.0,0.0,0.0
G4.1.3,50,10,1,0.82,0.5975609756097561,0.0,1.0,1.0,1.0,1.0,0.0,1.0,0.0,1.0,0.0,0.0,0.0,0.0,0.0,0.46,0.5456078083407275,0.0,0.40434782608695663,0.0,0.0,0.0,0.0
G4.1.3,50,10,2,0.7,0.6485714285714286,0.0,1.0,1.0,1.0,1.0,0.0,1.0,0.0,1.0,0.0,0.0,0.0,0.0,0.0,0.36,0.6041950113378686,0.0,0.37222222222222223,0.0,0.0,0.0,0.0
G4.1.3,50,10,3,0.68,0.638235294117647,0.0,1.0,1.0,1.0,1.0,0.0,1.0,0.0,1.0,0.0,0.0,0.0,0.0,0.0,0.32,0.5938775510204082,0.0,0.38125,0.0,0.0,0.0,0.0
G4.1.3,50,10,4,0.66,0.6242424242424242,0.0,1.0,1.0,1.0,1.0,0.0,1.0,0.0,1.0,0.0,0.0,0.0,0.0,0.0,0.34,0.6031212484993996,0.0,0.388235294117647,0.0,0.0,0.0,0.0
G4.1.3,50,25,0,0.66,0.5951515151515151,0.0,1.0,1.0,1.0,1.0,0.0,1.0,0.0,1.0,0.0,0.0,0.0,0.0,0.0,0.48,0.579013605442177,0.0,0.43166666666666664,0.0,0.0,0.0,0.0
G4.1.3,50,25,1,0.7,0.616,0.0,1.0,1.0,1.0,1.0,0.0,1.0,0.0,1.0,0.0,0.0,0.0,0.0,0.0,0.38,0.5600429645542426,0.0,0.4126315789473684,0.0,0.0,0.0,0.0
G4.1.3,50,25,2,0.72,0.621111111111111,0.0,1.0,1.0,1.0,1.0,0.0,1.0,0.0,1.0,0.0,0.0,0.0,0.0,0.0,0.5,0.5883755102040816,0.0,0.39680000000000004,0.0,0.0,0.0,0.0
G4.1.3,50,25,3,0.78,0.6071794871794872,0.0,1.0,1.0,1.0,1.0,0.0,1.0,0.0,1.0,0.0,0.0,0.0,0.0,0.0,0.46,0.5727417923691216,0.043478260869565216,0.4191304347826087,0.0,0.0,0.0,0.0
G4.1.3,50,25,4,0.82,0.6126829268292684,0.0,1.0,1.0,1.0,1.0,0.0,1.0,0.0,1.0,0.0,0.0,0.0,0.0,0.0,0.5,0.5756408163265306,0.0,0.408,0.0,0.0,0.0,0.0
G4.1.3,50,50,0,0.78,0.6010256410256412,0.0,1.0,1.0,1.0,1.0,0.0,1.0,0.0,1.0,0.0,0.0,0.0,0.0,0.0,0.54,0.5710808767951626,0.0,0.41407407407407404,0.0,0.0,0.0,0.0
G4.1.3,50,50,1,0.76,0.5878947368421056,0.0,1.0,1.0,1.0,1.0,0.0,1.0,0.0,1.0,0.0,0.0,0.0,0.0,0.0,0.46,0.5639041703637979,0.0,0.44086956521739135,0.0,0.0,0.0,0.0
G4.1.3,50,50,2,0.8,0.5855000000000002,0.0,1.0,1.0,1.0,1.0,0.0,1.0,0.0,1.0,0.0,0.0,0.0,0.0,0.0,0.62,0.5675312705727452,0.0,0.4303225806451614,0.0,0.0,0.0,0.0
G4.1.3,50,50,3,0.6,0.626666666666667,0.0,1.0,1.0,1.0,1.0,0.0,1.0,0.0,1.0,0.0,0.0,0.0,0.0,0.0,0.36,0.5538775510204083,0.0,0.3844444444444444,0.0,0.0,0.0,0.0
G4.1.3,50,50,4,0.78,0.613846153846154,0.0,1.0,1.0,1.0,1.0,0.0,1.0,0.0,1.0,0.0,0.0,0.0,0.0,0.0,0.46,0.5618811002661938,0.0,0.4165217391304349,0.0,0.0,0.0,0.0
G4.1.3,50,100,0,0.72,0.5988888888888891,0.0,1.0,1.0,1.0,1.0,0.0,1.0,0.0,1.0,0.0,0.0,0.0,0.0,0.0,0.5,0.5634693877551024,0.0,0.41600000000000004,0.0,0.0,0.0,0.0
G4.1.3,50,100,1,0.7,0.6031428571428575,0.0,1.0,1.0,1.0,1.0,0.0,1.0,0.0,1.0,0.0,0.0,0.0,0.0,0.0,0.46,0.5571694764862469,0.0,0.41304347826086957,0.0,0.0,0.0,0.0
G4.1.3,50,100,2,0.7,0.585714285714286,0.0,1.0,1.0,1.0,1.0,0.0,1.0,0.0,1.0,0.0,0.0,0.0,0.0,0.0,0.58,0.562448979591837,0.0,0.42000000000000004,0.0,0.0,0.0,0.0
G4.1.3,50,100,3,0.54,0.5892592592592595,0.0,1.0,1.0,1.0,1.0,0.0,1.0,0.0,1.0,0.0,0.0,0.0,0.0,0.0,0.38,0.5603651987110637,0.0,0.42894736842105263,0.0,0.0,0.0,0.0
G4.1.3,50,100,4,0.72,0.5861111111111115,0.0,1.0,1.0,1.0,1.0,0.0,1.0,0.0,1.0,0.0,0.0,0.0,0.0,0.0,0.58,0.5566432090077412,0.0,0.4265517241379311,0.0,0.0,0.0,0.0
G4.1.3,100,10,0,0.76,0.6131578947368422,0.0,1.0,1.0,1.0,1.0,0.0,1.0,0.0,1.0,0.0,0.0,0.0,0.0,0.0,0.39,0.6005180005180005,0.02564102564102564,0.3871794871794872,0.0,0.0,0.0,0.0
G4.1.3,100,10,1,0.81,0.6185185185185186,0.0,1.0,1.0,1.0,1.0,0.0,1.0,0.0,1.0,0.0,0.0,0.0,0.0,0.0,0.33,0.5970615243342516,0.06060606060606061,0.4090909090909091,0.0,0.0,0.0,0.0
G4.1.3,100,10,2,0.81,0.6296296296296297,0.0,1.0,1.0,1.0,1.0,0.0,1.0,0.0,1.0,0.0,0.0,0.0,0.0,0.0,0.31,0.5736070381231672,0.0,0.4064516129032258,0.0,0.0,0.0,0.0
G4.1.3,100,10,3,0.71,0.6295774647887324,0.0,1.0,1.0,1.0,1.0,0.0,1.0,0.0,1.0,0.0,0.0,0.0,0.0,0.0,0.36,0.5830808080808081,0.0,0.39444444444444443,0.0,0.0,0.0,0.0
G4.1.3,100,10,4,0.8,0.63375,0.0,1.0,1.0,1.0,1.0,0.0,1.0,0.0,1.0,0.0,0.0,0.0,0.0,0.0,0.37,0.5825825825825826,0.0,0.39189189189189183,0.0,0.0,0.0,0.0
G4.1.3,100,25,0,0.73,0.5841095890410958,0.0,1.0,1.0,1.0,1.0,0.0,1.0,0.0,1.0,0.0,0.0,0.0,0.0,0.0,0.5,0.5727191919191919,0.0,0.4264,0.0,0.0,0.0,0.0
G4.1.3,100,25,1,0.78,0.6000000000000001,0.0,1.0,1.0,1.0,1.0,0.0,1.0,0.0,1.0,0.0,0.0,0.0,0.0,0.0,0.46,0.5600614844093103,0.0,0.4243478260869566,0.0,0.0,0.0,0.0
G4.1.3,100,25,2,0.76,0.6115789473684211,0.0,1.0,1.0,1.0,1.0,0.0,1.0,0.0,1.0,0.0,0.0,0.0,0.0,0.0,0.46,0.5715678524374175,0.0,0.4191304347826088,0.0,0.0,0.0,0.0
G4.1.3,100,25,3,0.82,0.624390243902439,0.0,1.0,1.0,1.0,1.0,0.0,1.0,0.0,1.0,0.0,0.0,0.0,0.0,0.0,0.39,0.5786272986272986,0.0,0.40717948717948715,0.0,0.0,0.0,0.0
G4.1.3,100,25,4,0.77,0.608831168831169,0.0,1.0,1.0,1.0,1.0,0.0,1.0,0.0,1.0,0.0,0.0,0.0,0.0,0.0,0.43,0.5713225276015973,0.0,0.4204651162790698,0.0,0.0,0.0,0.0
G4.1.3,100,50,0,0.8,0.6170000000000002,0.0,1.0,1.0,1.0,1.0,0.0,1.0,0.0,1.0,0.0,0.0,0.0,0.0,0.0,0.48,0.5673526936026938,0.0,0.40041666666666664,0.0,0.0,0.0,0.0
G4.1.3,100,50,1,0.8,0.5990000000000002,0.0,1.0,1.0,1.0,1.0,0.0,1.0,0.0,1.0,0.0,0.0,0.0,0.0,0.0,0.6,0.5559023569023572,0.0,0.41800000000000004,0.0,0.0,0.0,0.0
G4.1.3,100,50,2,0.75,0.5973333333333335,0.0,1.0,1.0,1.0,1.0,0.0,1.0,0.0,1.0,0.0,0.0,0.0,0.0,0.0,0.5,0.5751595959595961,0.0,0.42080000000000006,0.0,0.0,0.0,0.0
G4.1.3,100,50,3,0.64,0.6078125000000002,0.0,1.0,1.0,1.0,1.0,0.0,1.0,0.0,1.0,0.0,0.0,0.0,0.0,0.0,0.36,0.5682772166105501,0.0,0.41388888888888886,0.0,0.0,0.0,0.0
G4.1.3,100,50,4,0.65,0.5984615384615387,0.0,1.0,1.0,1.0,1.0,0.0,1.0,0.0,1.0,0.0,0.0,0.0,0.0,0.0,0.47,0.5668987749838816,0.0,0.41787234042553184,0.0,0.0,0.0,0.0
G4.1.3,100,100,0,0.7,0.6101428571428573,0.0,1.0,1.0,1.0,1.0,0.0,1.0,0.0,1.0,0.0,0.0,0.0,0.0,0.0,0.52,0.5634712509712514,0.0,0.4011538461538462,0.0,0.0,0.0,0.0
G4.1.3,100,100,1,0.65,0.5996923076923081,0.0,1.0,1.0,1.0,1.0,0.0,1.0,0.0,1.0,0.0,0.0,0.0,0.0,0.0,0.45,0.5629674523007859,0.0,0.41888888888888887,0.0,0.0,0.0,0.0
G4.1.3,100,100,2,0.61,0.5900000000000003,0.0,1.0,1.0,1.0,1.0,0.0,1.0,0.0,1.0,0.0,0.0,0.0,0.0,0.0,0.46,0.5595696091348269,0.0,0.4243478260869564,0.0,0.0,0.0,0.0
G4.1.3,100,100,3,0.72,0.6034722222222225,0.0,1.0,1.0,1.0,1.0,0.0,1.0,0.0,1.0,0.0,0.0,0.0,0.0,0.0,0.49,0.5700824572253146,0.0,0.4075510204081633,0.0,0.0,0.0,0.0
G4.1.3,100,100,4,0.76,0.5903947368421056,0.0,1.0,1.0,1.0,1.0,0.0,1.0,0.0,1.0,0.0,0.0,0.0,0.0,0.0,0.55,0.5660110192837469,0.0,0.424909090909091,0.0,0.0,0.0,0.0
G4.2.1,10,10,0,0.9,0.6999999999999998,0.0,1.0,1.0,1.0,1.0,0.0,1.0,0.0,1.0,0.0,0.0,0.0,0.0,0.0,0.6,0.5351851851851852,0.0,0.26666666666666666,0.0,0.0,0.0,0.0
G4.2.1,10,10,1,1.0,0.69,0.0,1.0,1.0,1.0,1.0,0.0,1.0,0.0,1.0,0.0,0.0,0.0,0.0,0.0,0.5,0.5222222222222223,0.0,0.38,0.0,0.0,0.0,0.0
G4.2.1,10,10,2,1.0,0.7,0.0,1.0,1.0,1.0,1.0,0.0,1.0,0.0,1.0,0.0,0.0,0.0,0.0,0.0,0.4,0.5027777777777778,0.0,0.275,0.0,0.0,0.0,0.0
G4.2.1,10,10,3,1.0,0.6499999999999999,0.047619047619047616,0.9,1.0,0.9,0.9952380952380951,0.021295885499997988,1.0,0.0,0.9952380952380951,0.021295885499997988,0.0,0.0,0.0,0.0,0.5,0.5088888888888888,0.0,0.27999999999999997,0.0,0.0,0.0,0.0
G4.2.1,10,10,4,0.9,0.6999999999999998,0.037037037037037035,0.8888888888888888,0.8888888888888888,0.7777777777777778,0.9958847736625515,0.02098361939750118,0.9958847736625515,0.02098361939750118,0.9917695473251029,0.04196723879500234,0.0,0.0,0.0,0.0,0.5,0.5044444444444445,0.0,0.36000000000000004,0.0,0.0,0.0,0.0
G4.2.1,10,25,0,0.9,0.7200000000000001,0.0,1.0,1.0,1.0,1.0,0.0,1.0,0.0,1.0,0.0,0.0,0.0,0.0,0.0,0.5,0.48711111111111105,0.0,0.328,0.0,0.0,0.0,0.0
G4.2.1,10,25,1,1.0,0.6759999999999999,0.0,1.0,1.0,1.0,1.0,0.0,1.0,0.0,1.0,0.0,0.0,0.0,0.0,0.0,0.3,0.4844444444444444,0.0,0.4266666666666667,0.0,0.0,0.0,0.0
G4.2.1,10,25,2,0.9,0.6622222222222223,0.041666666666666664,0.7777777777777778,0.8888888888888888,0.6666666666666667,0.9907407407407408,0.04440584743808074,0.9953703703703703,0.02220292371904038,0.9861111111111112,0.06660877115712109,0.0,0.0,0.0,0.0,0.4,0.5077777777777778,0.0,0.41999999999999993,0.0,0.0,0.0,0.0
G4.2.1,10,25,3,1.0,0.6839999999999999,0.0,1.0,1.0,1.0,1.0,0.0,1.0,0.0,1.0,0.0,0.0,0.0,0.0,0.0,0.6,0.46222222222222226,0.0,0.3333333333333333,0.0,0.0,0.0,0.0
G4.2.1,10,25,4,0.8,0.635,0.0,1.0,1.0,1.0,1.0,0.0,1.0,0.0,1.0,0.0,0.0,0.0,0.0,0.0,0.5,0.46933333333333327,0.0,0.43999999999999995,0.0,0.0,0.0,0.0
G4.2.1,10,50,0,1.0,0.6900000000000003,0.0,1.0,1.0,1.0,1.0,0.0,1.0,0.0,1.0,0.0,0.0,0.0,0.0,0.0,0.6,0.4292592592592593,0.0,0.4533333333333333,0.0,0.0,0.0,0.0
G4.2.1,10,50,1,0.9,0.7000000000000003,0.0,1.0,1.0,1.0,1.0,0.0,1.0,0.0,1.0,0.0,0.0,0.0,0.0,0.0,0.5,0.4711111111111112,0.0,0.43999999999999995,0.0,0.0,0.0,0.0
G4.2.1,10,50,2,1.0,0.6800000000000004,0.0,1.0,1.0,1.0,1.0,0.0,1.0,0.0,1.0,0.0,0.0,0.0,0.0,0.0,0.7,0.4733333333333335,0.0,0.3514285714285714,0.0,0.0,0.0,0.0
G4.2.1,10,50,3,0.9,0.697777777777778,0.08,0.7777777777777778,1.0,0.7777777777777778,0.9905555555555555,0.0320878423959859,1.0,0.0,0.9905555555555555,0.0320878423959859,0.0,0.0,0.0,0.0,0.6,0.5025925925925928,0.0,0.3266666666666667,0.0,0.0,0.0,0.0
G4.2.1,10,50,4,1.0,0.7160000000000003,0.0,1.0,1.0,1.0,1.0,0.0,1.0,0.0,1.0,0.0,0.0,0.0,0.0,0.0,0.4,0.48555555555555563,0.0,0.395,0.0,0.0,0.0,0.0
G4.2.1,10,100,0,1.0,0.6860000000000003,0.0,1.0,1.0,1.0,1.0,0.0,1.0,0.0,1.0,0.0,0.0,0.0,0.0,0.0,0.3,0.4788888888888891,0.0,0.4266666666666666,0.0,0.0,0.0,0.0
G4.2.1,10,100,1,1.0,0.7270000000000003,0.0,1.0,1.0,1.0,1.0,0.0,1.0,0.0,1.0,0.0,0.0,0.0,0.0,0.0,0.7,0.47285714285714303,0.0,0.29571428571428576,0.0,0.0,0.0,0.0
G4.2.1,10,100,2,1.0,0.6970000000000004,0.0,1.0,1.0,1.0,1.0,0.0,1.0,0.0,1.0,0.0,0.0,0.0,0.0,0.0,0.7,0.46714285714285736,0.0,0.3385714285714286,0.0,0.0,0.0,0.0
G4.2.1,10,100,3,1.0,0.6940000000000005,0.0,1.0,1.0,1.0,1.0,0.0,1.0,0.0,1.0,0.0,0.0,0.0,0.0,0.0,0.5,0.46111111111111136,0.0,0.354,0.0,0.0,0.0,0.0
G4.2.1,10,100,4,1.0,0.6500000000000004,0.0,1.0,1.0,1.0,1.0,0.0,1.0,0.0,1.0,0.0,0.0,0.0,0.0,0.0,0.7,0.46428571428571447,0.0,0.3685714285714285,0.0,0.0,0.0,0.0
G4.2.1,25,10,0,0.96,0.6958333333333332,0.0,1.0,1.0,1.0,1.0,0.0,1.0,0.0,1.0,0.0,0.0,0.0,0.0,0.0,0.36,0.4912037037037037,0.0,0.35555555555555557,0.0,0.0,0.0,0.0
G4.2.1,25,10,1,0.96,0.7083333333333334,0.0,1.0,1.0,1.0,1.0,0.0,1.0,0.0,1.0,0.0,0.0,0.0,0.0,0.0,0.4,0.4970833333333333,0.0,0.28,0.0,0.0,0.0,0.0
G4.2.1,25,10,2,0.96,0.7041666666666666,0.0,1.0,1.0,1.0,1.0,0.0,1.0,0.0,1.0,0.0,0.0,0.0,0.0,0.0,0.44,0.49242424242424243,0.0,0.2727272727272727,0.0,0.0,0.0,0.0
G4.2.1,25,10,3,0.96,0.7125,0.0,1.0,1.0,1.0,1.0,0.0,1.0,0.0,1.0,0.0,0.0,0.0,0.0,0.0,0.48,0.46423611111111124,0.0,0.25833333333333336,0.0,0.0,0.0,0.0
G4.2.1,25,10,4,0.92,0.7043478260869565,0.0,1.0,1.0,1.0,1.0,0.0,1.0,0.0,1.0,0.0,0.0,0.0,0.0,0.0,0.52,0.4782051282051282,0.0,0.3538461538461538,0.0,0.0,0.0,0.0
G4.2.1,25,25,0,0.96,0.69,0.0,1.0,1.0,1.0,1.0,0.0,1.0,0.0,1.0,0.0,0.0,0.0,0.0,0.0,0.44,0.47348484848484845,0.0,0.3272727272727272,0.0,0.0,0.0,0.0
G4.2.1,25,25,1,0.96,0.725,0.0,1.0,1.0,1.0,1.0,0.0,1.0,0.0,1.0,0.0,0.0,0.0,0.0,0.0,0.44,0.44909090909090904,0.0,0.28363636363636363,0.0,0.0,0.0,0.0
G4.2.1,25,25,2,1.0,0.7360000000000001,0.0,1.0,1.0,1.0,1.0,0.0,1.0,0.0,1.0,0.0,0.0,0.0,0.0,0.0,0.56,0.4923809523809523,0.0,0.2771428571428572,0.0,0.0,0.0,0.0
G4.2.1,25,25,3,0.84,0.6552380952380952,0.0,1.0,1.0,1.0,1.0,0.0,1.0,0.0,1.0,0.0,0.0,0.0,0.0,0.0,0.44,0.46939393939393936,0.0,0.36,0.0,0.0,0.0,0.0
G4.2.1,25,25,4,0.96,0.6750000000000002,0.045454545454545456,1.0,0.9583333333333334,0.9583333333333334,1.0,0.0,0.9981060606060607,0.008679120634386053,0.9981060606060607,0.008679120634386053,0.0,0.0,0.0,0.0,0.44,0.4827272727272726,0.0,0.34545454545454546,0.0,0.0,0.0,0.0
G4.2.1,25,50,0,1.0,0.6856000000000003,0.0,1.0,1.0,1.0,1.0,0.0,1.0,0.0,1.0,0.0,0.0,0.0,0.0,0.0,0.68,0.44789215686274514,0.0,0.3258823529411764,0.0,0.0,0.0,0.0
G4.2.1,25,50,1,0.96,0.6950000000000003,0.0,1.0,1.0,1.0,1.0,0.0,1.0,0.0,1.0,0.0,0.0,0.0,0.0,0.0,0.6,0.4595000000000002,0.0,0.3173333333333333,0.0,0.0,0.0,0.0
G4.2.1,25,50,2,1.0,0.6864000000000005,0.0,1.0,1.0,1.0,1.0,0.0,1.0,0.0,1.0,0.0,0.0,0.0,0.0,0.0,0.52,0.4536538461538463,0.0,0.31384615384615383,0.0,0.0,0.0,0.0
G4.2.1,25,50,3,1.0,0.6904000000000005,0.0,1.0,1.0,1.0,1.0,0.0,1.0,0.0,1.0,0.0,0.0,0.0,0.0,0.0,0.76,0.4838596491228072,0.0,0.30947368421052635,0.0,0.0,0.0,0.0
G4.2.1,25,50,4,0.96,0.7050000000000004,0.0,1.0,1.0,1.0,1.0,0.0,1.0,0.0,1.0,0.0,0.0,0.0,0.0,0.0,0.84,0.46384920634920657,0.0,0.300952380952381,0.0,0.0,0.0,0.0
G4.2.1,25,100,0,1.0,0.6888000000000004,0.0,1.0,1.0,1.0,1.0,0.0,1.0,0.0,1.0,0.0,0.0,0.0,0.0,0.0,0.48,0.4579861111111114,0.0,0.31833333333333336,0.0,0.0,0.0,0.0
G4.2.1,25,100,1,1.0,0.6768000000000005,0.0,1.0,1.0,1.0,1.0,0.0,1.0,0.0,1.0,0.0,0.0,0.0,0.0,0.0,0.76,0.46646929824561434,0.0,0.32999999999999996,0.0,0.0,0.0,0.0
G4.2.1,25,100,2,1.0,0.6852000000000004,0.0,1.0,1.0,1.0,1.0,0.0,1.0,0.0,1.0,0.0,0.0,0.0,0.0,0.0,0.76,0.46350877192982476,0.0,0.31526315789473686,0.0,0.0,0.0,0.0
G4.2.1,25,100,3,1.0,0.7008000000000004,0.0,1.0,1.0,1.0,1.0,0.0,1.0,0.0,1.0,0.0,0.0,0.0,0.0,0.0,0.52,0.457820512820513,0.0,0.2946153846153846,0.0,0.0,0.0,0.0
G4.2.1,25,100,4,1.0,0.6988000000000002,0.0,1.0,1.0,1.0,1.0,0.0,1.0,0.0,1.0,0.0,0.0,0.0,0.0,0.0,0.72,0.47655092592592624,0.0,0.3005555555555556,0.0,0.0,0.0,0.0
G4.2.1,50,10,0,0.94,0.6957446808510638,0.0,1.0,1.0,1.0,1.0,0.0,1.0,0.0,1.0,0.0,0.0,0.0,0.0,0.0,0.34,0.45270108043217283,0.0,0.3235294117647059,0.0,0.0,0.0,0.0
G4.2.1,50,10,1,0.96,0.6854166666666667,0.0,1.0,1.0,1.0,1.0,0.0,1.0,0.0,1.0,0.0,0.0,0.0,0.0,0.0,0.32,0.5105867346938775,0.0,0.3125,0.0,0.0,0.0,0.0
G4.2.1,50,10,2,0.98,0.6959183673469387,0.0,1.0,1.0,1.0,1.0,0.0,1.0,0.0,1.0,0.0,0.0,0.0,0.0,0.0,0.36,0.44047619047619047,0.0,0.33333333333333337,0.0,0.0,0.0,0.0
G4.2.1,50,10,3,0.98,0.6959183673469387,0.0,1.0,1.0,1.0,1.0,0.0,1.0,0.0,1.0,0.0,0.0,0.0,0.0,0.0,0.34,0.44705882352941173,0.0,0.32941176470588235,0.0,0.0,0.0,0.0
G4.2.1,50,10,4,0.98,0.7224489795918367,0.0,1.0,1.0,1.0,1.0,0.0,1.0,0.0,1.0,0.0,0.0,0.0,0.0,0.0,0.38,0.484640171858217,0.0,0.28421052631578947,0.0,0.0,0.0,0.0
G4.2.1,50,25,0,0.98,0.7020408163265307,0.0,1.0,1.0,1.0,1.0,0.0,1.0,0.0,1.0,0.0,0.0,0.0,0.0,0.0,0.48,0.47207482993197275,0.0,0.29833333333333334,0.0,0.0,0.0,0.0
G4.2.1,50,25,1,0.98,0.6840816326530613,0.0,1.0,1.0,1.0,1.0,0.0,1.0,0.0,1.0,0.0,0.0,0.0,0.0,0.0,0.34,0.4879231692677071,0.0,0.3035294117647059,0.0,0.0,0.0,0.0
G4.2.1,50,25,2,0.94,0.6970212765957448,0.0,1.0,1.0,1.0,1.0,0.0,1.0,0.0,1.0,0.0,0.0,0.0,0.0,0.0,0.48,0.48374149659863946,0.0,0.30833333333333335,0.0,0.0,0.0,0.0
G4.2.1,50,25,3,0.96,0.7025,0.0,1.0,1.0,1.0,1.0,0.0,1.0,0.0,1.0,0.0,0.0,0.0,0.0,0.0,0.56,0.49239067055393587,0.0,0.3114285714285714,0.0,0.0,0.0,0.0
G4.2.1,50,25,4,0.96,0.6841666666666667,0.0,1.0,1.0,1.0,1.0,0.0,1.0,0.0,1.0,0.0,0.0,0.0,0.0,0.0,0.48,0.47948979591836727,0.0,0.315,0.0,0.0,0.0,0.0
G4.2.1,50,50,0,0.98,0.6910204081632655,0.0,1.0,1.0,1.0,1.0,0.0,1.0,0.0,1.0,0.0,0.0,0.0,0.0,0.0,0.52,0.46847723704866573,0.0,0.3007692307692308,0.0,0.0,0.0,0.0
G4.2.1,50,50,1,0.98,0.6897959183673473,0.0,1.0,1.0,1.0,1.0,0.0,1.0,0.0,1.0,0.0,0.0,0.0,0.0,0.0,0.68,0.4678391356542618,0.0,0.3076470588235294,0.0,0.0,0.0,0.0
G4.2.1,50,50,2,0.96,0.691666666666667,0.0,1.0,1.0,1.0,1.0,0.0,1.0,0.0,1.0,0.0,0.0,0.0,0.0,0.0,0.6,0.47397278911564633,0.0,0.31733333333333336,0.0,0.0,0.0,0.0
G4.2.1,50,50,3,0.98,0.6975510204081637,0.0,1.0,1.0,1.0,1.0,0.0,1.0,0.0,1.0,0.0,0.0,0.0,0.0,0.0,0.58,0.4558620689655173,0.0,0.29517241379310344,0.0,0.0,0.0,0.0
G4.2.1,50,50,4,0.94,0.7106382978723406,0.0,1.0,1.0,1.0,1.0,0.0,1.0,0.0,1.0,0.0,0.0,0.0,0.0,0.0,0.72,0.47292517006802737,0.0,0.28500000000000003,0.0,0.0,0.0,0.0
G4.2.1,50,100,0,0.98,0.7034693877551025,0.0,1.0,1.0,1.0,1.0,0.0,1.0,0.0,1.0,0.0,0.0,0.0,0.0,0.0,0.7,0.46123032069970876,0.0,0.29542857142857143,0.0,0.0,0.0,0.0
G4.2.1,50,100,1,1.0,0.6906000000000003,0.0,1.0,1.0,1.0,1.0,0.0,1.0,0.0,1.0,0.0,0.0,0.0,0.0,0.0,0.62,0.46871626069782774,0.0,0.3093548387096774,0.0,0.0,0.0,0.0
G4.2.1,50,100,2,1.0,0.6944000000000002,0.0,1.0,1.0,1.0,1.0,0.0,1.0,0.0,1.0,0.0,0.0,0.0,0.0,0.0,0.7,0.4628746355685134,0.0,0.30428571428571427,0.0,0.0,0.0,0.0
G4.2.1,50,100,3,1.0,0.6758000000000005,0.0,1.0,1.0,1.0,1.0,0.0,1.0,0.0,1.0,0.0,0.0,0.0,0.0,0.0,0.72,0.46612244897959204,0.0,0.32472222222222225,0.0,0.0,0.0,0.0
G4.2.1,50,100,4,0.98,0.6887755102040821,0.0,1.0,1.0,1.0,1.0,0.0,1.0,0.0,1.0,0.0,0.0,0.0,0.0,0.0,0.7,0.47587755102040846,0.0,0.312,0.0,0.0,0.0,0.0
G4.2.1,100,10,0,0.96,0.7052083333333332,0.0,1.0,1.0,1.0,1.0,0.0,1.0,0.0,1.0,0.0,0.0,0.0,0.0,0.0,0.3,0.4479461279461279,0.0,0.33333333333333326,0.0,0.0,0.0,0.0
G4.2.1,100,10,1,0.92,0.7152173913043478,0.0,1.0,1.0,1.0,1.0,0.0,1.0,0.0,1.0,0.0,0.0,0.0,0.0,0.0,0.29,0.4817136886102404,0.0,0.3,0.0,0.0,0.0,0.0
G4.2.1,100,10,2,0.97,0.7154639175257731,0.0,1.0,1.0,1.0,1.0,0.0,1.0,0.0,1.0,0.0,0.0,0.0,0.0,0.0,0.34,0.49307783719548415,0.0,0.3205882352941177,0.0,0.0,0.0,0.0
G4.2.1,100,10,3,0.9,0.6933333333333332,0.0,1.0,1.0,1.0,1.0,0.0,1.0,0.0,1.0,0.0,0.0,0.0,0.0,0.0,0.3,0.5203367003367003,0.06666666666666667,0.3233333333333333,0.0,0.0,0.0,0.0
G4.2.1,100,10,4,0.95,0.7200000000000001,0.0,1.0,1.0,1.0,1.0,0.0,1.0,0.0,1.0,0.0,0.0,0.0,0.0,0.0,0.3,0.5153872053872054,0.0,0.3000000000000001,0.0,0.0,0.0,0.0
G4.2.1,100,25,0,0.95,0.7027368421052632,0.0,1.0,1.0,1.0,1.0,0.0,1.0,0.0,1.0,0.0,0.0,0.0,0.0,0.0,0.39,0.4688111888111888,0.0,0.316923076923077,0.0,0.0,0.0,0.0
G4.2.1,100,25,1,0.94,0.6957446808510638,0.0,1.0,1.0,1.0,1.0,0.0,1.0,0.0,1.0,0.0,0.0,0.0,0.0,0.0,0.36,0.48548821548821547,0.0,0.31333333333333335,0.0,0.0,0.0,0.0
G4.2.1,100,25,2,0.96,0.6887499999999999,0.0,1.0,1.0,1.0,1.0,0.0,1.0,0.0,1.0,0.0,0.0,0.0,0.0,0.0,0.4,0.48428282828282826,0.0,0.32999999999999996,0.0,0.0,0.0,0.0
G4.2.1,100,25,3,0.96,0.7079166666666667,0.0,1.0,1.0,1.0,1.0,0.0,1.0,0.0,1.0,0.0,0.0,0.0,0.0,0.0,0.37,0.46052962052962054,0.0,0.2983783783783784,0.0,0.0,0.0,0.0
G4.2.1,100,25,4,0.97,0.6898969072164949,0.0,1.0,1.0,1.0,1.0,0.0,1.0,0.0,1.0,0.0,0.0,0.0,0.0,0.0,0.39,0.47848743848743835,0.0,0.3128205128205128,0.0,0.0,0.0,0.0
G4.2.1,100,50,0,1.0,0.7018000000000003,0.0,1.0,1.0,1.0,1.0,0.0,1.0,0.0,1.0,0.0,0.0,0.0,0.0,0.0,0.64,0.4713289141414142,0.0,0.2953125000000001,0.0,0.0,0.0,0.0
G4.2.1,100,50,1,0.97,0.6896907216494849,0.0,1.0,1.0,1.0,1.0,0.0,1.0,0.0,1.0,0.0,0.0,0.0,0.0,0.0,0.6,0.47430639730639734,0.0,0.308,0.0,0.0,0.0,0.0
G4.2.1,100,50,2,0.97,0.6975257731958767,0.0,1.0,1.0,1.0,1.0,0.0,1.0,0.0,1.0,0.0,0.0,0.0,0.0,0.0,0.62,0.46672857608341495,0.0,0.30354838709677423,0.0,0.0,0.0,0.0
G4.2.1,100,50,3,0.99,0.6905050505050507,0.0,1.0,1.0,1.0,1.0,0.0,1.0,0.0,1.0,0.0,0.0,0.0,0.0,0.0,0.6,0.47055555555555567,0.0,0.311,0.0,0.0,0.0,0.0
G4.2.1,100,50,4,0.97,0.693814432989691,0.0,1.0,1.0,1.0,1.0,0.0,1.0,0.0,1.0,0.0,0.0,0.0,0.0,0.0,0.55,0.46941046831955946,0.0,0.29636363636363644,0.0,0.0,0.0,0.0
G4.2.1,100,100,0,1.0,0.6887000000000006,0.0,1.0,1.0,1.0,1.0,0.0,1.0,0.0,1.0,0.0,0.0,0.0,0.0,0.0,0.67,0.4657771747323989,0.0,0.3123880597014925,0.0,0.0,0.0,0.0
G4.2.1,100,100,1,0.99,0.6958585858585862,0.0,1.0,1.0,1.0,1.0,0.0,1.0,0.0,1.0,0.0,0.0,0.0,0.0,0.0,0.74,0.47172672672672694,0.0,0.3035135135135135,0.0,0.0,0.0,0.0
G4.2.1,100,100,2,0.99,0.6951515151515155,0.0,1.0,1.0,1.0,1.0,0.0,1.0,0.0,1.0,0.0,0.0,0.0,0.0,0.0,0.65,0.47149961149961167,0.0,0.30800000000000005,0.0,0.0,0.0,0.0
G4.2.1,100,100,3,1.0,0.6983000000000003,0.0,1.0,1.0,1.0,1.0,0.0,1.0,0.0,1.0,0.0,0.0,0.0,0.0,0.0,0.69,0.46505782462304224,0.0,0.2979710144927536,0.0,0.0,0.0,0.0
G4.2.1,100,100,4,1.0,0.6976000000000003,0.0,1.0,1.0,1.0,1.0,0.0,1.0,0.0,1.0,0.0,0.0,0.0,0.0,0.0,0.61,0.4697317436661702,0.0,0.3031147540983606,0.0,0.0,0.0,0.0
G4.2.2,10,10,0,1.0,0.7699999999999999,0.0,1.0,1.0,1.0,1.0,0.0,1.0,0.0,1.0,0.0,0.0,0.0,0.0,0.0,0.7,0.5777777777777777,0.0,0.2571428571428571,0.0,0.0,0.0,0.0
G4.2.2,10,10,1,1.0,0.71,0.0,1.0,1.0,1.0,1.0,0.0,1.0,0.0,1.0,0.0,0.0,0.0,0.0,0.0,0.5,0.4111111111111111,0.0,0.24,0.0,0.0,0.0,0.0
G4.2.2,10,10,2,0.9,0.6444444444444444,0.09523809523809523,1.0,0.8888888888888888,0.8888888888888888,1.0,0.0,0.9947089947089948,0.02366209499999778,0.9947089947089948,0.02366209499999778,0.0,0.0,0.0,0.0,0.5,0.48888888888888893,0.0,0.4,0.0,0.0,0.0,0.0
G4.2.2,10,10,3,0.9,0.6888888888888889,0.0,1.0,1.0,1.0,1.0,0.0,1.0,0.0,1.0,0.0,0.0,0.0,0.0,0.0,0.4,0.4944444444444444,0.0,0.4,0.0,0.0,0.0,0.0
G4.2.2,10,10,4,1.0,0.7,0.0,1.0,1.0,1.0,1.0,0.0,1.0,0.0,1.0,0.0,0.0,0.0,0.0,0.0,0.6,0.4592592592592593,0.0,0.3166666666666667,0.0,0.0,0.0,0.0
G4.2.2,10,25,0,0.9,0.68,0.0,1.0,1.0,1.0,1.0,0.0,1.0,0.0,1.0,0.0,0.0,0.0,0.0,0.0,0.4,0.4177777777777778,0.0,0.37000000000000005,0.0,0.0,0.0,0.0
G4.2.2,10,25,1,0.9,0.6755555555555556,0.0,1.0,1.0,1.0,1.0,0.0,1.0,0.0,1.0,0.0,0.0,0.0,0.0,0.0,0.5,0.48533333333333334,0.0,0.392,0.0,0.0,0.0,0.0
G4.2.2,10,25,2,1.0,0.6719999999999999,0.034482758620689655,1.0,0.9,0.9,1.0,0.0,0.996551724137931,0.01824656076596269,0.996551724137931,0.01824656076596269,0.0,0.0,0.0,0.0,0.7,0.45015873015873004,0.0,0.37142857142857144,0.0,0.0,0.0,0.0
G4.2.2,10,25,3,1.0,0.696,0.0,1.0,1.0,1.0,1.0,0.0,1.0,0.0,1.0,0.0,0.0,0.0,0.0,0.0,0.4,0.4344444444444444,0.0,0.4,0.0,0.0,0.0,0.0
G4.2.2,10,25,4,1.0,0.732,0.0,1.0,1.0,1.0,1.0,0.0,1.0,0.0,1.0,0.0,0.0,0.0,0.0,0.0,0.5,0.46577777777777774,0.0,0.336,0.0,0.0,0.0,0.0
G4.2.2,10,50,0,0.9,0.7066666666666669,0.0,1.0,1.0,1.0,1.0,0.0,1.0,0.0,1.0,0.0,0.0,0.0,0.0,0.0,0.7,0.4911111111111112,0.0,0.3028571428571429,0.0,0.0,0.0,0.0
G4.2.2,10,50,1,0.9,0.7111111111111115,0.03333333333333333,0.8888888888888888,1.0,0.8888888888888888,0.9962962962962963,0.01994505484123891,1.0,0.0,0.9962962962962963,0.01994505484123891,0.0,0.0,0.0,0.0,0.5,0.4720000000000001,0.0,0.34,0.0,0.0,0.0,0.0
G4.2.2,10,50,2,1.0,0.6880000000000004,0.0,1.0,1.0,1.0,1.0,0.0,1.0,0.0,1.0,0.0,0.0,0.0,0.0,0.0,0.7,0.4580952380952382,0.0,0.3228571428571429,0.0,0.0,0.0,0.0
G4.2.2,10,50,3,1.0,0.6620000000000004,0.03571428571428571,1.0,0.9,0.9,1.0,0.0,0.9964285714285713,0.01855768722395225,0.9964285714285713,0.01855768722395225,0.0,0.0,0.0,0.0,0.6,0.47481481481481486,0.0,0.39333333333333337,0.0,0.0,0.0,0.0
G4.2.2,10,50,4,0.9,0.7000000000000003,0.0,1.0,1.0,1.0,1.0,0.0,1.0,0.0,1.0,0.0,0.0,0.0,0.0,0.0,0.5,0.46177777777777795,0.0,0.42400000000000004,0.0,0.0,0.0,0.0
G4.2.2,10,100,0,1.0,0.6880000000000004,0.0,1.0,1.0,1.0,1.0,0.0,1.0,0.0,1.0,0.0,0.0,0.0,0.0,0.0,0.6,0.476851851851852,0.0,0.36000000000000004,0.0,0.0,0.0,0.0
G4.2.2,10,100,1,1.0,0.7020000000000005,0.0,1.0,1.0,1.0,1.0,0.0,1.0,0.0,1.0,0.0,0.0,0.0,0.0,0.0,0.7,0.4820634920634923,0.0,0.3157142857142857,0.0,0.0,0.0,0.0
G4.2.2,10,100,2,1.0,0.6730000000000003,0.0,1.0,1.0,1.0,1.0,0.0,1.0,0.0,1.0,0.0,0.0,0.0,0.0,0.0,0.5,0.457777777777778,0.0,0.41,0.0,0.0,0.0,0.0
G4.2.2,10,100,3,1.0,0.6860000000000004,0.0,1.0,1.0,1.0,1.0,0.0,1.0,0.0,1.0,0.0,0.0,0.0,0.0,0.0,0.0,0.0,0.0,0.0,0.0,0.0,0.0,0.0
G4.2.2,10,100,4,1.0,0.6690000000000004,0.0,1.0,1.0,1.0,1.0,0.0,1.0,0.0,1.0,0.0,0.0,0.0,0.0,0.0,0.5,0.4415555555555558,0.0,0.418,0.0,0.0,0.0,0.0
G4.2.2,25,10,0,0.92,0.7739130434782607,0.0,1.0,1.0,1.0,1.0,0.0,1.0,0.0,1.0,0.0,0.0,0.0,0.0,0.0,0.24,0.4729166666666667,0.0,0.3333333333333333,0.0,0.0,0.0,0.0
G4.2.2,25,10,1,0.96,0.6875,0.0,1.0,1.0,1.0,1.0,0.0,1.0,0.0,1.0,0.0,0.0,0.0,0.0,0.0,0.48,0.45798611111111115,0.0,0.31666666666666665,0.0,0.0,0.0,0.0
G4.2.2,25,10,2,0.88,0.6454545454545454,0.0,1.0,1.0,1.0,1.0,0.0,1.0,0.0,1.0,0.0,0.0,0.0,0.0,0.0,0.6,0.5141666666666667,0.06666666666666667,0.40666666666666657,0.0,0.0,0.0,0.0
G4.2.2,25,10,3,1.0,0.7239999999999999,0.0,1.0,1.0,1.0,1.0,0.0,1.0,0.0,1.0,0.0,0.0,0.0,0.0,0.0,0.48,0.5048611111111111,0.0,0.27499999999999997,0.0,0.0,0.0,0.0
G4.2.2,25,10,4,0.84,0.7047619047619047,0.0,1.0,1.0,1.0,1.0,0.0,1.0,0.0,1.0,0.0,0.0,0.0,0.0,0.0,0.48,0.5145833333333333,0.0,0.3,0.0,0.0,0.0,0.0
G4.2.2,25,25,0,0.96,0.7000000000000001,0.0,1.0,1.0,1.0,1.0,0.0,1.0,0.0,1.0,0.0,0.0,0.0,0.0,0.0,0.48,0.4669444444444444,0.0,0.33666666666666667,0.0,0.0,0.0,0.0
G4.2.2,25,25,1,0.88,0.7000000000000002,0.0,1.0,1.0,1.0,1.0,0.0,1.0,0.0,1.0,0.0,0.0,0.0,0.0,0.0,0.6,0.5035555555555555,0.0,0.2853333333333334,0.0,0.0,0.0,0.0
G4.2.2,25,25,2,0.96,0.7400000000000001,0.0,1.0,1.0,1.0,1.0,0.0,1.0,0.0,1.0,0.0,0.0,0.0,0.0,0.0,0.52,0.4932051282051281,0.0,0.2584615384615386,0.0,0.0,0.0,0.0
G4.2.2,25,25,3,0.92,0.7286956521739133,0.0,1.0,1.0,1.0,1.0,0.0,1.0,0.0,1.0,0.0,0.0,0.0,0.0,0.0,0.56,0.471547619047619,0.0,0.2914285714285714,0.0,0.0,0.0,0.0
G4.2.2,25,25,4,0.96,0.6583333333333333,0.0,1.0,1.0,1.0,1.0,0.0,1.0,0.0,1.0,0.0,0.0,0.0,0.0,0.0,0.4,0.4468333333333333,0.0,0.32000000000000006,0.0,0.0,0.0,0.0
G4.2.2,25,50,0,1.0,0.6984000000000004,0.0,1.0,1.0,1.0,1.0,0.0,1.0,0.0,1.0,0.0,0.0,0.0,0.0,0.0,0.56,0.46446428571428583,0.0,0.31428571428571433,0.0,0.0,0.0,0.0
G4.2.2,25,50,1,0.96,0.6966666666666669,0.0,1.0,1.0,1.0,1.0,0.0,1.0,0.0,1.0,0.0,0.0,0.0,0.0,0.0,0.76,0.4840350877192984,0.0,0.3157894736842105,0.0,0.0,0.0,0.0
G4.2.2,25,50,2,1.0,0.6904000000000003,0.0,1.0,1.0,1.0,1.0,0.0,1.0,0.0,1.0,0.0,0.0,0.0,0.0,0.0,0.68,0.47264705882352953,0.0,0.30941176470588233,0.0,0.0,0.0,0.0
G4.2.2,25,50,3,0.96,0.6858333333333336,0.0,1.0,1.0,1.0,1.0,0.0,1.0,0.0,1.0,0.0,0.0,0.0,0.0,0.0,0.8,0.4885416666666669,0.0,0.31500000000000006,0.0,0.0,0.0,0.0
G4.2.2,25,50,4,1.0,0.6888000000000002,0.0,1.0,1.0,1.0,1.0,0.0,1.0,0.0,1.0,0.0,0.0,0.0,0.0,0.0,0.52,0.46679487179487195,0.0,0.31999999999999995,0.0,0.0,0.0,0.0
G4.2.2,25,100,0,0.96,0.6879166666666671,0.0,1.0,1.0,1.0,1.0,0.0,1.0,0.0,1.0,0.0,0.0,0.0,0.0,0.0,0.72,0.45708333333333356,0.0,0.32333333333333336,0.0,0.0,0.0,0.0
G4.2.2,25,100,1,1.0,0.6932000000000005,0.0,1.0,1.0,1.0,1.0,0.0,1.0,0.0,1.0,0.0,0.0,0.0,0.0,0.0,0.8,0.4797083333333335,0.0,0.30850000000000005,0.0,0.0,0.0,0.0
G4.2.2,25,100,2,1.0,0.6796000000000003,0.0,1.0,1.0,1.0,1.0,0.0,1.0,0.0,1.0,0.0,0.0,0.0,0.0,0.0,0.64,0.4598697916666669,0.0,0.313125,0.0,0.0,0.0,0.0
G4.2.2,25,100,3,1.0,0.7016000000000002,0.0,1.0,1.0,1.0,1.0,0.0,1.0,0.0,1.0,0.0,0.0,0.0,0.0,0.0,0.76,0.47440789473684236,0.0,0.28578947368421054,0.0,0.0,0.0,0.0
G4.2.2,25,100,4,1.0,0.6980000000000004,0.0,1.0,1.0,1.0,1.0,0.0,1.0,0.0,1.0,0.0,0.0,0.0,0.0,0.0,0.52,0.4799679487179489,0.0,0.32,0.0,0.0,0.0,0.0
G4.2.2,50,10,0,0.9,0.7133333333333332,0.0,1.0,1.0,1.0,1.0,0.0,1.0,0.0,1.0,0.0,0.0,0.0,0.0,0.0,0.34,0.4962785114045618,0.058823529411764705,0.32352941176470595,0.0,0.0,0.0,0.0
G4.2.2,50,10,1,0.92,0.7173913043478259,0.0,1.0,1.0,1.0,1.0,0.0,1.0,0.0,1.0,0.0,0.0,0.0,0.0,0.0,0.38,0.472610096670247,0.0,0.2473684210526316,0.0,0.0,0.0,0.0
G4.2.2,50,10,2,0.94,0.7212765957446808,0.0,1.0,1.0,1.0,1.0,0.0,1.0,0.0,1.0,0.0,0.0,0.0,0.0,0.0,0.38,0.45574650912996784,0.0,0.28421052631578947,0.0,0.0,0.0,0.0
G4.2.2,50,10,3,0.96,0.6791666666666666,0.0,1.0,1.0,1.0,1.0,0.0,1.0,0.0,1.0,0.0,0.0,0.0,0.0,0.0,0.36,0.4837868480725624,0.0,0.2888888888888889,0.0,0.0,0.0,0.0
G4.2.2,50,10,4,0.92,0.6956521739130435,0.0,1.0,1.0,1.0,1.0,0.0,1.0,0.0,1.0,0.0,0.0,0.0,0.0,0.0,0.36,0.4890022675736962,0.0,0.3055555555555556,0.0,0.0,0.0,0.0
G4.2.2,50,25,0,0.98,0.7004081632653061,0.0,1.0,1.0,1.0,1.0,0.0,1.0,0.0,1.0,0.0,0.0,0.0,0.0,0.0,0.42,0.47681243926141875,0.0,0.29714285714285715,0.0,0.0,0.0,0.0
G4.2.2,50,25,1,1.0,0.7024000000000001,0.0,1.0,1.0,1.0,1.0,0.0,1.0,0.0,1.0,0.0,0.0,0.0,0.0,0.0,0.44,0.4797773654916513,0.0,0.31454545454545463,0.0,0.0,0.0,0.0
G4.2.2,50,25,2,0.96,0.6833333333333335,0.0,1.0,1.0,1.0,1.0,0.0,1.0,0.0,1.0,0.0,0.0,0.0,0.0,0.0,0.3,0.4866938775510203,0.0,0.32266666666666666,0.0,0.0,0.0,0.0
G4.2.2,50,25,3,1.0,0.7143999999999999,0.0,1.0,1.0,1.0,1.0,0.0,1.0,0.0,1.0,0.0,0.0,0.0,0.0,0.0,0.42,0.45725947521865884,0.0,0.2800000000000001,0.0,0.0,0.0,0.0
G4.2.2,50,25,4,0.98,0.6783673469387754,0.0,1.0,1.0,1.0,1.0,0.0,1.0,0.0,1.0,0.0,0.0,0.0,0.0,0.0,0.46,0.4750310559006211,0.0,0.30608695652173923,0.0,0.0,0.0,0.0
G4.2.2,50,50,0,0.98,0.7134693877551024,0.0,1.0,1.0,1.0,1.0,0.0,1.0,0.0,1.0,0.0,0.0,0.0,0.0,0.0,0.58,0.47234342012667146,0.0,0.29793103448275865,0.0,0.0,0.0,0.0
G4.2.2,50,50,1,0.94,0.7085106382978725,0.0,1.0,1.0,1.0,1.0,0.0,1.0,0.0,1.0,0.0,0.0,0.0,0.0,0.0,0.7,0.4749854227405249,0.0,0.2948571428571429,0.0,0.0,0.0,0.0
G4.2.2,50,50,2,0.98,0.6881632653061227,0.0,1.0,1.0,1.0,1.0,0.0,1.0,0.0,1.0,0.0,0.0,0.0,0.0,0.0,0.66,0.4660729746444033,0.0,0.31212121212121213,0.0,0.0,0.0,0.0
G4.2.2,50,50,3,1.0,0.7036000000000004,0.0,1.0,1.0,1.0,1.0,0.0,1.0,0.0,1.0,0.0,0.0,0.0,0.0,0.0,0.6,0.4725170068027212,0.0,0.3066666666666667,0.0,0.0,0.0,0.0
G4.2.2,50,50,4,0.98,0.7016326530612248,0.0,1.0,1.0,1.0,1.0,0.0,1.0,0.0,1.0,0.0,0.0,0.0,0.0,0.0,0.58,0.4770161857846588,0.0,0.3068965517241379,0.0,0.0,0.0,0.0
G4.2.2,50,100,0,1.0,0.6864000000000003,0.0,1.0,1.0,1.0,1.0,0.0,1.0,0.0,1.0,0.0,0.0,0.0,0.0,0.0,0.68,0.4666266506602643,0.0,0.3111764705882353,0.0,0.0,0.0,0.0
G4.2.2,50,100,1,1.0,0.6928000000000004,0.0,1.0,1.0,1.0,1.0,0.0,1.0,0.0,1.0,0.0,0.0,0.0,0.0,0.0,0.56,0.46552478134110814,0.0,0.3125,0.0,0.0,0.0,0.0
G4.2.2,50,100,2,0.98,0.6924489795918373,0.0,1.0,1.0,1.0,1.0,0.0,1.0,0.0,1.0,0.0,0.0,0.0,0.0,0.0,0.7,0.4754577259475221,0.0,0.308,0.0,0.0,0.0,0.0
G4.2.2,50,100,3,1.0,0.6910000000000005,0.0,1.0,1.0,1.0,1.0,0.0,1.0,0.0,1.0,0.0,0.0,0.0,0.0,0.0,0.66,0.47688930117501566,0.0,0.3136363636363636,0.0,0.0,0.0,0.0
G4.2.2,50,100,4,1.0,0.7054000000000005,0.0,1.0,1.0,1.0,1.0,0.0,1.0,0.0,1.0,0.0,0.0,0.0,0.0,0.0,0.76,0.4736627282491948,0.0,0.2976315789473684,0.0,0.0,0.0,0.0
G4.2.2,100,10,0,0.97,0.7113402061855668,0.0,1.0,1.0,1.0,1.0,0.0,1.0,0.0,1.0,0.0,0.0,0.0,0.0,0.0,0.28,0.49011544011544006,0.0,0.26428571428571435,0.0,0.0,0.0,0.0
G4.2.2,100,10,1,0.99,0.7090909090909089,0.0,1.0,1.0,1.0,1.0,0.0,1.0,0.0,1.0,0.0,0.0,0.0,0.0,0.0,0.33,0.4949494949494949,0.0,0.27575757575757576,0.0,0.0,0.0,0.0
G4.2.2,100,10,2,0.98,0.7010204081632652,0.0,1.0,1.0,1.0,1.0,0.0,1.0,0.0,1.0,0.0,0.0,0.0,0.0,0.0,0.28,0.4737373737373738,0.0,0.28928571428571426,0.0,0.0,0.0,0.0
G4.2.2,100,10,3,0.91,0.6978021978021978,0.0,1.0,1.0,1.0,1.0,0.0,1.0,0.0,1.0,0.0,0.0,0.0,0.0,0.0,0.29,0.48707767328456986,0.0,0.2862068965517241,0.0,0.0,0.0,0.0
G4.2.2,100,10,4,0.95,0.7305263157894735,0.0,1.0,1.0,1.0,1.0,0.0,1.0,0.0,1.0,0.0,0.0,0.0,0.0,0.0,0.34,0.5202911467617349,0.0,0.25882352941176473,0.0,0.0,0.0,0.0
G4.2.2,100,25,0,0.96,0.6974999999999999,0.0,1.0,1.0,1.0,1.0,0.0,1.0,0.0,1.0,0.0,0.0,0.0,0.0,0.0,0.37,0.47147147147147134,0.0,0.2810810810810811,0.0,0.0,0.0,0.0
G4.2.2,100,25,1,0.97,0.6882474226804123,0.0,1.0,1.0,1.0,1.0,0.0,1.0,0.0,1.0,0.0,0.0,0.0,0.0,0.0,0.4,0.4818989898989899,0.0,0.314,0.0,0.0,0.0,0.0
G4.2.2,100,25,2,0.95,0.7014736842105264,0.0,1.0,1.0,1.0,1.0,0.0,1.0,0.0,1.0,0.0,0.0,0.0,0.0,0.0,0.44,0.4906795224977042,0.0,0.3199999999999999,0.0,0.0,0.0,0.0
G4.2.2,100,25,3,0.98,0.7175510204081633,0.0,1.0,1.0,1.0,1.0,0.0,1.0,0.0,1.0,0.0,0.0,0.0,0.0,0.0,0.45,0.4887631874298541,0.0,0.2826666666666666,0.0,0.0,0.0,0.0
G4.2.2,100,25,4,0.98,0.6918367346938775,0.0,1.0,1.0,1.0,1.0,0.0,1.0,0.0,1.0,0.0,0.0,0.0,0.0,0.0,0.43,0.4835236081747709,0.0,0.30883720930232555,0.0,0.0,0.0,0.0
G4.2.2,100,50,0,0.99,0.7012121212121216,0.0,1.0,1.0,1.0,1.0,0.0,1.0,0.0,1.0,0.0,0.0,0.0,0.0,0.0,0.63,0.4725765592432259,0.0,0.2901587301587301,0.0,0.0,0.0,0.0
G4.2.2,100,50,1,0.99,0.6933333333333336,0.0,1.0,1.0,1.0,1.0,0.0,1.0,0.0,1.0,0.0,0.0,0.0,0.0,0.0,0.58,0.46730407523510986,0.0,0.30827586206896557,0.0,0.0,0.0,0.0
G4.2.2,100,50,2,0.97,0.69979381443299,0.0,1.0,1.0,1.0,1.0,0.0,1.0,0.0,1.0,0.0,0.0,0.0,0.0,0.0,0.61,0.4744990892531877,0.0,0.3026229508196721,0.0,0.0,0.0,0.0
G4.2.2,100,50,3,0.98,0.6914285714285717,0.0,1.0,1.0,1.0,1.0,0.0,1.0,0.0,1.0,0.0,0.0,0.0,0.0,0.0,0.56,0.46464285714285725,0.0,0.3164285714285714,0.0,0.0,0.0,0.0
G4.2.2,100,50,4,0.96,0.6983333333333337,0.0,1.0,1.0,1.0,1.0,0.0,1.0,0.0,1.0,0.0,0.0,0.0,0.0,0.0,0.64,0.4694791666666668,0.0,0.3125,0.0,0.0,0.0,0.0
G4.2.2,100,100,0,1.0,0.6955000000000005,0.0,1.0,1.0,1.0,1.0,0.0,1.0,0.0,1.0,0.0,0.0,0.0,0.0,0.0,0.68,0.4647846108140228,0.0,0.30867647058823533,0.0,0.0,0.0,0.0
G4.2.2,100,100,1,1.0,0.6900000000000004,0.0,1.0,1.0,1.0,1.0,0.0,1.0,0.0,1.0,0.0,0.0,0.0,0.0,0.0,0.7,0.4678340548340551,0.0,0.31214285714285706,0.0,0.0,0.0,0.0
G4.2.2,100,100,2,0.99,0.6948484848484855,0.0,1.0,1.0,1.0,1.0,0.0,1.0,0.0,1.0,0.0,0.0,0.0,0.0,0.0,0.61,0.4716873654578574,0.0,0.30409836065573764,0.0,0.0,0.0,0.0
G4.2.2,100,100,3,1.0,0.6961000000000004,0.0,1.0,1.0,1.0,1.0,0.0,1.0,0.0,1.0,0.0,0.0,0.0,0.0,0.0,0.62,0.47290159661127434,0.0,0.30854838709677423,0.0,0.0,0.0,0.0
G4.2.2,100,100,4,1.0,0.6979000000000003,0.0,1.0,1.0,1.0,1.0,0.0,1.0,0.0,1.0,0.0,0.0,0.0,0.0,0.0,0.69,0.4695432586736937,0.0,0.30681159420289855,0.0,0.0,0.0,0.0
G4.2.3,10,10,0,1.0,0.6699999999999999,0.0,1.0,1.0,1.0,1.0,0.0,1.0,0.0,1.0,0.0,0.0,0.0,0.0,0.0,0.7,0.553968253968254,0.0,0.3571428571428571,0.0,0.0,0.0,0.0
G4.2.3,10,10,1,0.8,0.7625,0.013513513513513514,0.875,1.0,0.875,0.9983108108108109,0.014432438758982315,1.0,0.0,0.9983108108108109,0.014432438758982315,0.0,0.0,0.0,0.0,0.4,0.5222222222222221,0.0,0.25,0.0,0.0,0.0,0.0
G4.2.3,10,10,2,1.0,0.6900000000000001,0.0,1.0,1.0,1.0,1.0,0.0,1.0,0.0,1.0,0.0,0.0,0.0,0.0,0.0,0.4,0.46111111111111114,0.0,0.25,0.0,0.0,0.0,0.0
G4.2.3,10,10,3,0.9,0.7333333333333333,0.0,1.0,1.0,1.0,1.0,0.0,1.0,0.0,1.0,0.0,0.0,0.0,0.0,0.0,0.7,0.5015873015873016,0.0,0.2714285714285714,0.0,0.0,0.0,0.0
G4.2.3,10,10,4,0.9,0.7000000000000001,0.0,1.0,1.0,1.0,1.0,0.0,1.0,0.0,1.0,0.0,0.0,0.0,0.0,0.0,0.4,0.46111111111111114,0.0,0.325,0.0,0.0,0.0,0.0
G4.2.3,10,25,0,1.0,0.716,0.0,1.0,1.0,1.0,1.0,0.0,1.0,0.0,1.0,0.0,0.0,0.0,0.0,0.0,0.3,0.557037037037037,0.0,0.3333333333333333,0.0,0.0,0.0,0.0
G4.2.3,10,25,1,1.0,0.6799999999999999,0.0,1.0,1.0,1.0,1.0,0.0,1.0,0.0,1.0,0.0,0.0,0.0,0.0,0.0,0.7,0.5161904761904761,0.0,0.3657142857142857,0.0,0.0,0.0,0.0
G4.2.3,10,25,2,1.0,0.688,0.0,1.0,1.0,1.0,1.0,0.0,1.0,0.0,1.0,0.0,0.0,0.0,0.0,0.0,0.5,0.4782222222222221,0.0,0.43200000000000005,0.0,0.0,0.0,0.0
G4.2.3,10,25,3,1.0,0.6479999999999999,0.01282051282051282,1.0,0.9,0.9,1.0,0.0,0.9987179487179488,0.01124995434281041,0.9987179487179488,0.01124995434281041,0.0,0.0,0.0,0.0,0.7,0.4819047619047619,0.0,0.3542857142857142,0.0,0.0,0.0,0.0
G4.2.3,10,25,4,1.0,0.6839999999999999,0.014492753623188406,0.9,0.9,0.8,0.9985507246376812,0.011951030798891767,0.9985507246376812,0.011951030798891767,0.9971014492753623,0.023902061597783526,0.0,0.0,0.0,0.0,0.6,0.44222222222222224,0.0,0.3266666666666666,0.0,0.0,0.0,0.0
G4.2.3,10,50,0,0.9,0.666666666666667,0.06329113924050633,0.8888888888888888,0.6666666666666667,0.5555555555555556,0.9985935302390998,0.01242160459399135,0.995253164556962,0.023891881124274525,0.9938466947960618,0.02667893707261832,0.0,0.0,0.0,0.0,0.6,0.45407407407407413,0.0,0.36333333333333334,0.0,0.0,0.0,0.0
G4.2.3,10,50,1,1.0,0.6580000000000004,0.0,1.0,1.0,1.0,1.0,0.0,1.0,0.0,1.0,0.0,0.0,0.0,0.0,0.0,0.8,0.46472222222222237,0.0,0.365,0.0,0.0,0.0,0.0
G4.2.3,10,50,2,1.0,0.6920000000000004,0.0,1.0,1.0,1.0,1.0,0.0,1.0,0.0,1.0,0.0,0.0,0.0,0.0,0.0,0.2,0.47444444444444456,0.0,0.52,0.0,0.0,0.0,0.0
G4.2.3,10,50,3,1.0,0.7000000000000004,0.03076923076923077,0.9,0.9,0.8,0.9984615384615385,0.012307692307692308,0.9984615384615385,0.012307692307692308,0.9969230769230769,0.017269187938956647,0.0,0.0,0.0,0.0,0.8,0.4852777777777779,0.0,0.28250000000000003,0.0,0.0,0.0,0.0
G4.2.3,10,50,4,1.0,0.6760000000000004,0.0,1.0,1.0,1.0,1.0,0.0,1.0,0.0,1.0,0.0,0.0,0.0,0.0,0.0,0.7,0.4511111111111113,0.0,0.3485714285714286,0.0,0.0,0.0,0.0
G4.2.3,10,100,0,1.0,0.7060000000000004,0.0,1.0,1.0,1.0,1.0,0.0,1.0,0.0,1.0,0.0,0.0,0.0,0.0,0.0,0.6,0.4679629629629632,0.0,0.34166666666666673,0.0,0.0,0.0,0.0
G4.2.3,10,100,1,1.0,0.7080000000000004,0.0,1.0,1.0,1.0,1.0,0.0,1.0,0.0,1.0,0.0,0.0,0.0,0.0,0.0,0.8,0.4629166666666669,0.0,0.3175,0.0,0.0,0.0,0.0
G4.2.3,10,100,2,1.0,0.6890000000000004,0.013333333333333334,1.0,0.9,0.9,1.0,0.0,0.9986666666666667,0.011469767022723499,0.9986666666666667,0.011469767022723499,0.0,0.0,0.0,0.0,0.9,0.47432098765432124,0.0,0.3111111111111111,0.0,0.0,0.0,0.0
G4.2.3,10,100,3,1.0,0.6750000000000004,0.0,1.0,1.0,1.0,1.0,0.0,1.0,0.0,1.0,0.0,0.0,0.0,0.0,0.0,0.6,0.4611111111111113,0.0,0.3833333333333333,0.0,0.0,0.0,0.0
G4.2.3,10,100,4,1.0,0.6710000000000003,0.0,1.0,1.0,1.0,1.0,0.0,1.0,0.0,1.0,0.0,0.0,0.0,0.0,0.0,0.7,0.47015873015873044,0.0,0.3671428571428571,0.0,0.0,0.0,0.0
G4.2.3,25,10,0,0.96,0.6875,0.0,1.0,1.0,1.0,1.0,0.0,1.0,0.0,1.0,0.0,0.0,0.0,0.0,0.0,0.48,0.4625000000000001,0.0,0.3333333333333333,0.0,0.0,0.0,0.0
G4.2.3,25,10,1,0.96,0.7083333333333331,0.0,1.0,1.0,1.0,1.0,0.0,1.0,0.0,1.0,0.0,0.0,0.0,0.0,0.0,0.36,0.4861111111111111,0.1111111111111111,0.3111111111111111,0.0,0.0,0.0,0.0
G4.2.3,25,10,2,0.96,0.7166666666666667,0.0,1.0,1.0,1.0,1.0,0.0,1.0,0.0,1.0,0.0,0.0,0.0,0.0,0.0,0.28,0.49880952380952376,0.0,0.3285714285714286,0.0,0.0,0.0,0.0
G4.2.3,25,10,3,1.0,0.708,0.0,1.0,1.0,1.0,1.0,0.0,1.0,0.0,1.0,0.0,0.0,0.0,0.0,0.0,0.48,0.5065972222222223,0.0,0.275,0.0,0.0,0.0,0.0
G4.2.3,25,10,4,1.0,0.7519999999999999,0.0,1.0,1.0,1.0,1.0,0.0,1.0,0.0,1.0,0.0,0.0,0.0,0.0,0.0,0.44,0.49999999999999994,0.0,0.309090909090909,0.0,0.0,0.0,0.0
G4.2.3,25,25,0,1.0,0.7024000000000001,0.0,1.0,1.0,1.0,1.0,0.0,1.0,0.0,1.0,0.0,0.0,0.0,0.0,0.0,0.64,0.4836458333333333,0.0,0.32000000000000006,0.0,0.0,0.0,0.0
G4.2.3,25,25,1,1.0,0.7071999999999999,0.0,1.0,1.0,1.0,1.0,0.0,1.0,0.0,1.0,0.0,0.0,0.0,0.0,0.0,0.48,0.4770833333333333,0.0,0.3066666666666667,0.0,0.0,0.0,0.0
G4.2.3,25,25,2,0.92,0.7200000000000001,0.014285714285714285,1.0,0.9565217391304348,0.9565217391304348,1.0,0.0,0.9993788819875776,0.00515939370367582,0.9993788819875776,0.00515939370367582,0.0,0.0,0.0,0.0,0.36,0.4511111111111111,0.0,0.3022222222222222,0.0,0.0,0.0,0.0
G4.2.3,25,25,3,0.96,0.7016666666666668,0.0,1.0,1.0,1.0,1.0,0.0,1.0,0.0,1.0,0.0,0.0,0.0,0.0,0.0,0.52,0.4852564102564102,0.0,0.2923076923076923,0.0,0.0,0.0,0.0
G4.2.3,25,25,4,0.92,0.6834782608695653,0.0,1.0,1.0,1.0,1.0,0.0,1.0,0.0,1.0,0.0,0.0,0.0,0.0,0.0,0.48,0.4781944444444444,0.0,0.3233333333333333,0.0,0.0,0.0,0.0
G4.2.3,25,50,0,1.0,0.6872000000000003,0.0,1.0,1.0,1.0,1.0,0.0,1.0,0.0,1.0,0.0,0.0,0.0,0.0,0.0,0.72,0.4587037037037038,0.0,0.29888888888888887,0.0,0.0,0.0,0.0
G4.2.3,25,50,1,0.96,0.6900000000000004,0.0,1.0,1.0,1.0,1.0,0.0,1.0,0.0,1.0,0.0,0.0,0.0,0.0,0.0,0.72,0.45671296296296304,0.0,0.3188888888888889,0.0,0.0,0.0,0.0
G4.2.3,25,50,2,1.0,0.6704000000000003,0.0,1.0,1.0,1.0,1.0,0.0,1.0,0.0,1.0,0.0,0.0,0.0,0.0,0.0,0.64,0.44901041666666675,0.0,0.35,0.0,0.0,0.0,0.0
G4.2.3,25,50,3,1.0,0.6960000000000002,0.0,1.0,1.0,1.0,1.0,0.0,1.0,0.0,1.0,0.0,0.0,0.0,0.0,0.0,0.68,0.48377450980392167,0.0,0.3094117647058824,0.0,0.0,0.0,0.0
G4.2.3,25,50,4,0.96,0.7133333333333337,0.0,1.0,1.0,1.0,1.0,0.0,1.0,0.0,1.0,0.0,0.0,0.0,0.0,0.0,0.56,0.45166666666666677,0.0,0.2757142857142857,0.0,0.0,0.0,0.0
G4.2.3,25,100,0,1.0,0.6964000000000005,0.0,1.0,1.0,1.0,1.0,0.0,1.0,0.0,1.0,0.0,0.0,0.0,0.0,0.0,0.64,0.4783333333333336,0.0,0.291875,0.0,0.0,0.0,0.0
G4.2.3,25,100,1,1.0,0.6860000000000004,0.0,1.0,1.0,1.0,1.0,0.0,1.0,0.0,1.0,0.0,0.0,0.0,0.0,0.0,0.68,0.465294117647059,0.0,0.3094117647058824,0.0,0.0,0.0,0.0
G4.2.3,25,100,2,1.0,0.6960000000000004,0.0,1.0,1.0,1.0,1.0,0.0,1.0,0.0,1.0,0.0,0.0,0.0,0.0,0.0,0.52,0.46179487179487205,0.0,0.3169230769230769,0.0,0.0,0.0,0.0
G4.2.3,25,100,3,1.0,0.6972000000000003,0.0,1.0,1.0,1.0,1.0,0.0,1.0,0.0,1.0,0.0,0.0,0.0,0.0,0.0,0.68,0.4678676470588238,0.0,0.3070588235294118,0.0,0.0,0.0,0.0
G4.2.3,25,100,4,1.0,0.6884000000000003,0.0,1.0,1.0,1.0,1.0,0.0,1.0,0.0,1.0,0.0,0.0,0.0,0.0,0.0,0.76,0.46888157894736865,0.0,0.31052631578947365,0.0,0.0,0.0,0.0
G4.2.3,50,10,0,0.96,0.7229166666666665,0.0,1.0,1.0,1.0,1.0,0.0,1.0,0.0,1.0,0.0,0.0,0.0,0.0,0.0,0.32,0.4642857142857143,0.0,0.34375,0.0,0.0,0.0,0.0
G4.2.3,50,10,1,0.88,0.7068181818181818,0.0,1.0,1.0,1.0,1.0,0.0,1.0,0.0,1.0,0.0,0.0,0.0,0.0,0.0,0.36,0.4866213151927438,0.0,0.30000000000000004,0.0,0.0,0.0,0.0
G4.2.3,50,10,2,0.92,0.6782608695652173,0.0,1.0,1.0,1.0,1.0,0.0,1.0,0.0,1.0,0.0,0.0,0.0,0.0,0.0,0.38,0.470998925886144,0.0,0.31052631578947365,0.0,0.0,0.0,0.0
G4.2.3,50,10,3,0.98,0.7306122448979592,0.0,1.0,1.0,1.0,1.0,0.0,1.0,0.0,1.0,0.0,0.0,0.0,0.0,0.0,0.3,0.46816326530612246,0.0,0.25333333333333335,0.0,0.0,0.0,0.0
G4.2.3,50,10,4,0.96,0.6604166666666667,0.0,1.0,1.0,1.0,1.0,0.0,1.0,0.0,1.0,0.0,0.0,0.0,0.0,0.0,0.42,0.46161321671525746,0.0,0.33809523809523817,0.0,0.0,0.0,0.0
G4.2.3,50,25,0,0.92,0.699130434782609,0.0,1.0,1.0,1.0,1.0,0.0,1.0,0.0,1.0,0.0,0.0,0.0,0.0,0.0,0.36,0.45433106575963716,0.0,0.3177777777777778,0.0,0.0,0.0,0.0
G4.2.3,50,25,1,0.94,0.7055319148936171,0.0,1.0,1.0,1.0,1.0,0.0,1.0,0.0,1.0,0.0,0.0,0.0,0.0,0.0,0.5,0.48486530612244894,0.0,0.29600000000000004,0.0,0.0,0.0,0.0
G4.2.3,50,25,2,0.98,0.6881632653061224,0.0,1.0,1.0,1.0,1.0,0.0,1.0,0.0,1.0,0.0,0.0,0.0,0.0,0.0,0.54,0.48919123204837484,0.0,0.31259259259259264,0.0,0.0,0.0,0.0
G4.2.3,50,25,3,0.98,0.7004081632653061,0.0,1.0,1.0,1.0,1.0,0.0,1.0,0.0,1.0,0.0,0.0,0.0,0.0,0.0,0.4,0.48199999999999993,0.0,0.2840000000000001,0.0,0.0,0.0,0.0
G4.2.3,50,25,4,1.0,0.6992,0.0,1.0,1.0,1.0,1.0,0.0,1.0,0.0,1.0,0.0,0.0,0.0,0.0,0.0,0.48,0.483265306122449,0.0,0.3183333333333333,0.0,0.0,0.0,0.0
G4.2.3,50,50,0,0.98,0.6983673469387759,0.0,1.0,1.0,1.0,1.0,0.0,1.0,0.0,1.0,0.0,0.0,0.0,0.0,0.0,0.62,0.47431204739960514,0.0,0.3090322580645162,0.0,0.0,0.0,0.0
G4.2.3,50,50,1,0.98,0.702448979591837,0.0,1.0,1.0,1.0,1.0,0.0,1.0,0.0,1.0,0.0,0.0,0.0,0.0,0.0,0.52,0.47350078492935643,0.0,0.29769230769230776,0.0,0.0,0.0,0.0
G4.2.3,50,50,2,0.98,0.6910204081632656,0.0,1.0,1.0,1.0,1.0,0.0,1.0,0.0,1.0,0.0,0.0,0.0,0.0,0.0,0.66,0.47337043908472487,0.0,0.3187878787878788,0.0,0.0,0.0,0.0
G4.2.3,50,50,3,1.0,0.6924000000000002,0.0,1.0,1.0,1.0,1.0,0.0,1.0,0.0,1.0,0.0,0.0,0.0,0.0,0.0,0.68,0.4812124849939977,0.0,0.3111764705882353,0.0,0.0,0.0,0.0
G4.2.3,50,50,4,1.0,0.6844000000000005,0.0,1.0,1.0,1.0,1.0,0.0,1.0,0.0,1.0,0.0,0.0,0.0,0.0,0.0,0.62,0.4770901909150758,0.0,0.3270967741935484,0.0,0.0,0.0,0.0
G4.2.3,50,100,0,1.0,0.7046000000000003,0.0,1.0,1.0,1.0,1.0,0.0,1.0,0.0,1.0,0.0,0.0,0.0,0.0,0.0,0.68,0.4654561824729894,0.0,0.29,0.0,0.0,0.0,0.0
G4.2.3,50,100,1,1.0,0.6880000000000004,0.0,1.0,1.0,1.0,1.0,0.0,1.0,0.0,1.0,0.0,0.0,0.0,0.0,0.0,0.6,0.46909523809523823,0.0,0.323,0.0,0.0,0.0,0.0
G4.2.3,50,100,2,1.0,0.6926000000000004,0.0,1.0,1.0,1.0,1.0,0.0,1.0,0.0,1.0,0.0,0.0,0.0,0.0,0.0,0.66,0.484718614718615,0.0,0.3121212121212121,0.0,0.0,0.0,0.0
G4.2.3,50,100,3,1.0,0.7010000000000004,0.0,1.0,1.0,1.0,1.0,0.0,1.0,0.0,1.0,0.0,0.0,0.0,0.0,0.0,0.66,0.4680272108843539,0.0,0.30151515151515157,0.0,0.0,0.0,0.0
G4.2.3,50,100,4,1.0,0.7076000000000003,0.0,1.0,1.0,1.0,1.0,0.0,1.0,0.0,1.0,0.0,0.0,0.0,0.0,0.0,0.66,0.47518862090290687,0.0,0.283030303030303,0.0,0.0,0.0,0.0
G4.2.3,100,10,0,0.93,0.6913978494623656,0.0,1.0,1.0,1.0,1.0,0.0,1.0,0.0,1.0,0.0,0.0,0.0,0.0,0.0,0.27,0.4883277216610549,0.0,0.3444444444444445,0.0,0.0,0.0,0.0
G4.2.3,100,10,1,0.95,0.6705263157894737,0.0,1.0,1.0,1.0,1.0,0.0,1.0,0.0,1.0,0.0,0.0,0.0,0.0,0.0,0.27,0.48140665918443687,0.0,0.3074074074074074,0.0,0.0,0.0,0.0
G4.2.3,100,10,2,0.98,0.6989795918367347,0.0,1.0,1.0,1.0,1.0,0.0,1.0,0.0,1.0,0.0,0.0,0.0,0.0,0.0,0.29,0.5105538140020899,0.0,0.3137931034482758,0.0,0.0,0.0,0.0
G4.2.3,100,10,3,0.98,0.7051020408163263,0.0,1.0,1.0,1.0,1.0,0.0,1.0,0.0,1.0,0.0,0.0,0.0,0.0,0.0,0.33,0.48573614937251297,0.0,0.33333333333333326,0.0,0.0,0.0,0.0
G4.2.3,100,10,4,0.97,0.7051546391752577,0.0,1.0,1.0,1.0,1.0,0.0,1.0,0.0,1.0,0.0,0.0,0.0,0.0,0.0,0.3,0.4802356902356902,0.0,0.2866666666666667,0.0,0.0,0.0,0.0
G4.2.3,100,25,0,0.97,0.7076288659793815,0.0,1.0,1.0,1.0,1.0,0.0,1.0,0.0,1.0,0.0,0.0,0.0,0.0,0.0,0.39,0.47878787878787876,0.0,0.2841025641025641,0.0,0.0,0.0,0.0
G4.2.3,100,25,1,0.95,0.7023157894736842,0.0,1.0,1.0,1.0,1.0,0.0,1.0,0.0,1.0,0.0,0.0,0.0,0.0,0.0,0.41,0.4738211382113821,0.0,0.30048780487804877,0.0,0.0,0.0,0.0
G4.2.3,100,25,2,0.93,0.7066666666666667,0.0,1.0,1.0,1.0,1.0,0.0,1.0,0.0,1.0,0.0,0.0,0.0,0.0,0.0,0.3,0.4682424242424242,0.0,0.2666666666666667,0.0,0.0,0.0,0.0
G4.2.3,100,25,3,0.96,0.7074999999999999,0.0,1.0,1.0,1.0,1.0,0.0,1.0,0.0,1.0,0.0,0.0,0.0,0.0,0.0,0.39,0.48902356902356897,0.0,0.2758974358974359,0.0,0.0,0.0,0.0
G4.2.3,100,25,4,0.98,0.6914285714285713,0.0,1.0,1.0,1.0,1.0,0.0,1.0,0.0,1.0,0.0,0.0,0.0,0.0,0.0,0.36,0.468047138047138,0.0,0.30999999999999994,0.0,0.0,0.0,0.0
G4.2.3,100,50,0,1.0,0.7002000000000004,0.0,1.0,1.0,1.0,1.0,0.0,1.0,0.0,1.0,0.0,0.0,0.0,0.0,0.0,0.54,0.46485970819304157,0.0,0.2977777777777778,0.0,0.0,0.0,0.0
G4.2.3,100,50,1,0.97,0.7022680412371137,0.0,1.0,1.0,1.0,1.0,0.0,1.0,0.0,1.0,0.0,0.0,0.0,0.0,0.0,0.58,0.4621560431905261,0.0,0.2986206896551724,0.0,0.0,0.0,0.0
G4.2.3,100,50,2,0.99,0.6961616161616164,0.0,1.0,1.0,1.0,1.0,0.0,1.0,0.0,1.0,0.0,0.0,0.0,0.0,0.0,0.54,0.475578002244669,0.0,0.2951851851851852,0.0,0.0,0.0,0.0
G4.2.3,100,50,3,0.99,0.7036363636363641,0.0,1.0,1.0,1.0,1.0,0.0,1.0,0.0,1.0,0.0,0.0,0.0,0.0,0.0,0.54,0.46841002618780403,0.0,0.30037037037037034,0.0,0.0,0.0,0.0
G4.2.3,100,50,4,1.0,0.6976000000000003,0.0,1.0,1.0,1.0,1.0,0.0,1.0,0.0,1.0,0.0,0.0,0.0,0.0,0.0,0.54,0.46518892630003755,0.0,0.3096296296296297,0.0,0.0,0.0,0.0
G4.2.3,100,100,0,0.99,0.6897979797979802,0.0,1.0,1.0,1.0,1.0,0.0,1.0,0.0,1.0,0.0,0.0,0.0,0.0,0.0,0.68,0.47013963161022015,0.0,0.30661764705882355,0.0,0.0,0.0,0.0
G4.2.3,100,100,1,1.0,0.6972000000000006,0.0,1.0,1.0,1.0,1.0,0.0,1.0,0.0,1.0,0.0,0.0,0.0,0.0,0.0,0.6,0.4623535353535356,0.0,0.30766666666666664,0.0,0.0,0.0,0.0
G4.2.3,100,100,2,0.99,0.701717171717172,0.0,1.0,1.0,1.0,1.0,0.0,1.0,0.0,1.0,0.0,0.0,0.0,0.0,0.0,0.68,0.46985442661913274,0.0,0.29529411764705876,0.0,0.0,0.0,0.0
G4.2.3,100,100,3,1.0,0.6916000000000002,0.0,1.0,1.0,1.0,1.0,0.0,1.0,0.0,1.0,0.0,0.0,0.0,0.0,0.0,0.71,0.4677920045525682,0.0,0.30845070422535215,0.0,0.0,0.0,0.0
G4.2.3,100,100,4,1.0,0.6943000000000004,0.0,1.0,1.0,1.0,1.0,0.0,1.0,0.0,1.0,0.0,0.0,0.0,0.0,0.0,0.61,0.47067726444775654,0.0,0.30327868852459017,0.0,0.0,0.0,0.0
G4.3.1,10,10,0,0.8,0.75,0.0,1.0,1.0,1.0,1.0,0.0,1.0,0.0,1.0,0.0,0.0,0.0,0.0,0.0,0.5,0.6133333333333333,0.2,0.24000000000000005,0.0,0.0,0.0,0.0
G4.3.1,10,10,1,0.8,0.7374999999999999,0.0,1.0,1.0,1.0,1.0,0.0,1.0,0.0,1.0,0.0,0.0,0.0,0.0,0.0,0.5,0.5866666666666667,0.0,0.27999999999999997,0.0,0.0,0.0,0.0
G4.3.1,10,10,2,1.0,0.6799999999999999,0.07407407407407407,0.9,0.9,0.8,0.9962962962962962,0.01888525745775105,0.9962962962962962,0.01888525745775105,0.9925925925925926,0.026189140043946197,0.0,0.0,0.0,0.0,0.4,0.5527777777777778,0.0,0.3,0.0,0.0,0.0,0.0
G4.3.1,10,10,3,1.0,0.7,0.05263157894736842,0.9,1.0,0.9,0.994736842105263,0.0223296878269436,1.0,0.0,0.994736842105263,0.0223296878269436,0.0,0.0,0.0,0.0,0.5,0.6133333333333333,0.0,0.24,0.0,0.0,0.0,0.0
G4.3.1,10,10,4,0.9,0.6777777777777777,0.0,1.0,1.0,1.0,1.0,0.0,1.0,0.0,1.0,0.0,0.0,0.0,0.0,0.0,0.5,0.6022222222222222,0.0,0.28,0.0,0.0,0.0,0.0
G4.3.1,10,25,0,0.9,0.6888888888888889,0.0,1.0,1.0,1.0,1.0,0.0,1.0,0.0,1.0,0.0,0.0,0.0,0.0,0.0,0.2,0.5533333333333332,0.0,0.36,0.0,0.0,0.0,0.0
G4.3.1,10,25,1,1.0,0.756,0.0,1.0,1.0,1.0,1.0,0.0,1.0,0.0,1.0,0.0,0.0,0.0,0.0,0.0,0.3,0.545185185185185,0.0,0.24000000000000002,0.0,0.0,0.0,0.0
G4.3.1,10,25,2,0.9,0.7155555555555556,0.041666666666666664,0.8888888888888888,1.0,0.8888888888888888,0.9953703703703703,0.02220292371904038,1.0,0.0,0.9953703703703703,0.02220292371904038,0.0,0.0,0.0,0.0,0.4,0.5644444444444444,0.0,0.24,0.0,0.0,0.0,0.0
G4.3.1,10,25,3,1.0,0.696,0.0,1.0,1.0,1.0,1.0,0.0,1.0,0.0,1.0,0.0,0.0,0.0,0.0,0.0,0.5,0.5599999999999999,0.0,0.352,0.0,0.0,0.0,0.0
G4.3.1,10,25,4,1.0,0.72,0.0,1.0,1.0,1.0,1.0,0.0,1.0,0.0,1.0,0.0,0.0,0.0,0.0,0.0,0.5,0.6426666666666666,0.0,0.272,0.0,0.0,0.0,0.0
G4.3.1,10,50,0,1.0,0.7040000000000003,0.0,1.0,1.0,1.0,1.0,0.0,1.0,0.0,1.0,0.0,0.0,0.0,0.0,0.0,0.6,0.5907407407407409,0.0,0.2966666666666667,0.0,0.0,0.0,0.0
G4.3.1,10,50,1,1.0,0.6800000000000003,0.0,1.0,1.0,1.0,1.0,0.0,1.0,0.0,1.0,0.0,0.0,0.0,0.0,0.0,0.4,0.5833333333333335,0.0,0.335,0.0,0.0,0.0,0.0
G4.3.1,10,50,2,1.0,0.7000000000000004,0.0,1.0,1.0,1.0,1.0,0.0,1.0,0.0,1.0,0.0,0.0,0.0,0.0,0.0,0.4,0.5194444444444446,0.0,0.31,0.0,0.0,0.0,0.0
G4.3.1,10,50,3,1.0,0.6880000000000003,0.03571428571428571,0.9,1.0,0.9,0.9964285714285713,0.01855768722395225,1.0,0.0,0.9964285714285713,0.01855768722395225,0.0,0.0,0.0,0.0,0.6,0.5611111111111113,0.0,0.31,0.0,0.0,0.0,0.0
G4.3.1,10,50,4,0.9,0.6688888888888891,0.0,1.0,1.0,1.0,1.0,0.0,1.0,0.0,1.0,0.0,0.0,0.0,0.0,0.0,0.5,0.581777777777778,0.0,0.32,0.0,0.0,0.0,0.0
G4.3.1,10,100,0,1.0,0.6930000000000004,0.0,1.0,1.0,1.0,1.0,0.0,1.0,0.0,1.0,0.0,0.0,0.0,0.0,0.0,0.4,0.5638888888888891,0.0,0.35250000000000004,0.0,0.0,0.0,0.0
G4.3.1,10,100,1,0.9,0.6855555555555559,0.03333333333333333,1.0,0.8888888888888888,0.8888888888888888,1.0,0.0,0.9962962962962963,0.01994505484123891,0.9962962962962963,0.01994505484123891,0.0,0.0,0.0,0.0,0.4,0.5280555555555558,0.0,0.37499999999999994,0.0,0.0,0.0,0.0
G4.3.1,10,100,2,1.0,0.7050000000000004,0.03333333333333333,0.9,1.0,0.9,0.9966666666666666,0.017950549357115007,1.0,0.0,0.9966666666666666,0.017950549357115007,0.0,0.0,0.0,0.0,0.3,0.556666666666667,0.0,0.3466666666666667,0.0,0.0,0.0,0.0
G4.3.1,10,100,3,1.0,0.7240000000000004,0.0,1.0,1.0,1.0,1.0,0.0,1.0,0.0,1.0,0.0,0.0,0.0,0.0,0.0,0.4,0.6008333333333337,0.0,0.32000000000000006,0.0,0.0,0.0,0.0
G4.3.1,10,100,4,0.9,0.6833333333333337,0.0,1.0,1.0,1.0,1.0,0.0,1.0,0.0,1.0,0.0,0.0,0.0,0.0,0.0,0.3,0.5774074074074077,0.0,0.3466666666666667,0.0,0.0,0.0,0.0
G4.3.1,25,10,0,0.8,0.74,0.0,1.0,1.0,1.0,1.0,0.0,1.0,0.0,1.0,0.0,0.0,0.0,0.0,0.0,0.36,0.5777777777777777,0.0,0.24444444444444446,0.0,0.0,0.0,0.0
G4.3.1,25,10,1,0.88,0.6909090909090908,0.0,1.0,1.0,1.0,1.0,0.0,1.0,0.0,1.0,0.0,0.0,0.0,0.0,0.0,0.4,0.5816666666666667,0.0,0.38,0.0,0.0,0.0,0.0
G4.3.1,25,10,2,0.84,0.7047619047619046,0.0,1.0,1.0,1.0,1.0,0.0,1.0,0.0,1.0,0.0,0.0,0.0,0.0,0.0,0.24,0.5236111111111111,0.0,0.3166666666666667,0.0,0.0,0.0,0.0
G4.3.1,25,10,3,0.92,0.7173913043478259,0.0,1.0,1.0,1.0,1.0,0.0,1.0,0.0,1.0,0.0,0.0,0.0,0.0,0.0,0.48,0.5774305555555556,0.0,0.26666666666666666,0.0,0.0,0.0,0.0
G4.3.1,25,10,4,0.88,0.6954545454545454,0.0,1.0,1.0,1.0,1.0,0.0,1.0,0.0,1.0,0.0,0.0,0.0,0.0,0.0,0.44,0.565530303030303,0.0,0.35454545454545455,0.0,0.0,0.0,0.0
G4.3.1,25,25,0,0.88,0.7254545454545455,0.0,1.0,1.0,1.0,1.0,0.0,1.0,0.0,1.0,0.0,0.0,0.0,0.0,0.0,0.2,0.588,0.0,0.312,0.0,0.0,0.0,0.0
G4.3.1,25,25,1,0.96,0.6966666666666667,0.0,1.0,1.0,1.0,1.0,0.0,1.0,0.0,1.0,0.0,0.0,0.0,0.0,0.0,0.44,0.5716666666666667,0.0,0.33454545454545453,0.0,0.0,0.0,0.0
G4.3.1,25,25,2,0.88,0.6927272727272729,0.0,1.0,1.0,1.0,1.0,0.0,1.0,0.0,1.0,0.0,0.0,0.0,0.0,0.0,0.24,0.6311111111111111,0.0,0.26,0.0,0.0,0.0,0.0
G4.3.1,25,25,3,0.88,0.7527272727272728,0.0,1.0,1.0,1.0,1.0,0.0,1.0,0.0,1.0,0.0,0.0,0.0,0.0,0.0,0.28,0.5957142857142858,0.0,0.21142857142857144,0.0,0.0,0.0,0.0
G4.3.1,25,25,4,0.88,0.7145454545454547,0.0,1.0,1.0,1.0,1.0,0.0,1.0,0.0,1.0,0.0,0.0,0.0,0.0,0.0,0.36,0.5807407407407407,0.0,0.24444444444444446,0.0,0.0,0.0,0.0
G4.3.1,25,50,0,1.0,0.6944000000000004,0.0,1.0,1.0,1.0,1.0,0.0,1.0,0.0,1.0,0.0,0.0,0.0,0.0,0.0,0.32,0.6007291666666669,0.0,0.30000000000000004,0.0,0.0,0.0,0.0
G4.3.1,25,50,1,0.96,0.7058333333333336,0.0,1.0,1.0,1.0,1.0,0.0,1.0,0.0,1.0,0.0,0.0,0.0,0.0,0.0,0.28,0.5779761904761908,0.0,0.26285714285714284,0.0,0.0,0.0,0.0
G4.3.1,25,50,2,1.0,0.6912000000000004,0.0,1.0,1.0,1.0,1.0,0.0,1.0,0.0,1.0,0.0,0.0,0.0,0.0,0.0,0.4,0.5600000000000003,0.0,0.342,0.0,0.0,0.0,0.0
G4.3.1,25,50,3,0.96,0.7058333333333335,0.0,1.0,1.0,1.0,1.0,0.0,1.0,0.0,1.0,0.0,0.0,0.0,0.0,0.0,0.24,0.5706944444444445,0.0,0.30333333333333334,0.0,0.0,0.0,0.0
G4.3.1,25,50,4,1.0,0.7056000000000003,0.0,1.0,1.0,1.0,1.0,0.0,1.0,0.0,1.0,0.0,0.0,0.0,0.0,0.0,0.4,0.567666666666667,0.0,0.316,0.0,0.0,0.0,0.0
G4.3.1,25,100,0,1.0,0.6904000000000003,0.0,1.0,1.0,1.0,1.0,0.0,1.0,0.0,1.0,0.0,0.0,0.0,0.0,0.0,0.52,0.5506410256410259,0.0,0.31769230769230766,0.0,0.0,0.0,0.0
G4.3.1,25,100,1,0.96,0.6966666666666671,0.0,1.0,1.0,1.0,1.0,0.0,1.0,0.0,1.0,0.0,0.0,0.0,0.0,0.0,0.44,0.5551136363636366,0.0,0.29545454545454547,0.0,0.0,0.0,0.0
G4.3.1,25,100,2,1.0,0.6992000000000005,0.0,1.0,1.0,1.0,1.0,0.0,1.0,0.0,1.0,0.0,0.0,0.0,0.0,0.0,0.6,0.5609444444444448,0.0,0.3066666666666667,0.0,0.0,0.0,0.0
G4.3.1,25,100,3,1.0,0.6924000000000003,0.0,1.0,1.0,1.0,1.0,0.0,1.0,0.0,1.0,0.0,0.0,0.0,0.0,0.0,0.44,0.565757575757576,0.0,0.30090909090909096,0.0,0.0,0.0,0.0
G4.3.1,25,100,4,1.0,0.6940000000000005,0.0,1.0,1.0,1.0,1.0,0.0,1.0,0.0,1.0,0.0,0.0,0.0,0.0,0.0,0.48,0.5614930555555558,0.0,0.29999999999999993,0.0,0.0,0.0,0.0
G4.3.1,50,10,0,0.94,0.7276595744680852,0.0,1.0,1.0,1.0,1.0,0.0,1.0,0.0,1.0,0.0,0.0,0.0,0.0,0.0,0.36,0.5696145124716554,0.0,0.23333333333333334,0.0,0.0,0.0,0.0
G4.3.1,50,10,1,0.86,0.7395348837209301,0.0,1.0,1.0,1.0,1.0,0.0,1.0,0.0,1.0,0.0,0.0,0.0,0.0,0.0,0.3,0.6244897959183675,0.13333333333333333,0.30000000000000004,0.0,0.0,0.0,0.0
G4.3.1,50,10,2,0.88,0.7,0.0,1.0,1.0,1.0,1.0,0.0,1.0,0.0,1.0,0.0,0.0,0.0,0.0,0.0,0.24,0.5680272108843538,0.08333333333333333,0.35833333333333334,0.0,0.0,0.0,0.0
G4.3.1,50,10,3,0.86,0.7093023255813954,0.0,1.0,1.0,1.0,1.0,0.0,1.0,0.0,1.0,0.0,0.0,0.0,0.0,0.0,0.36,0.549092970521542,0.05555555555555555,0.3055555555555556,0.0,0.0,0.0,0.0
G4.3.1,50,10,4,0.9,0.7088888888888889,0.0,1.0,1.0,1.0,1.0,0.0,1.0,0.0,1.0,0.0,0.0,0.0,0.0,0.0,0.3,0.6088435374149661,0.0,0.3,0.0,0.0,0.0,0.0
G4.3.1,50,25,0,0.96,0.6916666666666668,0.0,1.0,1.0,1.0,1.0,0.0,1.0,0.0,1.0,0.0,0.0,0.0,0.0,0.0,0.24,0.5702721088435375,0.0,0.31333333333333335,0.0,0.0,0.0,0.0
G4.3.1,50,25,1,0.96,0.7075000000000001,0.0,1.0,1.0,1.0,1.0,0.0,1.0,0.0,1.0,0.0,0.0,0.0,0.0,0.0,0.32,0.5648469387755102,0.0,0.31499999999999995,0.0,0.0,0.0,0.0
G4.3.1,50,25,2,0.9,0.6986666666666669,0.0,1.0,1.0,1.0,1.0,0.0,1.0,0.0,1.0,0.0,0.0,0.0,0.0,0.0,0.28,0.5781924198250729,0.07142857142857142,0.2942857142857144,0.0,0.0,0.0,0.0
G4.3.1,50,25,3,0.94,0.7174468085106385,0.0,1.0,1.0,1.0,1.0,0.0,1.0,0.0,1.0,0.0,0.0,0.0,0.0,0.0,0.36,0.5988208616780045,0.0,0.26222222222222225,0.0,0.0,0.0,0.0
G4.3.1,50,25,4,0.98,0.7191836734693878,0.0,1.0,1.0,1.0,1.0,0.0,1.0,0.0,1.0,0.0,0.0,0.0,0.0,0.0,0.24,0.5665986394557824,0.0,0.31,0.0,0.0,0.0,0.0
G4.3.1,50,50,0,0.98,0.6975510204081635,0.0,1.0,1.0,1.0,1.0,0.0,1.0,0.0,1.0,0.0,0.0,0.0,0.0,0.0,0.4,0.5742857142857144,0.0,0.29100000000000004,0.0,0.0,0.0,0.0
G4.3.1,50,50,1,1.0,0.6984000000000004,0.0,1.0,1.0,1.0,1.0,0.0,1.0,0.0,1.0,0.0,0.0,0.0,0.0,0.0,0.26,0.5611302982731556,0.0,0.31538461538461543,0.0,0.0,0.0,0.0
G4.3.1,50,50,2,0.98,0.692244897959184,0.0,1.0,1.0,1.0,1.0,0.0,1.0,0.0,1.0,0.0,0.0,0.0,0.0,0.0,0.44,0.5681632653061225,0.0,0.31,0.0,0.0,0.0,0.0
G4.3.1,50,50,3,0.96,0.6891666666666669,0.0,1.0,1.0,1.0,1.0,0.0,1.0,0.0,1.0,0.0,0.0,0.0,0.0,0.0,0.4,0.568122448979592,0.0,0.30900000000000005,0.0,0.0,0.0,0.0
G4.3.1,50,50,4,0.98,0.7187755102040819,0.0,1.0,1.0,1.0,1.0,0.0,1.0,0.0,1.0,0.0,0.0,0.0,0.0,0.0,0.36,0.5662811791383221,0.0,0.2877777777777778,0.0,0.0,0.0,0.0
G4.3.1,50,100,0,0.96,0.6895833333333337,0.0,1.0,1.0,1.0,1.0,0.0,1.0,0.0,1.0,0.0,0.0,0.0,0.0,0.0,0.4,0.5652653061224493,0.0,0.298,0.0,0.0,0.0,0.0
G4.3.1,50,100,1,0.96,0.694791666666667,0.0,1.0,1.0,1.0,1.0,0.0,1.0,0.0,1.0,0.0,0.0,0.0,0.0,0.0,0.38,0.5569065520945223,0.0,0.31,0.0,0.0,0.0,0.0
G4.3.1,50,100,2,1.0,0.6828000000000006,0.0,1.0,1.0,1.0,1.0,0.0,1.0,0.0,1.0,0.0,0.0,0.0,0.0,0.0,0.32,0.5783801020408166,0.0,0.31375000000000003,0.0,0.0,0.0,0.0
G4.3.1,50,100,3,1.0,0.6882000000000004,0.0,1.0,1.0,1.0,1.0,0.0,1.0,0.0,1.0,0.0,0.0,0.0,0.0,0.0,0.34,0.554573829531813,0.0,0.301764705882353,0.0,0.0,0.0,0.0
G4.3.1,50,100,4,1.0,0.6932000000000004,0.0,1.0,1.0,1.0,1.0,0.0,1.0,0.0,1.0,0.0,0.0,0.0,0.0,0.0,0.24,0.5718367346938779,0.0,0.31,0.0,0.0,0.0,0.0
G4.3.1,100,10,0,0.91,0.7571428571428572,0.0,1.0,1.0,1.0,1.0,0.0,1.0,0.0,1.0,0.0,0.0,0.0,0.0,0.0,0.29,0.5869731800766284,0.0,0.24137931034482757,0.0,0.0,0.0,0.0
G4.3.1,100,10,1,0.82,0.724390243902439,0.0,1.0,1.0,1.0,1.0,0.0,1.0,0.0,1.0,0.0,0.0,0.0,0.0,0.0,0.23,0.5833552920509443,0.13043478260869565,0.31304347826086965,0.0,0.0,0.0,0.0
G4.3.1,100,10,2,0.85,0.7294117647058822,0.0,1.0,1.0,1.0,1.0,0.0,1.0,0.0,1.0,0.0,0.0,0.0,0.0,0.0,0.22,0.5715794306703397,0.0,0.29545454545454547,0.0,0.0,0.0,0.0
G4.3.1,100,10,3,0.91,0.7175824175824176,0.0,1.0,1.0,1.0,1.0,0.0,1.0,0.0,1.0,0.0,0.0,0.0,0.0,0.0,0.33,0.5740434649525558,0.030303030303030304,0.3333333333333333,0.0,0.0,0.0,0.0
G4.3.1,100,10,4,0.88,0.7181818181818183,0.0,1.0,1.0,1.0,1.0,0.0,1.0,0.0,1.0,0.0,0.0,0.0,0.0,0.0,0.25,0.5733737373737373,0.0,0.308,0.0,0.0,0.0,0.0
G4.3.1,100,25,0,0.93,0.6933333333333332,0.0,1.0,1.0,1.0,1.0,0.0,1.0,0.0,1.0,0.0,0.0,0.0,0.0,0.0,0.3,0.5447272727272725,0.0,0.312,0.0,0.0,0.0,0.0
G4.3.1,100,25,1,0.9,0.6977777777777777,0.0,1.0,1.0,1.0,1.0,0.0,1.0,0.0,1.0,0.0,0.0,0.0,0.0,0.0,0.28,0.5563203463203462,0.0,0.3171428571428571,0.0,0.0,0.0,0.0
G4.3.1,100,25,2,0.98,0.703673469387755,0.0,1.0,1.0,1.0,1.0,0.0,1.0,0.0,1.0,0.0,0.0,0.0,0.0,0.0,0.36,0.5704713804713804,0.0,0.32333333333333336,0.0,0.0,0.0,0.0
G4.3.1,100,25,3,0.94,0.707659574468085,0.0,1.0,1.0,1.0,1.0,0.0,1.0,0.0,1.0,0.0,0.0,0.0,0.0,0.0,0.31,0.57326816552623,0.0,0.3058064516129032,0.0,0.0,0.0,0.0
G4.3.1,100,25,4,0.97,0.7018556701030926,0.0,1.0,1.0,1.0,1.0,0.0,1.0,0.0,1.0,0.0,0.0,0.0,0.0,0.0,0.34,0.5669875222816398,0.0,0.30941176470588233,0.0,0.0,0.0,0.0
G4.3.1,100,50,0,0.96,0.6929166666666671,0.0,1.0,1.0,1.0,1.0,0.0,1.0,0.0,1.0,0.0,0.0,0.0,0.0,0.0,0.31,0.5732420984033891,0.0,0.3090322580645162,0.0,0.0,0.0,0.0
G4.3.1,100,50,1,0.97,0.7037113402061861,0.0,1.0,1.0,1.0,1.0,0.0,1.0,0.0,1.0,0.0,0.0,0.0,0.0,0.0,0.24,0.5521801346801348,0.0,0.30333333333333334,0.0,0.0,0.0,0.0
G4.3.1,100,50,2,0.96,0.7000000000000003,0.0,1.0,1.0,1.0,1.0,0.0,1.0,0.0,1.0,0.0,0.0,0.0,0.0,0.0,0.34,0.5733036244800953,0.0,0.3058823529411765,0.0,0.0,0.0,0.0
G4.3.1,100,50,3,0.98,0.695714285714286,0.0,1.0,1.0,1.0,1.0,0.0,1.0,0.0,1.0,0.0,0.0,0.0,0.0,0.0,0.33,0.5610407101316195,0.0,0.32545454545454544,0.0,0.0,0.0,0.0
G4.3.1,100,50,4,0.98,0.7069387755102046,0.0,1.0,1.0,1.0,1.0,0.0,1.0,0.0,1.0,0.0,0.0,0.0,0.0,0.0,0.29,0.5654406130268202,0.0,0.29310344827586204,0.0,0.0,0.0,0.0
G4.3.1,100,100,0,1.0,0.6981000000000005,0.0,1.0,1.0,1.0,1.0,0.0,1.0,0.0,1.0,0.0,0.0,0.0,0.0,0.0,0.28,0.5592352092352095,0.0,0.30750000000000005,0.0,0.0,0.0,0.0
G4.3.1,100,100,1,0.99,0.6937373737373742,0.0,1.0,1.0,1.0,1.0,0.0,1.0,0.0,1.0,0.0,0.0,0.0,0.0,0.0,0.32,0.5657891414141417,0.0,0.3225,0.0,0.0,0.0,0.0
G4.3.1,100,100,2,0.97,0.6998969072164953,0.0,1.0,1.0,1.0,1.0,0.0,1.0,0.0,1.0,0.0,0.0,0.0,0.0,0.0,0.25,0.5693494949494952,0.0,0.3012,0.0,0.0,0.0,0.0
G4.3.1,100,100,3,0.96,0.6971875000000004,0.0,1.0,1.0,1.0,1.0,0.0,1.0,0.0,1.0,0.0,0.0,0.0,0.0,0.0,0.36,0.5720763187429857,0.0,0.30833333333333335,0.0,0.0,0.0,0.0
G4.3.1,100,100,4,1.0,0.6949000000000004,0.0,1.0,1.0,1.0,1.0,0.0,1.0,0.0,1.0,0.0,0.0,0.0,0.0,0.0,0.38,0.5566852737905371,0.0,0.3123684210526316,0.0,0.0,0.0,0.0
G4.3.2,10,10,0,1.0,0.6999999999999998,0.0,1.0,1.0,1.0,1.0,0.0,1.0,0.0,1.0,0.0,0.0,0.0,0.0,0.0,0.7,0.6428571428571429,0.0,0.2571428571428571,0.0,0.0,0.0,0.0
G4.3.2,10,10,1,1.0,0.6799999999999999,0.0,1.0,1.0,1.0,1.0,0.0,1.0,0.0,1.0,0.0,0.0,0.0,0.0,0.0,0.5,0.6533333333333332,0.0,0.27999999999999997,0.0,0.0,0.0,0.0
G4.3.2,10,10,2,0.9,0.7666666666666666,0.0,1.0,1.0,1.0,1.0,0.0,1.0,0.0,1.0,0.0,0.0,0.0,0.0,0.0,0.5,0.5533333333333335,0.0,0.27999999999999997,0.0,0.0,0.0,0.0
G4.3.2,10,10,3,0.9,0.7777777777777777,0.0,1.0,1.0,1.0,1.0,0.0,1.0,0.0,1.0,0.0,0.0,0.0,0.0,0.0,0.6,0.5870370370370369,0.0,0.21666666666666667,0.0,0.0,0.0,0.0
G4.3.2,10,10,4,0.8,0.725,0.045454545454545456,1.0,0.875,0.875,1.0,0.0,0.9943181818181818,0.026037361903158182,0.9943181818181818,0.026037361903158182,0.0,0.0,0.0,0.0,0.6,0.5574074074074075,0.0,0.3166666666666667,0.0,0.0,0.0,0.0
G4.3.2,10,25,0,1.0,0.6679999999999999,0.0,1.0,1.0,1.0,1.0,0.0,1.0,0.0,1.0,0.0,0.0,0.0,0.0,0.0,0.4,0.5155555555555555,0.0,0.42,0.0,0.0,0.0,0.0
G4.3.2,10,25,1,0.9,0.68,0.0,1.0,1.0,1.0,1.0,0.0,1.0,0.0,1.0,0.0,0.0,0.0,0.0,0.0,0.5,0.5671111111111111,0.0,0.36,0.0,0.0,0.0,0.0
G4.3.2,10,25,2,1.0,0.692,0.0,1.0,1.0,1.0,1.0,0.0,1.0,0.0,1.0,0.0,0.0,0.0,0.0,0.0,0.7,0.5904761904761904,0.0,0.29714285714285715,0.0,0.0,0.0,0.0
G4.3.2,10,25,3,1.0,0.788,0.03125,1.0,0.9,0.9,1.0,0.0,0.996875,0.017399263633843812,0.996875,0.017399263633843812,0.0,0.0,0.0,0.0,0.5,0.6302222222222222,0.0,0.2,0.0,0.0,0.0,0.0
G4.3.2,10,25,4,0.9,0.6977777777777778,0.0625,0.7777777777777778,1.0,0.7777777777777778,0.9926215277777778,0.028629388166736953,1.0,0.0,0.9926215277777778,0.028629388166736953,0.0,0.0,0.0,0.0,0.3,0.5970370370370369,0.0,0.29333333333333333,0.0,0.0,0.0,0.0
G4.3.2,10,50,0,1.0,0.7060000000000003,0.0,1.0,1.0,1.0,1.0,0.0,1.0,0.0,1.0,0.0,0.0,0.0,0.0,0.0,0.4,0.6088888888888891,0.0,0.265,0.0,0.0,0.0,0.0
G4.3.2,10,50,1,0.9,0.7222222222222225,0.0,1.0,1.0,1.0,1.0,0.0,1.0,0.0,1.0,0.0,0.0,0.0,0.0,0.0,0.3,0.5851851851851854,0.0,0.31333333333333335,0.0,0.0,0.0,0.0
G4.3.2,10,50,2,1.0,0.6920000000000003,0.037037037037037035,0.9,1.0,0.9,0.9962962962962962,0.01888525745775105,1.0,0.0,0.9962962962962962,0.01888525745775105,0.0,0.0,0.0,0.0,0.4,0.598888888888889,0.0,0.29,0.0,0.0,0.0,0.0
G4.3.2,10,50,3,0.9,0.6755555555555559,0.058823529411764705,0.8888888888888888,1.0,0.8888888888888888,0.9934640522875817,0.026143790849673214,1.0,0.0,0.9934640522875817,0.026143790849673214,0.0,0.0,0.0,0.0,0.4,0.607777777777778,0.0,0.315,0.0,0.0,0.0,0.0
G4.3.2,10,50,4,1.0,0.7160000000000003,0.08,0.8,1.0,0.8,0.9915555555555556,0.028679583653158546,1.0,0.0,0.9915555555555556,0.028679583653158546,0.0,0.0,0.0,0.0,0.5,0.5746666666666668,0.0,0.27999999999999997,0.0,0.0,0.0,0.0
G4.3.2,10,100,0,1.0,0.7180000000000004,0.0,1.0,1.0,1.0,1.0,0.0,1.0,0.0,1.0,0.0,0.0,0.0,0.0,0.0,0.2,0.5755555555555558,0.0,0.36,0.0,0.0,0.0,0.0
G4.3.2,10,100,1,1.0,0.6700000000000004,0.14285714285714285,0.7,1.0,0.7,0.9839947089947091,0.039394901089511714,1.0,0.0,0.9839947089947091,0.039394901089511714,0.0,0.0,0.0,0.0,0.4,0.5769444444444447,0.0,0.315,0.0,0.0,0.0,0.0
G4.3.2,10,100,2,1.0,0.6750000000000004,0.0,1.0,1.0,1.0,1.0,0.0,1.0,0.0,1.0,0.0,0.0,0.0,0.0,0.0,0.4,0.5547222222222226,0.0,0.32999999999999996,0.0,0.0,0.0,0.0
G4.3.2,10,100,3,1.0,0.6980000000000004,0.0,1.0,1.0,1.0,1.0,0.0,1.0,0.0,1.0,0.0,0.0,0.0,0.0,0.0,0.4,0.5669444444444447,0.0,0.3325,0.0,0.0,0.0,0.0
G4.3.2,10,100,4,0.9,0.6877777777777782,0.02857142857142857,1.0,0.8888888888888888,0.8888888888888888,1.0,0.0,0.9968253968253967,0.018510958396334293,0.9968253968253967,0.018510958396334293,0.0,0.0,0.0,0.0,0.6,0.5538888888888892,0.0,0.3233333333333333,0.0,0.0,0.0,0.0
G4.3.2,25,10,0,0.88,0.7727272727272726,0.0,1.0,1.0,1.0,1.0,0.0,1.0,0.0,1.0,0.0,0.0,0.0,0.0,0.0,0.4,0.6070833333333333,0.0,0.20999999999999996,0.0,0.0,0.0,0.0
G4.3.2,25,10,1,0.84,0.7333333333333334,0.0,1.0,1.0,1.0,1.0,0.0,1.0,0.0,1.0,0.0,0.0,0.0,0.0,0.0,0.32,0.5458333333333333,0.0,0.33749999999999997,0.0,0.0,0.0,0.0
G4.3.2,25,10,2,0.92,0.7173913043478259,0.0,1.0,1.0,1.0,1.0,0.0,1.0,0.0,1.0,0.0,0.0,0.0,0.0,0.0,0.24,0.6034722222222223,0.0,0.2833333333333333,0.0,0.0,0.0,0.0
G4.3.2,25,10,3,1.0,0.7,0.0,1.0,1.0,1.0,1.0,0.0,1.0,0.0,1.0,0.0,0.0,0.0,0.0,0.0,0.4,0.5629166666666666,0.0,0.25,0.0,0.0,0.0,0.0
G4.3.2,25,10,4,0.96,0.7208333333333332,0.0,1.0,1.0,1.0,1.0,0.0,1.0,0.0,1.0,0.0,0.0,0.0,0.0,0.0,0.32,0.5953125,0.0,0.21250000000000002,0.0,0.0,0.0,0.0
G4.3.2,25,25,0,0.92,0.7026086956521741,0.0,1.0,1.0,1.0,1.0,0.0,1.0,0.0,1.0,0.0,0.0,0.0,0.0,0.0,0.32,0.5727083333333334,0.0,0.305,0.0,0.0,0.0,0.0
G4.3.2,25,25,1,0.88,0.6945454545454546,0.0,1.0,1.0,1.0,1.0,0.0,1.0,0.0,1.0,0.0,0.0,0.0,0.0,0.0,0.4,0.5555,0.0,0.2880000000000001,0.0,0.0,0.0,0.0
G4.3.2,25,25,2,0.88,0.7545454545454546,0.0,1.0,1.0,1.0,1.0,0.0,1.0,0.0,1.0,0.0,0.0,0.0,0.0,0.0,0.4,0.557,0.0,0.2760000000000001,0.0,0.0,0.0,0.0
G4.3.2,25,25,3,0.88,0.7272727272727274,0.0,1.0,1.0,1.0,1.0,0.0,1.0,0.0,1.0,0.0,0.0,0.0,0.0,0.0,0.24,0.5544444444444444,0.0,0.2866666666666667,0.0,0.0,0.0,0.0
G4.3.2,25,25,4,0.92,0.7026086956521741,0.0,1.0,1.0,1.0,1.0,0.0,1.0,0.0,1.0,0.0,0.0,0.0,0.0,0.0,0.24,0.5708333333333333,0.0,0.2866666666666667,0.0,0.0,0.0,0.0
G4.3.2,25,50,0,0.96,0.7158333333333337,0.0,1.0,1.0,1.0,1.0,0.0,1.0,0.0,1.0,0.0,0.0,0.0,0.0,0.0,0.4,0.593166666666667,0.0,0.276,0.0,0.0,0.0,0.0
G4.3.2,25,50,1,0.96,0.691666666666667,0.0,1.0,1.0,1.0,1.0,0.0,1.0,0.0,1.0,0.0,0.0,0.0,0.0,0.0,0.36,0.5620370370370372,0.0,0.3244444444444444,0.0,0.0,0.0,0.0
G4.3.2,25,50,2,0.96,0.709166666666667,0.0,1.0,1.0,1.0,1.0,0.0,1.0,0.0,1.0,0.0,0.0,0.0,0.0,0.0,0.4,0.5599166666666668,0.0,0.308,0.0,0.0,0.0,0.0
G4.3.2,25,50,3,1.0,0.6992000000000003,0.0,1.0,1.0,1.0,1.0,0.0,1.0,0.0,1.0,0.0,0.0,0.0,0.0,0.0,0.2,0.6100000000000002,0.0,0.28400000000000003,0.0,0.0,0.0,0.0
G4.3.2,25,50,4,1.0,0.6952000000000004,0.0,1.0,1.0,1.0,1.0,0.0,1.0,0.0,1.0,0.0,0.0,0.0,0.0,0.0,0.28,0.590714285714286,0.0,0.2942857142857144,0.0,0.0,0.0,0.0
G4.3.2,25,100,0,1.0,0.7072000000000004,0.0,1.0,1.0,1.0,1.0,0.0,1.0,0.0,1.0,0.0,0.0,0.0,0.0,0.0,0.36,0.5577777777777781,0.0,0.30000000000000004,0.0,0.0,0.0,0.0
G4.3.2,25,100,1,1.0,0.7008000000000004,0.0,1.0,1.0,1.0,1.0,0.0,1.0,0.0,1.0,0.0,0.0,0.0,0.0,0.0,0.36,0.5612962962962965,0.0,0.3022222222222222,0.0,0.0,0.0,0.0
G4.3.2,25,100,2,1.0,0.7000000000000003,0.0,1.0,1.0,1.0,1.0,0.0,1.0,0.0,1.0,0.0,0.0,0.0,0.0,0.0,0.44,0.5480303030303033,0.0,0.31090909090909097,0.0,0.0,0.0,0.0
G4.3.2,25,100,3,0.96,0.7179166666666671,0.0,1.0,1.0,1.0,1.0,0.0,1.0,0.0,1.0,0.0,0.0,0.0,0.0,0.0,0.32,0.5643229166666669,0.0,0.305,0.0,0.0,0.0,0.0
G4.3.2,25,100,4,1.0,0.6900000000000004,0.0,1.0,1.0,1.0,1.0,0.0,1.0,0.0,1.0,0.0,0.0,0.0,0.0,0.0,0.44,0.5746590909090913,0.0,0.30636363636363634,0.0,0.0,0.0,0.0
G4.3.2,50,10,0,0.88,0.7204545454545456,0.0,1.0,1.0,1.0,1.0,0.0,1.0,0.0,1.0,0.0,0.0,0.0,0.0,0.0,0.24,0.6358843537414965,0.16666666666666666,0.26666666666666666,0.0,0.0,0.0,0.0
G4.3.2,50,10,1,0.9,0.7066666666666666,0.0,1.0,1.0,1.0,1.0,0.0,1.0,0.0,1.0,0.0,0.0,0.0,0.0,0.0,0.26,0.597331240188383,0.0,0.3384615384615384,0.0,0.0,0.0,0.0
G4.3.2,50,10,2,0.9,0.7088888888888889,0.0,1.0,1.0,1.0,1.0,0.0,1.0,0.0,1.0,0.0,0.0,0.0,0.0,0.0,0.34,0.5654261704681872,0.058823529411764705,0.35294117647058826,0.0,0.0,0.0,0.0
G4.3.2,50,10,3,0.84,0.6833333333333332,0.0,1.0,1.0,1.0,1.0,0.0,1.0,0.0,1.0,0.0,0.0,0.0,0.0,0.0,0.28,0.5766763848396501,0.0,0.3571428571428572,0.0,0.0,0.0,0.0
G4.3.2,50,10,4,0.86,0.7023255813953488,0.0,1.0,1.0,1.0,1.0,0.0,1.0,0.0,1.0,0.0,0.0,0.0,0.0,0.0,0.24,0.5835034013605441,0.08333333333333333,0.325,0.0,0.0,0.0,0.0
G4.3.2,50,25,0,0.98,0.7118367346938778,0.0,1.0,1.0,1.0,1.0,0.0,1.0,0.0,1.0,0.0,0.0,0.0,0.0,0.0,0.3,0.5712108843537416,0.0,0.29066666666666674,0.0,0.0,0.0,0.0
G4.3.2,50,25,1,0.86,0.6967441860465118,0.0,1.0,1.0,1.0,1.0,0.0,1.0,0.0,1.0,0.0,0.0,0.0,0.0,0.0,0.34,0.5917887154861945,0.0,0.3035294117647059,0.0,0.0,0.0,0.0
G4.3.2,50,25,2,0.96,0.7200000000000001,0.0,1.0,1.0,1.0,1.0,0.0,1.0,0.0,1.0,0.0,0.0,0.0,0.0,0.0,0.38,0.5814393125671321,0.0,0.26526315789473687,0.0,0.0,0.0,0.0
G4.3.2,50,25,3,0.88,0.7300000000000001,0.0,1.0,1.0,1.0,1.0,0.0,1.0,0.0,1.0,0.0,0.0,0.0,0.0,0.0,0.22,0.5857513914656771,0.0,0.2763636363636363,0.0,0.0,0.0,0.0
G4.3.2,50,25,4,0.94,0.7029787234042555,0.0,1.0,1.0,1.0,1.0,0.0,1.0,0.0,1.0,0.0,0.0,0.0,0.0,0.0,0.32,0.5751530612244897,0.0625,0.31,0.0,0.0,0.0,0.0
G4.3.2,50,50,0,0.94,0.711489361702128,0.0,1.0,1.0,1.0,1.0,0.0,1.0,0.0,1.0,0.0,0.0,0.0,0.0,0.0,0.3,0.5569795918367347,0.0,0.27466666666666667,0.0,0.0,0.0,0.0
G4.3.2,50,50,1,0.98,0.6910204081632656,0.0,1.0,1.0,1.0,1.0,0.0,1.0,0.0,1.0,0.0,0.0,0.0,0.0,0.0,0.3,0.5647074829931974,0.0,0.30800000000000005,0.0,0.0,0.0,0.0
G4.3.2,50,50,2,0.98,0.6934693877551024,0.0,1.0,1.0,1.0,1.0,0.0,1.0,0.0,1.0,0.0,0.0,0.0,0.0,0.0,0.48,0.5567517006802722,0.0,0.3016666666666667,0.0,0.0,0.0,0.0
G4.3.2,50,50,3,0.92,0.70304347826087,0.0,1.0,1.0,1.0,1.0,0.0,1.0,0.0,1.0,0.0,0.0,0.0,0.0,0.0,0.28,0.5607580174927116,0.0,0.30857142857142855,0.0,0.0,0.0,0.0
G4.3.2,50,50,4,0.92,0.7056521739130438,0.0,1.0,1.0,1.0,1.0,0.0,1.0,0.0,1.0,0.0,0.0,0.0,0.0,0.0,0.34,0.5761584633853543,0.0,0.29294117647058826,0.0,0.0,0.0,0.0
G4.3.2,50,100,0,1.0,0.6790000000000005,0.0,1.0,1.0,1.0,1.0,0.0,1.0,0.0,1.0,0.0,0.0,0.0,0.0,0.0,0.4,0.5665816326530615,0.0,0.33999999999999997,0.0,0.0,0.0,0.0
G4.3.2,50,100,1,1.0,0.7026000000000003,0.0,1.0,1.0,1.0,1.0,0.0,1.0,0.0,1.0,0.0,0.0,0.0,0.0,0.0,0.36,0.5629251700680276,0.0,0.29888888888888887,0.0,0.0,0.0,0.0
G4.3.2,50,100,2,1.0,0.6880000000000004,0.0,1.0,1.0,1.0,1.0,0.0,1.0,0.0,1.0,0.0,0.0,0.0,0.0,0.0,0.28,0.5510349854227409,0.0,0.3257142857142857,0.0,0.0,0.0,0.0
G4.3.2,50,100,3,1.0,0.7040000000000003,0.0,1.0,1.0,1.0,1.0,0.0,1.0,0.0,1.0,0.0,0.0,0.0,0.0,0.0,0.5,0.555322448979592,0.0,0.2992,0.0,0.0,0.0,0.0
G4.3.2,50,100,4,0.98,0.7010204081632657,0.0,1.0,1.0,1.0,1.0,0.0,1.0,0.0,1.0,0.0,0.0,0.0,0.0,0.0,0.28,0.5661224489795922,0.0,0.2864285714285715,0.0,0.0,0.0,0.0
G4.3.2,100,10,0,0.88,0.7090909090909091,0.0,1.0,1.0,1.0,1.0,0.0,1.0,0.0,1.0,0.0,0.0,0.0,0.0,0.0,0.25,0.5564040404040403,0.04,0.38400000000000006,0.0,0.0,0.0,0.0
G4.3.2,100,10,1,0.89,0.7258426966292134,0.0,1.0,1.0,1.0,1.0,0.0,1.0,0.0,1.0,0.0,0.0,0.0,0.0,0.0,0.21,0.5765752765752766,0.0,0.2857142857142857,0.0,0.0,0.0,0.0
G4.3.2,100,10,2,0.87,0.7287356321839081,0.0,1.0,1.0,1.0,1.0,0.0,1.0,0.0,1.0,0.0,0.0,0.0,0.0,0.0,0.22,0.6002754820936639,0.0,0.24090909090909085,0.0,0.0,0.0,0.0
G4.3.2,100,10,3,0.91,0.734065934065934,0.0,1.0,1.0,1.0,1.0,0.0,1.0,0.0,1.0,0.0,0.0,0.0,0.0,0.0,0.31,0.5792440534376019,0.0,0.2870967741935484,0.0,0.0,0.0,0.0
G4.3.2,100,10,4,0.89,0.7303370786516852,0.0,1.0,1.0,1.0,1.0,0.0,1.0,0.0,1.0,0.0,0.0,0.0,0.0,0.0,0.28,0.6114357864357863,0.0,0.2928571428571428,0.0,0.0,0.0,0.0
G4.3.2,100,25,0,0.93,0.7092473118279571,0.0,1.0,1.0,1.0,1.0,0.0,1.0,0.0,1.0,0.0,0.0,0.0,0.0,0.0,0.32,0.5725757575757575,0.0,0.29125,0.0,0.0,0.0,0.0
G4.3.2,100,25,1,0.92,0.7108695652173914,0.0,1.0,1.0,1.0,1.0,0.0,1.0,0.0,1.0,0.0,0.0,0.0,0.0,0.0,0.3,0.5482558922558921,0.0,0.2746666666666667,0.0,0.0,0.0,0.0
G4.3.2,100,25,2,0.92,0.7082608695652174,0.0,1.0,1.0,1.0,1.0,0.0,1.0,0.0,1.0,0.0,0.0,0.0,0.0,0.0,0.39,0.557109557109557,0.0,0.30153846153846153,0.0,0.0,0.0,0.0
G4.3.2,100,25,3,0.89,0.7114606741573033,0.0,1.0,1.0,1.0,1.0,0.0,1.0,0.0,1.0,0.0,0.0,0.0,0.0,0.0,0.28,0.5665512265512264,0.0,0.2814285714285715,0.0,0.0,0.0,0.0
G4.3.2,100,25,4,0.91,0.7028571428571427,0.0,1.0,1.0,1.0,1.0,0.0,1.0,0.0,1.0,0.0,0.0,0.0,0.0,0.0,0.29,0.5651410658307209,0.0,0.2855172413793104,0.0,0.0,0.0,0.0
G4.3.2,100,50,0,0.9,0.6935555555555558,0.0,1.0,1.0,1.0,1.0,0.0,1.0,0.0,1.0,0.0,0.0,0.0,0.0,0.0,0.26,0.5567365967365969,0.0,0.3053846153846154,0.0,0.0,0.0,0.0
G4.3.2,100,50,1,0.94,0.6880851063829793,0.0,1.0,1.0,1.0,1.0,0.0,1.0,0.0,1.0,0.0,0.0,0.0,0.0,0.0,0.37,0.5590499590499592,0.0,0.3205405405405406,0.0,0.0,0.0,0.0
G4.3.2,100,50,2,0.97,0.7039175257731962,0.0,1.0,1.0,1.0,1.0,0.0,1.0,0.0,1.0,0.0,0.0,0.0,0.0,0.0,0.33,0.5720355065809614,0.0,0.2975757575757576,0.0,0.0,0.0,0.0
G4.3.2,100,50,3,0.99,0.7072727272727276,0.0,1.0,1.0,1.0,1.0,0.0,1.0,0.0,1.0,0.0,0.0,0.0,0.0,0.0,0.26,0.5685236985236988,0.0,0.29846153846153844,0.0,0.0,0.0,0.0
G4.3.2,100,50,4,0.94,0.6997872340425535,0.0,1.0,1.0,1.0,1.0,0.0,1.0,0.0,1.0,0.0,0.0,0.0,0.0,0.0,0.28,0.5801443001443003,0.0,0.30214285714285716,0.0,0.0,0.0,0.0
G4.3.2,100,100,0,0.97,0.6928865979381447,0.0,1.0,1.0,1.0,1.0,0.0,1.0,0.0,1.0,0.0,0.0,0.0,0.0,0.0,0.41,0.5567430401576746,0.0,0.3114634146341464,0.0,0.0,0.0,0.0
G4.3.2,100,100,1,1.0,0.7004000000000004,0.0,1.0,1.0,1.0,1.0,0.0,1.0,0.0,1.0,0.0,0.0,0.0,0.0,0.0,0.4,0.5678585858585862,0.0,0.29775,0.0,0.0,0.0,0.0
G4.3.2,100,100,2,1.0,0.6983000000000004,0.0,1.0,1.0,1.0,1.0,0.0,1.0,0.0,1.0,0.0,0.0,0.0,0.0,0.0,0.31,0.5581036168132946,0.0,0.30000000000000004,0.0,0.0,0.0,0.0
G4.3.2,100,100,3,1.0,0.6908000000000003,0.0,1.0,1.0,1.0,1.0,0.0,1.0,0.0,1.0,0.0,0.0,0.0,0.0,0.0,0.33,0.5643556779920419,0.0,0.30121212121212126,0.0,0.0,0.0,0.0
G4.3.2,100,100,4,0.96,0.6955208333333337,0.0,1.0,1.0,1.0,1.0,0.0,1.0,0.0,1.0,0.0,0.0,0.0,0.0,0.0,0.3,0.5583636363636367,0.0,0.3223333333333334,0.0,0.0,0.0,0.0
G4.3.3,10,10,0,0.9,0.7111111111111111,0.024691358024691357,0.7777777777777778,0.8888888888888888,0.6666666666666667,0.9972565157750343,0.02453846888888658,0.9986282578875171,0.012269234444443297,0.9958847736625515,0.0272973233774107,0.0,0.0,0.0,0.0,0.3,0.4740740740740741,0.3333333333333333,0.5,0.0,0.0,0.0,0.0
G4.3.3,10,10,1,0.9,0.7555555555555555,0.02631578947368421,0.7777777777777778,1.0,0.7777777777777778,0.9968932748538011,0.01893101975669613,1.0,0.0,0.9968932748538011,0.01893101975669613,0.0,0.0,0.0,0.0,0.5,0.6,0.0,0.18,0.0,0.0,0.0,0.0
G4.3.3,10,10,2,1.0,0.69,0.013513513513513514,1.0,0.9,0.9,1.0,0.0,0.9986486486486488,0.011545951007185853,0.9986486486486488,0.011545951007185853,0.0,0.0,0.0,0.0,0.3,0.5814814814814815,0.0,0.23333333333333336,0.0,0.0,0.0,0.0
G4.3.3,10,10,3,0.9,0.6555555555555554,0.0136986301369863,1.0,0.8888888888888888,0.8888888888888888,1.0,0.0,0.9984779299847792,0.012915192350439229,0.9984779299847792,0.012915192350439229,0.0,0.0,0.0,0.0,0.6,0.5685185185185185,0.0,0.39999999999999997,0.0,0.0,0.0,0.0
G4.3.3,10,10,4,0.9,0.6888888888888888,0.013333333333333334,0.8888888888888888,1.0,0.8888888888888888,0.9985185185185185,0.012744185580803896,1.0,0.0,0.9985185185185185,0.012744185580803896,0.0,0.0,0.0,0.0,0.7,0.6158730158730157,0.14285714285714285,0.3571428571428571,0.0,0.0,0.0,0.0
G4.3.3,10,25,0,0.8,0.7500000000000001,0.0,1.0,1.0,1.0,1.0,0.0,1.0,0.0,1.0,0.0,0.0,0.0,0.0,0.0,0.6,0.5607407407407408,0.16666666666666666,0.3333333333333333,0.0,0.0,0.0,0.0
G4.3.3,10,25,1,0.8,0.7250000000000001,0.02857142857142857,0.75,1.0,0.75,0.9961734693877552,0.02236329892239094,1.0,0.0,0.9961734693877552,0.02236329892239093,0.0,0.0,0.0,0.0,0.4,0.5711111111111111,0.0,0.26,0.0,0.0,0.0,0.0
G4.3.3,10,25,2,1.0,0.6719999999999999,0.0,1.0,1.0,1.0,1.0,0.0,1.0,0.0,1.0,0.0,0.0,0.0,0.0,0.0,0.5,0.5528888888888888,0.0,0.352,0.0,0.0,0.0,0.0
G4.3.3,10,25,3,1.0,0.6839999999999999,0.014925373134328358,0.9,1.0,0.9,0.9985074626865672,0.012125430454680532,1.0,0.0,0.9985074626865672,0.012125430454680532,0.0,0.0,0.0,0.0,0.3,0.5792592592592593,0.0,0.3466666666666667,0.0,0.0,0.0,0.0
G4.3.3,10,25,4,1.0,0.696,0.014285714285714285,0.9,1.0,0.9,0.9985714285714287,0.011866605518454391,1.0,0.0,0.9985714285714287,0.011866605518454391,0.0,0.0,0.0,0.0,0.5,0.5688888888888889,0.0,0.24800000000000005,0.0,0.0,0.0,0.0
G4.3.3,10,50,0,1.0,0.6940000000000003,0.0,1.0,1.0,1.0,1.0,0.0,1.0,0.0,1.0,0.0,0.0,0.0,0.0,0.0,0.4,0.6216666666666668,0.0,0.27,0.0,0.0,0.0,0.0
G4.3.3,10,50,1,1.0,0.6820000000000003,0.1,0.0,1.0,0.0,0.9673650793650793,0.14521134630944568,1.0,0.0,0.9673650793650793,0.14521134630944568,0.0,0.0,0.0,0.0,0.2,0.5177777777777779,0.0,0.36,0.0,0.0,0.0,0.0
G4.3.3,10,50,2,1.0,0.7160000000000003,0.0,1.0,1.0,1.0,1.0,0.0,1.0,0.0,1.0,0.0,0.0,0.0,0.0,0.0,0.3,0.617777777777778,0.0,0.2733333333333334,0.0,0.0,0.0,0.0
G4.3.3,10,50,3,0.8,0.7100000000000003,0.0,1.0,1.0,1.0,1.0,0.0,1.0,0.0,1.0,0.0,0.0,0.0,0.0,0.0,0.3,0.5637037037037039,0.0,0.28,0.0,0.0,0.0,0.0
G4.3.3,10,50,4,1.0,0.6940000000000003,0.012195121951219513,1.0,0.9,0.9,1.0,0.0,0.9987804878048782,0.010975609756097559,0.9987804878048782,0.010975609756097559,0.0,0.0,0.0,0.0,0.3,0.5940740740740743,0.0,0.2866666666666667,0.0,0.0,0.0,0.0
G4.3.3,10,100,0,1.0,0.6790000000000004,0.01282051282051282,0.9,1.0,0.9,0.9987179487179488,0.01124995434281041,1.0,0.0,0.9987179487179488,0.01124995434281041,0.0,0.0,0.0,0.0,0.4,0.5211111111111113,0.0,0.33999999999999997,0.0,0.0,0.0,0.0
G4.3.3,10,100,1,0.9,0.7144444444444448,0.0,1.0,1.0,1.0,1.0,0.0,1.0,0.0,1.0,0.0,0.0,0.0,0.0,0.0,0.4,0.5769444444444447,0.0,0.28250000000000003,0.0,0.0,0.0,0.0
G4.3.3,10,100,2,1.0,0.6810000000000004,0.013513513513513514,1.0,0.9,0.9,1.0,0.0,0.9986486486486488,0.011545951007185851,0.9986486486486488,0.011545951007185851,0.0,0.0,0.0,0.0,0.5,0.5662222222222225,0.0,0.32199999999999995,0.0,0.0,0.0,0.0
G4.3.3,10,100,3,1.0,0.7140000000000004,0.0,1.0,1.0,1.0,1.0,0.0,1.0,0.0,1.0,0.0,0.0,0.0,0.0,0.0,0.4,0.5441666666666669,0.0,0.3275,0.0,0.0,0.0,0.0
G4.3.3,10,100,4,1.0,0.7040000000000004,0.0,1.0,1.0,1.0,1.0,0.0,1.0,0.0,1.0,0.0,0.0,0.0,0.0,0.0,0.6,0.5850000000000003,0.0,0.32666666666666666,0.0,0.0,0.0,0.0
G4.3.3,25,10,0,1.0,0.7559999999999999,0.0,1.0,1.0,1.0,1.0,0.0,1.0,0.0,1.0,0.0,0.0,0.0,0.0,0.0,0.36,0.5888888888888888,0.0,0.1888888888888889,0.0,0.0,0.0,0.0
G4.3.3,25,10,1,0.92,0.773913043478261,0.0,1.0,1.0,1.0,1.0,0.0,1.0,0.0,1.0,0.0,0.0,0.0,0.0,0.0,0.28,0.5720238095238095,0.14285714285714285,0.39999999999999997,0.0,0.0,0.0,0.0
G4.3.3,25,10,2,0.96,0.7333333333333334,0.0,1.0,1.0,1.0,1.0,0.0,1.0,0.0,1.0,0.0,0.0,0.0,0.0,0.0,0.36,0.5412037037037036,0.0,0.30000000000000004,0.0,0.0,0.0,0.0
G4.3.3,25,10,3,0.8,0.7049999999999998,0.0,1.0,1.0,1.0,1.0,0.0,1.0,0.0,1.0,0.0,0.0,0.0,0.0,0.0,0.32,0.5807291666666667,0.0,0.3625,0.0,0.0,0.0,0.0
G4.3.3,25,10,4,0.8,0.69,0.0,1.0,1.0,1.0,1.0,0.0,1.0,0.0,1.0,0.0,0.0,0.0,0.0,0.0,0.36,0.5888888888888889,0.0,0.27777777777777785,0.0,0.0,0.0,0.0
G4.3.3,25,25,0,0.92,0.6886956521739132,0.0,1.0,1.0,1.0,1.0,0.0,1.0,0.0,1.0,0.0,0.0,0.0,0.0,0.0,0.32,0.5652083333333333,0.0,0.325,0.0,0.0,0.0,0.0
G4.3.3,25,25,1,0.84,0.6838095238095239,0.0,1.0,1.0,1.0,1.0,0.0,1.0,0.0,1.0,0.0,0.0,0.0,0.0,0.0,0.28,0.5514285714285714,0.0,0.33714285714285713,0.0,0.0,0.0,0.0
G4.3.3,25,25,2,0.84,0.7066666666666668,0.0,1.0,1.0,1.0,1.0,0.0,1.0,0.0,1.0,0.0,0.0,0.0,0.0,0.0,0.32,0.5352083333333333,0.0,0.36,0.0,0.0,0.0,0.0
G4.3.3,25,25,3,0.84,0.7200000000000001,0.0,1.0,1.0,1.0,1.0,0.0,1.0,0.0,1.0,0.0,0.0,0.0,0.0,0.0,0.24,0.6186111111111111,0.0,0.2733333333333333,0.0,0.0,0.0,0.0
G4.3.3,25,25,4,0.88,0.7054545454545457,0.0,1.0,1.0,1.0,1.0,0.0,1.0,0.0,1.0,0.0,0.0,0.0,0.0,0.0,0.2,0.5463333333333333,0.0,0.376,0.0,0.0,0.0,0.0
G4.3.3,25,50,0,1.0,0.6800000000000004,0.0,1.0,1.0,1.0,1.0,0.0,1.0,0.0,1.0,0.0,0.0,0.0,0.0,0.0,0.32,0.5301041666666668,0.0,0.37,0.0,0.0,0.0,0.0
G4.3.3,25,50,1,0.96,0.7125000000000004,0.0,1.0,1.0,1.0,1.0,0.0,1.0,0.0,1.0,0.0,0.0,0.0,0.0,0.0,0.4,0.5670000000000003,0.0,0.30600000000000005,0.0,0.0,0.0,0.0
G4.3.3,25,50,2,1.0,0.6936000000000003,0.0,1.0,1.0,1.0,1.0,0.0,1.0,0.0,1.0,0.0,0.0,0.0,0.0,0.0,0.36,0.5599074074074076,0.0,0.3333333333333333,0.0,0.0,0.0,0.0
G4.3.3,25,50,3,0.96,0.6908333333333335,0.0,1.0,1.0,1.0,1.0,0.0,1.0,0.0,1.0,0.0,0.0,0.0,0.0,0.0,0.4,0.570916666666667,0.0,0.318,0.0,0.0,0.0,0.0
G4.3.3,25,50,4,0.96,0.686666666666667,0.0,1.0,1.0,1.0,1.0,0.0,1.0,0.0,1.0,0.0,0.0,0.0,0.0,0.0,0.32,0.5488541666666669,0.0,0.3275,0.0,0.0,0.0,0.0
G4.3.3,25,100,0,0.96,0.7083333333333336,0.0,1.0,1.0,1.0,1.0,0.0,1.0,0.0,1.0,0.0,0.0,0.0,0.0,0.0,0.52,0.5659935897435902,0.0,0.3038461538461539,0.0,0.0,0.0,0.0
G4.3.3,25,100,1,1.0,0.7032000000000004,0.0,1.0,1.0,1.0,1.0,0.0,1.0,0.0,1.0,0.0,0.0,0.0,0.0,0.0,0.2,0.5792500000000003,0.0,0.298,0.0,0.0,0.0,0.0
G4.3.3,25,100,2,0.96,0.6854166666666671,0.0,1.0,1.0,1.0,1.0,0.0,1.0,0.0,1.0,0.0,0.0,0.0,0.0,0.0,0.24,0.5459027777777781,0.0,0.35500000000000004,0.0,0.0,0.0,0.0
G4.3.3,25,100,3,1.0,0.6856000000000003,0.0,1.0,1.0,1.0,1.0,0.0,1.0,0.0,1.0,0.0,0.0,0.0,0.0,0.0,0.36,0.5622222222222225,0.0,0.30888888888888894,0.0,0.0,0.0,0.0
G4.3.3,25,100,4,1.0,0.7088000000000002,0.0,1.0,1.0,1.0,1.0,0.0,1.0,0.0,1.0,0.0,0.0,0.0,0.0,0.0,0.24,0.5668750000000002,0.0,0.29500000000000004,0.0,0.0,0.0,0.0
G4.3.3,50,10,0,0.9,0.7133333333333334,0.0,1.0,1.0,1.0,1.0,0.0,1.0,0.0,1.0,0.0,0.0,0.0,0.0,0.0,0.34,0.6385354141656663,0.0,0.32941176470588235,0.0,0.0,0.0,0.0
G4.3.3,50,10,1,0.88,0.740909090909091,0.0,1.0,1.0,1.0,1.0,0.0,1.0,0.0,1.0,0.0,0.0,0.0,0.0,0.0,0.3,0.6326530612244897,0.0,0.3,0.0,0.0,0.0,0.0
G4.3.3,50,10,2,0.9,0.7266666666666667,0.0,1.0,1.0,1.0,1.0,0.0,1.0,0.0,1.0,0.0,0.0,0.0,0.0,0.0,0.32,0.5913265306122448,0.0,0.3125,0.0,0.0,0.0,0.0
G4.3.3,50,10,3,0.86,0.7255813953488371,0.0,1.0,1.0,1.0,1.0,0.0,1.0,0.0,1.0,0.0,0.0,0.0,0.0,0.0,0.38,0.611922663802363,0.05263157894736842,0.2631578947368421,0.0,0.0,0.0,0.0
G4.3.3,50,10,4,0.9,0.7177777777777777,0.0,1.0,1.0,1.0,1.0,0.0,1.0,0.0,1.0,0.0,0.0,0.0,0.0,0.0,0.24,0.5435374149659863,0.0,0.3,0.0,0.0,0.0,0.0
G4.3.3,50,25,0,0.9,0.7022222222222223,0.0,1.0,1.0,1.0,1.0,0.0,1.0,0.0,1.0,0.0,0.0,0.0,0.0,0.0,0.18,0.5608163265306122,0.0,0.30222222222222217,0.0,0.0,0.0,0.0
G4.3.3,50,25,1,0.92,0.7217391304347827,0.0,1.0,1.0,1.0,1.0,0.0,1.0,0.0,1.0,0.0,0.0,0.0,0.0,0.0,0.18,0.5994557823129252,0.0,0.29777777777777775,0.0,0.0,0.0,0.0
G4.3.3,50,25,2,0.9,0.7022222222222223,0.0,1.0,1.0,1.0,1.0,0.0,1.0,0.0,1.0,0.0,0.0,0.0,0.0,0.0,0.38,0.5802363050483352,0.0,0.3136842105263158,0.0,0.0,0.0,0.0
G4.3.3,50,25,3,0.98,0.6930612244897961,0.0,1.0,1.0,1.0,1.0,0.0,1.0,0.0,1.0,0.0,0.0,0.0,0.0,0.0,0.4,0.5922857142857143,0.0,0.312,0.0,0.0,0.0,0.0
G4.3.3,50,25,4,0.92,0.6973913043478263,0.0,1.0,1.0,1.0,1.0,0.0,1.0,0.0,1.0,0.0,0.0,0.0,0.0,0.0,0.44,0.5552504638218924,0.0,0.31090909090909097,0.0,0.0,0.0,0.0
G4.3.3,50,50,0,0.98,0.6881632653061227,0.0,1.0,1.0,1.0,1.0,0.0,1.0,0.0,1.0,0.0,0.0,0.0,0.0,0.0,0.38,0.5517722878625135,0.0,0.3568421052631579,0.0,0.0,0.0,0.0
G4.3.3,50,50,1,0.96,0.700416666666667,0.0,1.0,1.0,1.0,1.0,0.0,1.0,0.0,1.0,0.0,0.0,0.0,0.0,0.0,0.42,0.5679883381924199,0.0,0.3123809523809525,0.0,0.0,0.0,0.0
G4.3.3,50,50,2,1.0,0.7008000000000003,0.0,1.0,1.0,1.0,1.0,0.0,1.0,0.0,1.0,0.0,0.0,0.0,0.0,0.0,0.14,0.5745189504373179,0.0,0.31714285714285717,0.0,0.0,0.0,0.0
G4.3.3,50,50,3,0.92,0.710434782608696,0.0,1.0,1.0,1.0,1.0,0.0,1.0,0.0,1.0,0.0,0.0,0.0,0.0,0.0,0.32,0.5609438775510205,0.0,0.29875000000000007,0.0,0.0,0.0,0.0
G4.3.3,50,50,4,0.94,0.6842553191489364,0.0,1.0,1.0,1.0,1.0,0.0,1.0,0.0,1.0,0.0,0.0,0.0,0.0,0.0,0.38,0.5678625134264234,0.0,0.3336842105263158,0.0,0.0,0.0,0.0
G4.3.3,50,100,0,0.96,0.7000000000000005,0.0,1.0,1.0,1.0,1.0,0.0,1.0,0.0,1.0,0.0,0.0,0.0,0.0,0.0,0.3,0.5590068027210887,0.0,0.30933333333333335,0.0,0.0,0.0,0.0
G4.3.3,50,100,1,1.0,0.6958000000000003,0.0,1.0,1.0,1.0,1.0,0.0,1.0,0.0,1.0,0.0,0.0,0.0,0.0,0.0,0.46,0.5692901508429461,0.0,0.2873913043478261,0.0,0.0,0.0,0.0
G4.3.3,50,100,2,1.0,0.6966000000000004,0.0,1.0,1.0,1.0,1.0,0.0,1.0,0.0,1.0,0.0,0.0,0.0,0.0,0.0,0.4,0.568214285714286,0.0,0.3095,0.0,0.0,0.0,0.0
G4.3.3,50,100,3,0.98,0.6973469387755107,0.0,1.0,1.0,1.0,1.0,0.0,1.0,0.0,1.0,0.0,0.0,0.0,0.0,0.0,0.38,0.5691621911922667,0.0,0.32263157894736844,0.0,0.0,0.0,0.0
G4.3.3,50,100,4,1.0,0.7016000000000004,0.0,1.0,1.0,1.0,1.0,0.0,1.0,0.0,1.0,0.0,0.0,0.0,0.0,0.0,0.3,0.5489387755102044,0.0,0.31466666666666665,0.0,0.0,0.0,0.0
G4.3.3,100,10,0,0.93,0.7440860215053765,0.0,1.0,1.0,1.0,1.0,0.0,1.0,0.0,1.0,0.0,0.0,0.0,0.0,0.0,0.34,0.572875816993464,0.0,0.26176470588235295,0.0,0.0,0.0,0.0
G4.3.3,100,10,1,0.84,0.7428571428571429,0.0,1.0,1.0,1.0,1.0,0.0,1.0,0.0,1.0,0.0,0.0,0.0,0.0,0.0,0.25,0.6005252525252525,0.0,0.28,0.0,0.0,0.0,0.0
G4.3.3,100,10,2,0.82,0.7353658536585365,0.0,1.0,1.0,1.0,1.0,0.0,1.0,0.0,1.0,0.0,0.0,0.0,0.0,0.0,0.2,0.608989898989899,0.15,0.31,0.0,0.0,0.0,0.0
G4.3.3,100,10,3,0.89,0.7528089887640448,0.0,1.0,1.0,1.0,1.0,0.0,1.0,0.0,1.0,0.0,0.0,0.0,0.0,0.0,0.26,0.6153069153069152,0.0,0.25000000000000006,0.0,0.0,0.0,0.0
G4.3.3,100,10,4,0.92,0.7293478260869563,0.0,1.0,1.0,1.0,1.0,0.0,1.0,0.0,1.0,0.0,0.0,0.0,0.0,0.0,0.26,0.5858585858585857,0.0,0.31153846153846154,0.0,0.0,0.0,0.0
G4.3.3,100,25,0,0.92,0.6921739130434782,0.0,1.0,1.0,1.0,1.0,0.0,1.0,0.0,1.0,0.0,0.0,0.0,0.0,0.0,0.37,0.565034125034125,0.0,0.33297297297297296,0.0,0.0,0.0,0.0
G4.3.3,100,25,1,0.93,0.7105376344086022,0.0,1.0,1.0,1.0,1.0,0.0,1.0,0.0,1.0,0.0,0.0,0.0,0.0,0.0,0.35,0.5759653679653678,0.0,0.30857142857142855,0.0,0.0,0.0,0.0
G4.3.3,100,25,2,0.94,0.72,0.0,1.0,1.0,1.0,1.0,0.0,1.0,0.0,1.0,0.0,0.0,0.0,0.0,0.0,0.24,0.5739225589225588,0.0,0.2866666666666667,0.0,0.0,0.0,0.0
G4.3.3,100,25,3,0.93,0.7027956989247311,0.0,1.0,1.0,1.0,1.0,0.0,1.0,0.0,1.0,0.0,0.0,0.0,0.0,0.0,0.35,0.5753650793650793,0.0,0.31999999999999995,0.0,0.0,0.0,0.0
G4.3.3,100,25,4,0.94,0.7131914893617021,0.0,1.0,1.0,1.0,1.0,0.0,1.0,0.0,1.0,0.0,0.0,0.0,0.0,0.0,0.36,0.5732435465768799,0.0,0.2955555555555555,0.0,0.0,0.0,0.0
G4.3.3,100,50,0,0.96,0.697916666666667,0.0,1.0,1.0,1.0,1.0,0.0,1.0,0.0,1.0,0.0,0.0,0.0,0.0,0.0,0.31,0.5572694688823723,0.0,0.3219354838709677,0.0,0.0,0.0,0.0
G4.3.3,100,50,1,0.95,0.6974736842105268,0.0,1.0,1.0,1.0,1.0,0.0,1.0,0.0,1.0,0.0,0.0,0.0,0.0,0.0,0.33,0.5548209366391187,0.0,0.30787878787878786,0.0,0.0,0.0,0.0
G4.3.3,100,50,2,0.97,0.687835051546392,0.0,1.0,1.0,1.0,1.0,0.0,1.0,0.0,1.0,0.0,0.0,0.0,0.0,0.0,0.25,0.5560808080808082,0.0,0.3336,0.0,0.0,0.0,0.0
G4.3.3,100,50,3,0.93,0.7053763440860218,0.0,1.0,1.0,1.0,1.0,0.0,1.0,0.0,1.0,0.0,0.0,0.0,0.0,0.0,0.35,0.568842712842713,0.0,0.30857142857142855,0.0,0.0,0.0,0.0
G4.3.3,100,50,4,0.96,0.6933333333333337,0.0,1.0,1.0,1.0,1.0,0.0,1.0,0.0,1.0,0.0,0.0,0.0,0.0,0.0,0.42,0.5633573833573835,0.0,0.3152380952380952,0.0,0.0,0.0,0.0
G4.3.3,100,100,0,0.99,0.6948484848484854,0.0,1.0,1.0,1.0,1.0,0.0,1.0,0.0,1.0,0.0,0.0,0.0,0.0,0.0,0.31,0.562111436950147,0.0,0.3116129032258065,0.0,0.0,0.0,0.0
G4.3.3,100,100,1,0.97,0.691649484536083,0.0,1.0,1.0,1.0,1.0,0.0,1.0,0.0,1.0,0.0,0.0,0.0,0.0,0.0,0.3,0.5585286195286199,0.0,0.323,0.0,0.0,0.0,0.0
G4.3.3,100,100,2,0.99,0.6948484848484854,0.0,1.0,1.0,1.0,1.0,0.0,1.0,0.0,1.0,0.0,0.0,0.0,0.0,0.0,0.26,0.5662237762237765,0.0,0.3026923076923077,0.0,0.0,0.0,0.0
G4.3.3,100,100,3,1.0,0.6908000000000004,0.0,1.0,1.0,1.0,1.0,0.0,1.0,0.0,1.0,0.0,0.0,0.0,0.0,0.0,0.36,0.5549326599326602,0.0,0.3113888888888889,0.0,0.0,0.0,0.0
G4.3.3,100,100,4,1.0,0.6972000000000004,0.0,1.0,1.0,1.0,1.0,0.0,1.0,0.0,1.0,0.0,0.0,0.0,0.0,0.0,0.38,0.5559888357256781,0.0,0.3015789473684211,0.0,0.0,0.0,0.0
