SERVICES,AVG_10,AVG_25,AVG_50,AVG_100
10,0.00039658137842154997,0.0006737735276995333,0.0012670246021385333,0.0023897782835208166
25,0.00232009999909405,0.004994241257636966,0.00714517964785355,0.015667559210530365
50,0.00980007811409135,0.021514123121908816,0.035441655444083696,0.06266287939233808
100,0.038374929125446704,0.08647378251046782,0.1430552637983373,0.22059719207043393
