SERVICE_DATA,AVG_ALL_10,AVG_ALL_25,AVG_ALL_50,AVG_ALL_100,AVG_ANALYSIS_10,AVG_ANALYSIS_25,AVG_ANALYSIS_50,AVG_ANALYSIS_100,AVG_PLANNING_10,AVG_PLANNING_25,AVG_PLANNING_50,AVG_PLANNING_100,AVG_EXECUTION_10,AVG_EXECUTION_25,AVG_EXECUTION_50,AVG_EXECUTION_100
10,2.5544717049754797e-06,1.3199421532163953e-05,4.487156507416835e-05,0.00016613893676545,9.84564716770322e-05,0.0006320314190678833,0.002302552486817533,0.008708324460252584,0.00029475257235858334,0.0022272334281481167,0.0086458832356315,0.034453420720050636,0.0001683899362572,0.00115415313929685,0.004328883564301583,0.017100450246188035
25,3.0103597393680563e-06,1.3849216290206337e-05,4.972152496015446e-05,0.00019047483607811664,0.0002787492594298,0.0015377189568960834,0.005806476493342883,0.022804560385863034,0.0008457250816533832,0.005484171163899599,0.02187187794925305,0.08893153870608123,0.00043335169868475003,0.00274889472773325,0.011104377514463283,0.04458046607915833
50,2.9427366161152423e-06,1.4938732671784127e-05,5.304247384802217e-05,0.0002021735999733,0.0005236412737989166,0.003234898429079917,0.012151778725687333,0.048372572276244696,0.0015854370372463502,0.01153408878480685,0.04562628209250095,0.1868214375847148,0.00087139836616155,0.005868061093094667,0.02324989690930172,0.09368258296877184
100,2.9392555697391155e-06,1.4696795215758568e-05,5.405276897363365e-05,0.00020696112769650002,0.00102800484628935,0.0062044234967153335,0.02423587822753145,0.0963358108885586,0.0031478210108931335,0.022116496893365502,0.09112298027813642,0.37363021816709074,0.0018074910701246334,0.011304512352555217,0.0459701479280396,0.18837670239089574
