SERVICES_SDS,AVG_SUCC_RATE_OUR,AVG_SUCC_RATE_SOA,AVG_SATISFACTION,STD_SUCC_RATE_OUR,STD_SUCC_RATE_SOA,STD_SATISFACTION
10_*,0.9550000000000001,0.0,0.6769944444444447,0.02581138830084189,0.0,0.02838706123246914
25_*,0.946,0.0,0.6976390080933561,0.03249489742783178,0.0,0.017110669039822703
50_*,0.9410000000000001,0.0,0.7086697949029079,0.022457952941079305,0.0,0.011063389591862344
100_*,0.944,0.0,0.7018900151791717,0.01685474392396902,0.0,0.008372476469790566
*_10,0.8870000000000001,0.0,0.7090112336465728,0.03832305430808984,0.0,0.028621307996230957
*_25,0.9185,0.0,0.6979195316819953,0.043057656121351366,0.0,0.017536244059488507
*_50,0.9864999999999999,0.0,0.6905563196928259,0.005322796216858136,0.0,0.010148778911860869
*_100,0.994,0.0,0.6877061775984864,0.010915475947422648,0.0,0.008627265366364415
