SERVICES_SDS,AVG_SUCC_RATE_OUR,AVG_SUCC_RATE_SOA,AVG_SATISFACTION,STD_SUCC_RATE_OUR,STD_SUCC_RATE_SOA,STD_SATISFACTION
10_*,0.98,0.0,0.7607166666666669,0.029999999999999995,0.0,0.024591305632039262
25_*,0.978,0.0,0.7743843478260872,0.018198039027185562,0.0,0.011760840355969585
50_*,0.975,0.0,0.7756641517889921,0.00748331477354788,0.0,0.009692615035547544
100_*,0.983,0.0,0.7825482739863951,0.004966402258165524,0.0,0.0068750383920012
*_10,0.942,0.0,0.7851726597029499,0.027681353800733433,0.0,0.02403279929721228
*_25,0.974,0.0,0.7659857805651906,0.03296640225816553,0.0,0.01163211313237105
*_50,1.0,0.0,0.7709400000000003,0.0,0.0,0.009146986878022728
*_100,1.0,0.0,0.7712150000000004,0.0,0.0,0.008107900107951531
