SERVICES_SDS,AVG_SUCC_RATE_OUR,AVG_SUCC_RATE_SOA,AVG_SATISFACTION,STD_SUCC_RATE_OUR,STD_SUCC_RATE_SOA,STD_SATISFACTION
10_*,0.9400000000000001,0.0,0.6989333333333335,0.04870828693386969,0.0,0.039735254823627095
25_*,0.9420000000000001,0.0,0.7069810549595335,0.021681353800733452,0.0,0.016323317020216457
50_*,0.966,0.0,0.7028938043950237,0.017049834856670897,0.0,0.010122518539648651
100_*,0.9500000000000001,0.0,0.7022432844260371,0.012736253816492744,0.0,0.006399482659879321
*_10,0.902,0.0,0.7223836076499506,0.03764798334782921,0.0,0.030154388510395973
*_25,0.915,0.0,0.704354559425397,0.037376285870711144,0.0,0.020103252568349238
*_50,0.9885,0.0,0.6908997406714389,0.01192671531783485,0.0,0.011295856372078276
*_100,0.9925,0.0,0.6934135693671413,0.01322474487139159,0.0,0.01102707559254804
