SERVICES_SDS,AVG_SUCC_RATE_OUR,AVG_SUCC_RATE_SOA,AVG_SATISFACTION,STD_SUCC_RATE_OUR,STD_SUCC_RATE_SOA,STD_SATISFACTION
10_*,0.665,0.0,0.6098386904761905,0.1543910601596751,0.0,0.0338137948847428
25_*,0.6940000000000001,0.0,0.6024695059562901,0.07457836948025563,0.0,0.012760078280996805
50_*,0.6890000000000001,0.0,0.6065718000978446,0.08294879323073359,0.0,0.011531923435548602
100_*,0.71,0.0,0.6075368728298769,0.0386331111320167,0.0,0.007251379903231334
*_10,0.6745,0.0,0.6180102791672636,0.06092621659315347,0.0,0.029255037502910978
*_25,0.6665,0.0,0.6095420338301141,0.1164208295434462,0.0,0.015436986009422726
*_50,0.6930000000000001,0.0,0.5992350576963067,0.08592664157724494,0.0,0.011334718859544027
*_100,0.724,0.0,0.5996294986665178,0.08727764628883644,0.0,0.009330434132641811
