SERVICES_SDS,AVG_SUCC_RATE_OUR,AVG_SUCC_RATE_SOA,AVG_SATISFACTION,STD_SUCC_RATE_OUR,STD_SUCC_RATE_SOA,STD_SATISFACTION
10_*,0.98,0.0,0.7847388888888891,0.029999999999999995,0.0,0.025639375219397742
25_*,0.99,0.0,0.7855766666666669,0.009797958971132722,0.0,0.009117052418095947
50_*,0.979,0.0,0.7810995955076452,0.006472135954999573,0.0,0.009265353632789594
100_*,0.9845,0.0,0.7796908930593944,0.008238844848978962,0.0,0.010818448991865773
*_10,0.947,0.0,0.7927766867735945,0.03421879529798225,0.0,0.0232785413435563
*_25,0.9865,0.0,0.7828993573490003,0.020290144477129,0.0,0.013249516365105822
*_50,1.0,0.0,0.7788400000000004,0.0,0.0,0.012775972781436556
*_100,1.0,0.0,0.7765900000000003,0.0,0.0,0.005536199772050378
