SERVICES_SDS,AVG_SUCC_RATE_OUR,AVG_SUCC_RATE_SOA,AVG_SATISFACTION,STD_SUCC_RATE_OUR,STD_SUCC_RATE_SOA,STD_SATISFACTION
10_*,0.55,0.0,0.5802250000000001,0.12039775421047143,0.0,0.02152893891366647
25_*,0.7,0.0,0.6089452034828777,0.07271433422630665,0.0,0.014455888626588392
50_*,0.692,0.0,0.6108542262355101,0.06670356596131977,0.0,0.008989949246880036
100_*,0.6905,0.0,0.6118199823480148,0.032113470659899855,0.0,0.012531324665452932
*_10,0.6585,0.0,0.6391294249375596,0.06944508062870916,0.0,0.024184400139766617
*_25,0.6685000000000001,0.0,0.6040742094489996,0.08692371782296325,0.0,0.013389936840753795
*_50,0.6795,0.0,0.589541004794439,0.060834055918195434,0.0,0.009262307221195176
*_100,0.6260000000000001,0.0,0.5790997728854044,0.07472627068812984,0.0,0.010669457250872243
