SERVICES_SDS,AVG_SUCC_RATE_OUR,AVG_SUCC_RATE_SOA,AVG_SATISFACTION,STD_SUCC_RATE_OUR,STD_SUCC_RATE_SOA,STD_SATISFACTION
10_*,0.9,0.0,0.6802488095238097,0.0678630464080962,0.0,0.020793187058541208
25_*,0.94,0.0,0.7042354870960243,0.04942361028165393,0.0,0.015178919873215966
50_*,0.9390000000000001,0.0,0.7043798748653244,0.03688095922497218,0.0,0.010759692863372035
100_*,0.9444999999999999,0.0,0.7056034901972255,0.016935196223112677,0.0,0.00940633357851289
*_10,0.8585,0.0,0.7038282044209181,0.07401790187724919,0.0,0.02316059606912945
*_25,0.9119999999999999,0.0,0.7011858466057675,0.05384759576642078,0.0,0.013204805026614936
*_50,0.964,0.0,0.6979541105526264,0.023366485800778037,0.0,0.012903556773008251
*_100,0.989,0.0,0.6914995001030719,0.019870828693386976,0.0,0.006869175504889463
