SERVICES_SDS,AVG_SUCC_RATE_OUR,AVG_SUCC_RATE_SOA,AVG_SATISFACTION,STD_SUCC_RATE_OUR,STD_SUCC_RATE_SOA,STD_SATISFACTION
10_*,0.97,0.0,0.7002222222222224,0.04224744871391588,0.0,0.018321877050294724
25_*,0.946,0.0,0.6997106865236216,0.028809880942661282,0.0,0.014552055954836095
50_*,0.952,0.0,0.6989424748733347,0.023457626874144252,0.0,0.012213124940545782
100_*,0.9510000000000001,0.0,0.7021762706120025,0.009846679356995907,0.0,0.004925021909027165
*_10,0.902,0.0,0.7075820033821166,0.03746254207160522,0.0,0.02396842372452174
*_25,0.9445,0.0,0.6989991572484614,0.038156862934980225,0.0,0.008444994596772323
*_50,0.983,0.0,0.697266124913734,0.012618506524173925,0.0,0.008482527666140145
*_100,0.9895,0.0,0.6972043686868692,0.01612372435695795,0.0,0.009116133867269558
