SERVICES_SDS,AVG_SUCC_RATE_OUR,AVG_SUCC_RATE_SOA,AVG_SATISFACTION,STD_SUCC_RATE_OUR,STD_SUCC_RATE_SOA,STD_SATISFACTION
10_*,0.605,0.0,0.5420428571428572,0.15672702310079317,0.0,0.03082456910636541
25_*,0.654,0.0,0.5959873582788453,0.13072295835200262,0.0,0.02949952240000483
50_*,0.691,0.0,0.6110712914068697,0.05375139744551827,0.0,0.013370577779141095
100_*,0.7210000000000001,0.0,0.6112868639179898,0.02797297507638639,0.0,0.013047562655506642
*_10,0.6745,0.0,0.6198752178311929,0.09419509694498347,0.0,0.03172468477263397
*_25,0.6295,0.0,0.5785439822491523,0.11296774312726192,0.0,0.02878509796538651
*_50,0.7010000000000001,0.0,0.5878430947331954,0.08806861447631109,0.0,0.0147238094614306
*_100,0.666,0.0,0.5741260759330212,0.07394289942614397,0.0,0.011508639741566901
