SERVICES_SDS,AVG_SUCC_RATE_OUR,AVG_SUCC_RATE_SOA,AVG_SATISFACTION,STD_SUCC_RATE_OUR,STD_SUCC_RATE_SOA,STD_SATISFACTION
10_*,0.96,0.0,0.7692000000000003,0.04391164991562635,0.0,0.02205961911519135
25_*,0.984,0.0,0.7803596969696972,0.01756465996625054,0.0,0.016212610092689508
50_*,0.984,0.0,0.782150580599745,0.011051815009825803,0.0,0.010485604596043889
100_*,0.9784999999999999,0.0,0.7831315300632944,0.007597553108250711,0.0,0.007749069223628766
*_10,0.9229999999999999,0.0,0.7836250890486087,0.06014065435123748,0.0,0.026767854413644952
*_25,0.9835,0.0,0.7789767185841272,0.019985023648715922,0.0,0.014172761991031001
*_50,1.0,0.0,0.7761400000000004,0.0,0.0,0.009926513191199277
*_100,1.0,0.0,0.7761000000000005,0.0,0.0,0.005639773431678282
