SERVICES_SDS,AVG_SUCC_RATE_OUR,AVG_SUCC_RATE_SOA,AVG_SATISFACTION,STD_SUCC_RATE_OUR,STD_SUCC_RATE_SOA,STD_SATISFACTION
10_*,0.99,0.0,0.7644611111111113,0.012247448713915886,0.0,0.022096828890612378
25_*,0.988,0.0,0.7705836956521741,0.01032455532033676,0.0,0.0160095933219309
50_*,0.982,0.0,0.780179445886588,0.009082739323493978,0.0,0.007618757737803762
100_*,0.9864999999999999,0.0,0.7799306025714647,0.006847679857416329,0.0,0.005328743505369217
*_10,0.957,0.0,0.7810756313499706,0.030052933472379764,0.0,0.01718816866954243
*_25,0.9894999999999999,0.0,0.7701592238713668,0.008449489742783185,0.0,0.014723941368402677
*_50,1.0,0.0,0.7723400000000004,0.0,0.0,0.014226140680091471
*_100,1.0,0.0,0.7715800000000004,0.0,0.0,0.004915672737679683
