SERVICES_SDS,AVG_SUCC_RATE_OUR,AVG_SUCC_RATE_SOA,AVG_SATISFACTION,STD_SUCC_RATE_OUR,STD_SUCC_RATE_SOA,STD_SATISFACTION
10_*,0.59,0.0,0.5490313492063493,0.15746427110266892,0.0,0.034762809942500215
25_*,0.692,0.0,0.6022977598174699,0.0772053491837933,0.0,0.018737204807495304
50_*,0.6819999999999999,0.0,0.608287609980008,0.039522544029171075,0.0,0.012321925380119152
100_*,0.7095,0.0,0.6096183002081641,0.036486754508543315,0.0,0.007537563503898902
*_10,0.673,0.0,0.6325608808117751,0.08381411043208602,0.0,0.024730399383870935
*_25,0.6275,0.0,0.5791217357469531,0.0882182454596791,0.0,0.02132428748375392
*_50,0.723,0.0,0.5801871692814479,0.071377872559817,0.0,0.019961848000132492
*_100,0.6499999999999999,0.0,0.5773652333718152,0.0672686903725945,0.0,0.007342968766256227
