SERVICES_SDS,AVG_SUCC_RATE_OUR,AVG_SUCC_RATE_SOA,AVG_SATISFACTION,STD_SUCC_RATE_OUR,STD_SUCC_RATE_SOA,STD_SATISFACTION
10_*,0.9550000000000001,0.0,0.7628357142857145,0.04140220818814239,0.0,0.019047622095862325
25_*,0.984,0.0,0.7830619565217394,0.011999999999999997,0.0,0.013302735785469746
50_*,0.984,0.0,0.7815309987497931,0.011999999999999999,0.0,0.012959254791026335
100_*,0.9875,0.0,0.7821098809897704,0.007210748742525407,0.0,0.006348693257757485
*_10,0.9319999999999999,0.0,0.784927632084036,0.04962689542922607,0.0,0.022525157273933033
*_25,0.9785,0.0,0.7738459184629805,0.022986061501441727,0.0,0.013341193447359314
*_50,1.0,0.0,0.7775900000000004,0.0,0.0,0.009824699314031838
*_100,1.0,0.0,0.7731750000000005,0.0,0.0,0.005967255894791708
