SERVICES_SDS,AVG_SUCC_RATE_OUR,AVG_SUCC_RATE_SOA,AVG_SATISFACTION,STD_SUCC_RATE_OUR,STD_SUCC_RATE_SOA,STD_SATISFACTION
10_*,0.975,0.0,0.7707916666666669,0.022360679774997894,0.0,0.01861592881137518
25_*,0.986,0.0,0.7787990909090912,0.013797958971132713,0.0,0.01139305079174751
50_*,0.99,0.0,0.7784739614994935,0.00754850925637597,0.0,0.0077371838852521805
100_*,0.981,0.0,0.7825785530592402,0.010198039027185569,0.0,0.005741567297741713
*_10,0.9404999999999999,0.0,0.7866135729227224,0.044906187530112565,0.0,0.021379804944203867
*_25,0.9914999999999999,0.0,0.7743346992117686,0.00899899949957958,0.0,0.008687319834740491
*_50,1.0,0.0,0.7767800000000004,0.0,0.0,0.009148110445033454
*_100,1.0,0.0,0.7729150000000005,0.0,0.0,0.004272495562138771
