SERVICES_SDS,AVG_RELEVANT_CHANGES_OUR,AVG_APPLICATION_STABILITY_OUR,AVG_SERVICE_STABILITY_OUR,STD_RELEVANT_CHANGE_OUR,STD_APPLICATION_STABILITY_OUR,STD_SERVICE_STABILITY_OUR
10_*,0.6278968253968253,1.0,0.9062023809523809,0.20610602282319745,0.0,0.038134133011107185
25_*,0.6797988801703972,1.0,0.9613144718450568,0.19459318631328382,0.0,0.017314511168204247
50_*,0.7203494371772855,1.0,0.9738112189855836,0.2145121098302609,0.0,0.011781710952538698
100_*,0.5945951096215655,1.0,0.989553407826204,0.2288738833639257,0.0,0.0022917556443213184
*_10,0.711472621484629,1.0,0.9412171191391242,0.24351576149472542,0.0,0.018886539035195216
*_25,0.7269160507596248,1.0,0.9615490574694219,0.18960033959463163,0.0,0.0226517776995379
*_50,0.6259143519161705,1.0,0.9570430240891148,0.22466365068415842,0.0,0.011499526453779689
*_100,0.5583372282056493,1.0,0.9710722789115647,0.18630545055715245,0.0,0.016484267587658644
