SERVICES_SDS,AVG_RELEVANT_CHANGES_OUR,AVG_APPLICATION_STABILITY_OUR,AVG_SERVICE_STABILITY_OUR,STD_RELEVANT_CHANGE_OUR,STD_APPLICATION_STABILITY_OUR,STD_SERVICE_STABILITY_OUR
10_*,0.7124999999999999,1.0,0.8633630952380952,0.30949661239707105,0.0,0.12024935794646913
25_*,0.88,0.996875,0.9314159392057031,0.21695359714832657,0.0062499999999999995,0.03907395587274429
50_*,0.8356944444444444,1.0,0.9683646507973832,0.2236957867791774,0.0,0.023392406058088122
100_*,0.6999248890943938,1.0,0.9875337403241891,0.2187531193930463,0.0,0.007549309060158998
*_10,0.7316847041847041,1.0,0.9457208645083945,0.2861912546031165,0.0,0.02706097044347912
*_25,0.6329166666666667,1.0,0.9188636893077683,0.3544288520162898,0.0,0.08186288977574063
*_50,0.8392867965367965,1.0,0.9464167936032936,0.19009882955217985,0.0,0.03895522480715352
*_100,0.9242311661506708,0.996875,0.9396760781459141,0.1381801795460352,0.0062499999999999995,0.042385943911087264
