SERVICES_SDS,AVG_RELEVANT_CHANGES_OUR,AVG_APPLICATION_STABILITY_OUR,AVG_SERVICE_STABILITY_OUR,STD_RELEVANT_CHANGE_OUR,STD_APPLICATION_STABILITY_OUR,STD_SERVICE_STABILITY_OUR
10_*,0.8,1.0,0.8079662698412698,0.2224744871391589,0.0,0.08684573178550141
25_*,1.0,1.0,0.8832116698820504,0.0,0.0,0.04325480273940589
50_*,0.99,1.0,0.9457996654940992,0.012247448713915888,0.0,0.02503580681888487
100_*,0.9864583333333333,1.0,0.970610707065064,0.020438020158138854,0.0,0.012042158246139842
*_10,0.8285416666666666,1.0,0.946756986185602,0.15099328934454698,0.0,0.03962867568805649
*_25,0.9979166666666667,1.0,0.8964121200315647,0.004166666666666663,0.0,0.04364250884615102
*_50,1.0,1.0,0.891978386515233,0.0,0.0,0.025573897885850252
*_100,0.95,1.0,0.8724408195500839,0.1,0.0,0.058333417169874245
