SERVICES_SDS,AVG_RELEVANT_CHANGES_OUR,AVG_APPLICATION_STABILITY_OUR,AVG_SERVICE_STABILITY_OUR,STD_RELEVANT_CHANGE_OUR,STD_APPLICATION_STABILITY_OUR,STD_SERVICE_STABILITY_OUR
10_*,0.5166666666666666,1.0,0.9436111111111111,0.3536652694755466,0.0,0.05248233152046743
25_*,0.7659523809523809,1.0,0.9572466465901248,0.2266950147125673,0.0,0.023096071531136717
50_*,0.5489774123365455,1.0,0.9778387036032509,0.2880440111100496,0.0,0.010963302618941162
100_*,0.6468680118085152,1.0,0.9885696122634862,0.235616445346292,0.0,0.005098776721920813
*_10,0.7504994067293839,1.0,0.9585622923218095,0.2282514184887709,0.0,0.024527800329603458
*_25,0.6327439309056956,1.0,0.9637262812461634,0.3369632964146646,0.0,0.022339646050989176
*_50,0.601629642287537,1.0,0.9687441666666667,0.3080497035467561,0.0,0.02706410647405776
*_100,0.49359149184149187,1.0,0.9762333333333333,0.2307563221942639,0.0,0.01770892953781573
