SERVICES_SDS,AVG_RELEVANT_CHANGES_OUR,AVG_APPLICATION_STABILITY_OUR,AVG_SERVICE_STABILITY_OUR,STD_RELEVANT_CHANGE_OUR,STD_APPLICATION_STABILITY_OUR,STD_SERVICE_STABILITY_OUR
10_*,0.42500000000000004,0.99,0.9255357142857142,0.3949489742783178,0.019999999999999997,0.09584869934050928
25_*,0.9166666666666666,1.0,0.928670728637834,0.08985274985937725,0.0,0.04819598380205121
50_*,0.9807142857142856,1.0,0.9398157977994634,0.02781131761990255,0.0,0.031450866544049265
100_*,0.9171331527949175,1.0,0.9778981715010657,0.1108692965842385,0.0,0.014924437308600453
*_10,0.6405400155400155,1.0,0.9595440622830329,0.19848435997471997,0.0,0.045061467803968504
*_25,0.7989740896358544,1.0,0.943013812791976,0.2025234912279572,0.0,0.0591503818892549
*_50,0.95,1.0,0.9275792126520904,0.1,0.0,0.04765177313775776
*_100,0.85,0.99,0.941783324496978,0.12247448713915891,0.019999999999999997,0.03855636416422904
