SERVICES_SDS,AVG_RELEVANT_CHANGES_OUR,AVG_APPLICATION_STABILITY_OUR,AVG_SERVICE_STABILITY_OUR,STD_RELEVANT_CHANGE_OUR,STD_APPLICATION_STABILITY_OUR,STD_SERVICE_STABILITY_OUR
10_*,0.7751388888888888,0.995,0.870921657046657,0.1242623485368107,0.009999999999999997,0.06046675935048616
25_*,0.9353247060387153,1.0,0.9554874497204286,0.06872287499967719,0.0,0.025853848230442445
50_*,0.9362135901270027,1.0,0.9679926188973582,0.05739670098633628,0.0,0.011886017219232508
100_*,0.9546145025199108,1.0,0.9848520569893351,0.049317709902366134,0.0,0.007436873034445275
*_10,0.7946097421097421,1.0,0.9515806341074188,0.13234970866298446,0.0,0.028499119110885554
*_25,0.8924466526772066,1.0,0.947785689841554,0.08340689361073103,0.0,0.01847685159221267
*_50,0.9463886042588351,1.0,0.9405931129886429,0.04271639160197122,0.0,0.02424173603389443
*_100,0.9678466885287338,0.995,0.9392943457161632,0.041226640549503604,0.009999999999999997,0.034425791097613734
