SERVICES_SDS,AVG_RELEVANT_CHANGES_OUR,AVG_APPLICATION_STABILITY_OUR,AVG_SERVICE_STABILITY_OUR,STD_RELEVANT_CHANGE_OUR,STD_APPLICATION_STABILITY_OUR,STD_SERVICE_STABILITY_OUR
10_*,0.3625,0.9785714285714285,0.94875,0.3283761865766537,0.042857142857142864,0.05416666666666666
25_*,0.9161904761904762,1.0,0.912395901258614,0.13163711474642495,0.0,0.05533025839781239
50_*,0.9614285714285714,1.0,0.9388442913113716,0.05499271061118825,0.0,0.0266506521916594
100_*,0.9697309226720991,1.0,0.9671433681322775,0.026480066082817357,0.0,0.017670976287971457
*_10,0.6930642560054325,1.0,0.9526883222751428,0.12168132001185912,0.0,0.032199205468865524
*_25,0.8667857142857143,1.0,0.9132726499878628,0.19733027086606617,0.0,0.050099914378990335
*_50,0.85,0.9785714285714285,0.9433635102907193,0.12247448713915891,0.042857142857142864,0.04261420913993123
*_100,0.8,1.0,0.9578090781485383,0.10000000000000002,0.0,0.02890522455632281
