SERVICES_SDS,AVG_RELEVANT_CHANGES_OUR,AVG_APPLICATION_STABILITY_OUR,AVG_SERVICE_STABILITY_OUR,STD_RELEVANT_CHANGE_OUR,STD_APPLICATION_STABILITY_OUR,STD_SERVICE_STABILITY_OUR
10_*,0.25,1.0,0.9627777777777777,0.29381518109963356,0.0,0.04973478273648546
25_*,0.35865079365079366,1.0,0.9779021739130435,0.2587628313499347,0.0,0.017595326040136285
50_*,0.3244920439038086,1.0,0.989196701132768,0.17834078552553434,0.0,0.011632749976330434
100_*,0.344399512309729,1.0,0.994129120148857,0.23710717546654236,0.0,0.004179856954630958
*_10,0.4606776556776557,1.0,0.9758373757373465,0.3537454432318569,0.0,0.022797637664402917
*_25,0.4591817985935633,1.0,0.9760600639017664,0.31149018004347173,0.0,0.023316354148403398
*_50,0.18058250572956455,1.0,0.9842333333333333,0.141097834807873,0.0,0.019379744409210458
*_100,0.17710038986354776,1.0,0.9878750000000001,0.1616925153584433,0.0,0.017648979485566367
