SERVICES_SDS,AVG_RELEVANT_CHANGES_OUR,AVG_APPLICATION_STABILITY_OUR,AVG_SERVICE_STABILITY_OUR,STD_RELEVANT_CHANGE_OUR,STD_APPLICATION_STABILITY_OUR,STD_SERVICE_STABILITY_OUR
10_*,0.9083333333333333,1.0,0.8401388888888889,0.1445705769029128,0.0,0.08510755735670103
25_*,0.9574404761904762,1.0,0.9405892916894469,0.0511442629942252,0.0,0.03102453431089201
50_*,0.9285477022977023,1.0,0.972114192243641,0.08140080444216558,0.0,0.00858196869233769
100_*,0.9478479300627134,1.0,0.9848711626963436,0.0415117433406699,0.0,0.007427060930337662
*_10,0.8292964420770148,1.0,0.93949332943594,0.1667050587860647,0.0,0.03597989481835125
*_25,0.9623556005398111,1.0,0.9466051728037628,0.05295712742870728,0.0,0.03321305992495002
*_50,0.9576007326007326,1.0,0.9424356807385039,0.0847985347985348,0.0,0.03880239965002516
*_100,0.9929166666666667,1.0,0.9091793525401137,0.01416666666666666,0.0,0.02414576689694196
