SERVICES_SDS,AVG_RELEVANT_CHANGES_OUR,AVG_APPLICATION_STABILITY_OUR,AVG_SERVICE_STABILITY_OUR,STD_RELEVANT_CHANGE_OUR,STD_APPLICATION_STABILITY_OUR,STD_SERVICE_STABILITY_OUR
10_*,0.8890674603174603,1.0,0.8517460317460318,0.15851402378369797,0.0,0.07822475800158199
25_*,0.9593040293040294,1.0,0.9325843691163486,0.04727957451655681,0.0,0.03831754030614219
50_*,0.9337502173059017,1.0,0.9702054652829192,0.08575969054389262,0.0,0.014331840422511849
100_*,0.9189862204080452,1.0,0.9838344126187881,0.0656940857158576,0.0,0.00880280138262857
*_10,0.8070094304045442,1.0,0.9363145615290798,0.2045066451516626,0.0,0.04075660526018915
*_25,0.9448009565231928,1.0,0.9247798653449127,0.06575647220797066,0.0,0.03329450406365491
*_50,0.9572747990213744,1.0,0.9472784158770737,0.07266075952012503,0.0,0.026799728526284112
*_100,0.9920227413863252,1.0,0.9299974360130213,0.014323497680246705,0.0,0.03882610226273644
