SERVICES_SDS,AVG_RELEVANT_CHANGES_OUR,AVG_APPLICATION_STABILITY_OUR,AVG_SERVICE_STABILITY_OUR,STD_RELEVANT_CHANGE_OUR,STD_APPLICATION_STABILITY_OUR,STD_SERVICE_STABILITY_OUR
10_*,0.325,1.0,0.9440476190476191,0.32247448713915894,0.0,0.05278254066399424
25_*,0.86,1.0,0.9108106632901356,0.23306623862918077,0.0,0.04910493501288807
50_*,0.9561105561105562,0.9986486486486487,0.943785448085216,0.042607277478332296,0.002702702702702697,0.018352917781063544
100_*,0.953044733044733,1.0,0.9690311771784026,0.07033714074657842,0.0,0.012945165425858048
*_10,0.734906204906205,1.0,0.9405256345745449,0.2455443143673964,0.0,0.04313616098999602
*_25,0.8547619047619047,1.0,0.921299208382487,0.23191518860021296,0.0,0.04073636315162433
*_50,0.7794871794871795,0.9986486486486487,0.9556720054012955,0.14102564102564105,0.002702702702702697,0.031467772438659496
*_100,0.725,1.0,0.9501780592430459,0.05000000000000001,0.0,0.01784526230352405
