SERVICES_SDS,AVG_RELEVANT_CHANGES_OUR,AVG_APPLICATION_STABILITY_OUR,AVG_SERVICE_STABILITY_OUR,STD_RELEVANT_CHANGE_OUR,STD_APPLICATION_STABILITY_OUR,STD_SERVICE_STABILITY_OUR
10_*,0.13912698412698413,1.0,0.96375,0.14095033465551238,0.0,0.04567523731533072
25_*,0.4638572890817473,1.0,0.9696524361222301,0.2415700648626245,0.0,0.017880642591448597
50_*,0.2885189058128109,1.0,0.981248368696706,0.17731577957852016,0.0,0.006560469901644557
100_*,0.27304090552296123,1.0,0.9917216632873507,0.21293799867444196,0.0,0.005738125860199643
*_10,0.45249811896353176,1.0,0.9717576213541121,0.2555854476190733,0.0,0.02021758932068915
*_25,0.35097763378832736,1.0,0.9768115639238918,0.2853114379632856,0.0,0.01584673664192586
*_50,0.22305730085591693,1.0,0.9768032828282828,0.11949534971619276,0.0,0.019194231763743085
*_100,0.1380110309367275,1.0,0.981,0.11238194247254729,0.0,0.020595917942265427
