SERVICES_SDS,AVG_RELEVANT_CHANGES_OUR,AVG_APPLICATION_STABILITY_OUR,AVG_SERVICE_STABILITY_OUR,STD_RELEVANT_CHANGE_OUR,STD_APPLICATION_STABILITY_OUR,STD_SERVICE_STABILITY_OUR
10_*,0.9333333333333333,0.9928571428571429,0.8738756613756613,0.13333333333333336,0.01428571428571429,0.07402219454040276
25_*,0.8135714285714286,1.0,0.9371079968944099,0.2083510220172979,0.0,0.034289548567064676
50_*,0.9527922077922077,1.0,0.964955443080742,0.05179915637225032,0.0,0.012029370935085017
100_*,0.9419654207983728,1.0,0.9814451242459119,0.08095678072941889,0.0,0.00813471906407903
*_10,0.843240008783487,0.9928571428571429,0.9386260602581467,0.16474469405559802,0.01428571428571429,0.031337202949310416
*_25,0.9138011695906433,1.0,0.9350661885144544,0.1273050833260076,0.0,0.054961192188388096
*_50,0.9158712121212121,1.0,0.9429367887532132,0.11989051507069487,0.0,0.016019132231587466
*_100,0.96875,1.0,0.940755188070911,0.06250000000000001,0.0,0.026158305737345507
