SERVICES_SDS,AVG_RELEVANT_CHANGES_OUR,AVG_APPLICATION_STABILITY_OUR,AVG_SERVICE_STABILITY_OUR,STD_RELEVANT_CHANGE_OUR,STD_APPLICATION_STABILITY_OUR,STD_SERVICE_STABILITY_OUR
10_*,0.9394444444444444,0.99,0.7671388952728239,0.06540560582881448,0.012247448713915886,0.10537457350135691
25_*,0.9973684210526316,1.0,0.870109060996847,0.005263157894736847,0.0,0.04888709038261016
50_*,0.9823692489798461,1.0,0.9424529865686073,0.027545125565618583,0.0,0.022951633316340196
100_*,0.9955311530742565,1.0,0.9693421534210251,0.0029315153011955316,0.0,0.009773173424741741
*_10,0.9403699142492246,1.0,0.9078612298881886,0.049832111194273575,0.0,0.05379245334627031
*_25,0.9911184210526316,1.0,0.897176893048042,0.017763157894736845,0.0,0.02760640740065902
*_50,0.9944444444444445,1.0,0.8766857555760376,0.011111111111111117,0.0,0.065354268396511
*_100,0.988780487804878,0.99,0.867319217747035,0.0224390243902439,0.012247448713915886,0.04023334148160868
