SERVICES_SDS,AVG_SUCC_RATE_OUR,AVG_SUCC_RATE_SOA,AVG_SATISFACTION,STD_SUCC_RATE_OUR,STD_SUCC_RATE_SOA,STD_SATISFACTION
10_*,0.9550000000000001,0.0,0.6816178571428573,0.05140220818814239,0.0,0.021612959328085157
25_*,0.938,0.0,0.6999366624317712,0.03165790178800888,0.0,0.013332938977162577
50_*,0.9410000000000001,0.0,0.7038111199139427,0.02148762407918877,0.0,0.00885083949565291
100_*,0.9410000000000001,0.0,0.7031289621154655,0.016108662956989067,0.0,0.0070139375323574355
*_10,0.8630000000000001,0.0,0.7076178282295719,0.055708687639962215,0.0,0.017510977853054444
*_25,0.9415,0.0,0.6935992313317705,0.029102621075298023,0.0,0.010250961309892677
*_50,0.9770000000000001,0.0,0.6955216478971572,0.026946108811502504,0.0,0.013750240221445843
*_100,0.9935,0.0,0.6917558941455374,0.008898979485566363,0.0,0.009298495948865117
