SERVICES_SDS,AVG_SUCC_RATE_OUR,AVG_SUCC_RATE_SOA,AVG_SATISFACTION,STD_SUCC_RATE_OUR,STD_SUCC_RATE_SOA,STD_SATISFACTION
10_*,0.6,0.0,0.5580936507936509,0.19791663324333414,0.0,0.039777586967450006
25_*,0.6659999999999999,0.0,0.6043733843469913,0.08088478245313216,0.0,0.020018787891761956
50_*,0.68,0.0,0.6097276240190659,0.05679133580865087,0.0,0.01285791368705994
100_*,0.703,0.0,0.6166343842347053,0.03659296645519919,0.0,0.00945314392667833
*_10,0.6495,0.0,0.6256041823023172,0.08630391868659601,0.0,0.029212601267630874
*_25,0.6325000000000001,0.0,0.5959301622535569,0.10458952133943493,0.0,0.031815226533540825
*_50,0.6795,0.0,0.5861750764270097,0.09324457717752563,0.0,0.01063812868313146
*_100,0.6875,0.0,0.5811196224115296,0.08804770075675977,0.0,0.010441475988647073
