SERVICES_SDS,AVG_SUCC_RATE_OUR,AVG_SUCC_RATE_SOA,AVG_SATISFACTION,STD_SUCC_RATE_OUR,STD_SUCC_RATE_SOA,STD_SATISFACTION
10_*,0.595,0.0,0.5165039682539683,0.11374523960963866,0.0,0.03566908778424535
25_*,0.696,0.0,0.5899913457049488,0.061529177036456946,0.0,0.01603509512237045
50_*,0.703,0.0,0.6117688431559657,0.04489379046707212,0.0,0.014877975387870977
100_*,0.681,0.0,0.6121775382809403,0.04603148675852097,0.0,0.010085407915157451
*_10,0.6555,0.0,0.6136914045280154,0.0413828109648102,0.0,0.031229639311387038
*_25,0.6525,0.0,0.5722089994717884,0.08403950643091071,0.0,0.01982947184034506
*_50,0.703,0.0,0.5746143565474797,0.07888678871813593,0.0,0.012446106169707951
*_100,0.6639999999999999,0.0,0.5699269348485395,0.06189058775783187,0.0,0.013162348888204185
