SERVICES_SDS,AVG_SUCC_RATE_OUR,AVG_SUCC_RATE_SOA,AVG_SATISFACTION,STD_SUCC_RATE_OUR,STD_SUCC_RATE_SOA,STD_SATISFACTION
10_*,0.935,0.0,0.6819555555555556,0.04095573564778558,0.0,0.029225267042381185
25_*,0.9319999999999999,0.0,0.7060321989757002,0.030165478646987962,0.0,0.015290037315713271
50_*,0.941,0.0,0.7018381429941798,0.032978799541027747,0.0,0.0070755281414811785
100_*,0.9405,0.0,0.7050558041782296,0.014171153226894983,0.0,0.007565663378576767
*_10,0.8505,0.0,0.7047773029698103,0.04626616843985558,0.0,0.0319979543386468
*_25,0.9249999999999999,0.0,0.7032904237500726,0.041841373948053144,0.0,0.010826321307756454
*_50,0.979,0.0,0.6939228076986862,0.02446674384839638,0.0,0.009758195661085598
*_100,0.994,0.0,0.6928911672850963,0.005696880826391173,0.0,0.006574024570663549
