SERVICES_SDS,AVG_SUCC_RATE_OUR,AVG_SUCC_RATE_SOA,AVG_SATISFACTION,STD_SUCC_RATE_OUR,STD_SUCC_RATE_SOA,STD_SATISFACTION
10_*,0.985,0.0,0.7759833333333336,0.012247448713915888,0.0,0.01535395414161809
25_*,0.982,0.0,0.7879096179183138,0.01419803902718557,0.0,0.014467303454725272
50_*,0.983,0.0,0.7788314018262256,0.008840676900366726,0.0,0.006886765345432647
100_*,0.985,0.0,0.7806480859510438,0.007595452979136455,0.0,0.0051258107252927735
*_10,0.9430000000000001,0.0,0.7908031296081779,0.03413996023383069,0.0,0.017282909318088534
*_25,0.992,0.0,0.7804843094207381,0.00874165738677395,0.0,0.0084337927678374
*_50,1.0,0.0,0.7720700000000004,0.0,0.0,0.010332519564616803
*_100,1.0,0.0,0.7800150000000005,0.0,0.0,0.005784612016526047
