SERVICES_SDS,AVG_SUCC_RATE_OUR,AVG_SUCC_RATE_SOA,AVG_SATISFACTION,STD_SUCC_RATE_OUR,STD_SUCC_RATE_SOA,STD_SATISFACTION
10_*,0.675,0.0,0.601224007936508,0.1049018450515542,0.0,0.027697811094097614
25_*,0.6519999999999999,0.0,0.6183722370680577,0.09130639093723728,0.0,0.016729344346312767
50_*,0.6829999999999999,0.0,0.6142980368158292,0.06464658383460341,0.0,0.0122815899715644
100_*,0.6945,0.0,0.6127439044270677,0.0397923598984552,0.0,0.008773667973665236
*_10,0.6825,0.0,0.6412713768299999,0.09011007938288555,0.0,0.028441779904048406
*_25,0.6745,0.0,0.6065735157639726,0.053797127472041725,0.0,0.01160791552394709
*_50,0.6955,0.0,0.6065545979873447,0.06602982127880191,0.0,0.014580440678627113
*_100,0.6519999999999999,0.0,0.5922386956661454,0.0907101515881209,0.0,0.01085227727901741
