SERVICES_SDS,AVG_SUCC_RATE_OUR,AVG_SUCC_RATE_SOA,AVG_SATISFACTION,STD_SUCC_RATE_OUR,STD_SUCC_RATE_SOA,STD_SATISFACTION
10_*,0.55,0.0,0.5549353174603175,0.1670172096185495,0.0,0.03831060211228535
25_*,0.664,0.0,0.5990484129346747,0.07794611545672474,0.0,0.024908467172278258
50_*,0.696,0.0,0.61123815225538,0.07751238872283092,0.0,0.016305256700129094
100_*,0.6964999999999999,0.0,0.611561488597022,0.036328525783563576,0.0,0.010224708583666966
*_10,0.6244999999999999,0.0,0.6094590984111615,0.0946133761917671,0.0,0.034240902362478974
*_25,0.674,0.0,0.6085998947119309,0.06907038283522252,0.0,0.023704748310214723
*_50,0.683,0.0,0.5853671979411916,0.09913602875592888,0.0,0.019263911146086436
*_100,0.625,0.0,0.5733571801831101,0.09598445179875024,0.0,0.012539472749579528
