SERVICES_SDS,AVG_SUCC_RATE_OUR,AVG_SUCC_RATE_SOA,AVG_SATISFACTION,STD_SUCC_RATE_OUR,STD_SUCC_RATE_SOA,STD_SATISFACTION
10_*,0.885,0.0,0.6620341269841271,0.09401487597250405,0.0,0.031831455344875095
25_*,0.944,0.0,0.6990004286655376,0.02929118486743252,0.0,0.017609084401014614
50_*,0.948,0.0,0.6990956472795288,0.020034398525122635,0.0,0.008847767947940094
100_*,0.9445,0.0,0.6993650374099938,0.014177378865620836,0.0,0.009315005398803469
*_10,0.873,0.0,0.6993284096465416,0.04476392479829985,0.0,0.028390450422477388
*_25,0.9239999999999999,0.0,0.6944096076335151,0.041146098271544966,0.0,0.016652496979891858
*_50,0.944,0.0,0.6838365320093241,0.04768613183274456,0.0,0.015884846959178533
*_100,0.9804999999999999,0.0,0.6819206910498062,0.023921683328090654,0.0,0.0066755187310854995
