SERVICES_SDS,AVG_SUCC_RATE_OUR,AVG_SUCC_RATE_SOA,AVG_SATISFACTION,STD_SUCC_RATE_OUR,STD_SUCC_RATE_SOA,STD_SATISFACTION
10_*,0.72,0.0,0.6067289682539684,0.16497804409415245,0.0,0.04458090839778829
25_*,0.658,0.0,0.6151038195228405,0.08701462697304249,0.0,0.01903225549049575
50_*,0.712,0.0,0.6125300623744805,0.04980887192621054,0.0,0.012404407600801838
100_*,0.7005,0.0,0.611383979697248,0.029528128890533384,0.0,0.008366594853479363
*_10,0.6775,0.0,0.6330435227051603,0.08860396470101571,0.0,0.04134149492851182
*_25,0.6655,0.0,0.6113227804026629,0.07249006498064037,0.0,0.02187431992397674
*_50,0.7445,0.0,0.6026955437261275,0.09183799467361778,0.0,0.013080847744180025
*_100,0.703,0.0,0.5986849830145867,0.07839764752866502,0.0,0.008087503745896653
