SERVICES_SDS,AVG_SUCC_RATE_OUR,AVG_SUCC_RATE_SOA,AVG_SATISFACTION,STD_SUCC_RATE_OUR,STD_SUCC_RATE_SOA,STD_SATISFACTION
10_*,0.585,0.0,0.5457668650793652,0.1611561806651032,0.0,0.04656993023477976
25_*,0.67,0.0,0.6050172501861745,0.07312095650784109,0.0,0.019824530242517166
50_*,0.7130000000000001,0.0,0.6055775358055885,0.046979506347232525,0.0,0.011024096323738249
100_*,0.6925,0.0,0.6080688913509238,0.034245127514797906,0.0,0.007577689916340756
*_10,0.6855,0.0,0.6116075864949001,0.06373425638509433,0.0,0.03339407913687951
*_25,0.639,0.0,0.5882436009267966,0.09645178879774326,0.0,0.02607454899611009
*_50,0.6895,0.0,0.5840671946875426,0.063820969921447,0.0,0.014634798665654442
*_100,0.6465,0.0,0.5805121603128124,0.09149475593069013,0.0,0.010892819918731892
