SERVICES_SDS,AVG_SUCC_RATE_OUR,AVG_SUCC_RATE_SOA,AVG_SATISFACTION,STD_SUCC_RATE_OUR,STD_SUCC_RATE_SOA,STD_SATISFACTION
10_*,0.98,0.0,0.748177777777778,0.009999999999999997,0.0,0.019828949300965456
25_*,0.976,0.0,0.7794069367588935,0.012382294259114239,0.0,0.01482882168579187
50_*,0.987,0.0,0.7823142073351081,0.011273618495495701,0.0,0.008837873749962607
100_*,0.984,0.0,0.7809377192290178,0.007787918451395112,0.0,0.00812983884828336
*_10,0.938,0.0,0.7813643584064005,0.03254485172043868,0.0,0.02113597992190875
*_25,0.989,0.0,0.7700572826943962,0.008898979485566363,0.0,0.013098439515266833
*_50,1.0,0.0,0.7691700000000004,0.0,0.0,0.010481633118683368
*_100,1.0,0.0,0.7702450000000004,0.0,0.0,0.006909431029144343
