SERVICES_SDS,AVG_SUCC_RATE_OUR,AVG_SUCC_RATE_SOA,AVG_SATISFACTION,STD_SUCC_RATE_OUR,STD_SUCC_RATE_SOA,STD_SATISFACTION
10_*,0.49,0.0,0.519782142857143,0.1642089395715745,0.0,0.046309570249760366
25_*,0.632,0.0,0.5940053053993651,0.11496324244270556,0.0,0.024816940393133154
50_*,0.705,0.0,0.6058896841449511,0.06238655146648291,0.0,0.01272570314896887
100_*,0.7015,0.0,0.6068804035066746,0.03645595949631453,0.0,0.005616085888334281
*_10,0.614,0.0,0.6169827090694847,0.11037859764212758,0.0,0.03528940713489138
*_25,0.632,0.0,0.5725551866739471,0.1125197555436944,0.0,0.02669831186603297
*_50,0.6295,0.0,0.5672440722352324,0.0718757237229177,0.0,0.01270052419858743
*_100,0.653,0.0,0.5697755679294696,0.08324061606833785,0.0,0.014780056480684893
