SERVICES_SDS,AVG_SUCC_RATE_OUR,AVG_SUCC_RATE_SOA,AVG_SATISFACTION,STD_SUCC_RATE_OUR,STD_SUCC_RATE_SOA,STD_SATISFACTION
10_*,0.985,0.0,0.7571305555555558,0.019999999999999997,0.0,0.03220880624745267
25_*,0.984,0.0,0.7795635638998685,0.016560883275256958,0.0,0.012778797883010878
50_*,0.983,0.0,0.7871246588413351,0.008261297173761162,0.0,0.007022906053274796
100_*,0.9865,0.0,0.7831825207283409,0.007563283997407242,0.0,0.00592516646075413
*_10,0.949,0.0,0.7776078729273874,0.04209946242929903,0.0,0.026688496456428783
*_25,0.99,0.0,0.7771203452896311,0.009286002017126331,0.0,0.014726917887883599
*_50,0.9995,0.0,0.7813380808080812,0.0010000000000000009,0.0,0.008687474011498601
*_100,1.0,0.0,0.7709350000000005,0.0,0.0,0.00783278828868149
