SERVICES_SDS,AVG_SUCC_RATE_OUR,AVG_SUCC_RATE_SOA,AVG_SATISFACTION,STD_SUCC_RATE_OUR,STD_SUCC_RATE_SOA,STD_SATISFACTION
10_*,0.9550000000000001,0.0,0.7084738095238097,0.05449489742783178,0.0,0.023432682421149455
25_*,0.9319999999999999,0.0,0.6997074132630656,0.0393697440153814,0.0,0.01471819390050057
50_*,0.954,0.0,0.7013985412909196,0.02434288848480141,0.0,0.0117397070268132
100_*,0.9485,0.0,0.7023816803399956,0.016739655467882766,0.0,0.008870511516109597
*_10,0.8714999999999999,0.0,0.7071371087277716,0.059683125508877374,0.0,0.029496191731554048
*_25,0.9515,0.0,0.7083459833886927,0.035032887302118974,0.0,0.011616433497392067
*_50,0.974,0.0,0.6992525060840511,0.02700642771350942,0.0,0.010796916948654478
*_100,0.9925,0.0,0.6972258462172751,0.013224744871391591,0.0,0.0068515526869722294
