SERVICES_SDS,AVG_SUCC_RATE_OUR,AVG_SUCC_RATE_SOA,AVG_SATISFACTION,STD_SUCC_RATE_OUR,STD_SUCC_RATE_SOA,STD_SATISFACTION
10_*,0.565,0.0,0.5024539682539683,0.11636977031127325,0.0,0.053472731107845665
25_*,0.672,0.0,0.5995591959511078,0.07004157353253448,0.0,0.02633589415987437
50_*,0.7010000000000001,0.0,0.6126658433142023,0.0504402325045448,0.0,0.010168055335305386
100_*,0.702,0.0,0.6101821224857933,0.048126694331707576,0.0,0.01339319483891115
*_10,0.6415,0.0,0.5945099571039196,0.07539413867632133,0.0,0.048875630838938
*_25,0.6455,0.0,0.5918171627451032,0.05660894960961534,0.0,0.02848009275902482
*_50,0.6779999999999999,0.0,0.5690505621622579,0.08454988211491109,0.0,0.016464787508149756
*_100,0.6749999999999999,0.0,0.5694834479937909,0.06842530027921237,0.0,0.009549364335823998
