SERVICES_SDS,AVG_SUCC_RATE_OUR,AVG_SUCC_RATE_SOA,AVG_SATISFACTION,STD_SUCC_RATE_OUR,STD_SUCC_RATE_SOA,STD_SATISFACTION
10_*,0.905,0.0,0.6622547619047621,0.07741657386773942,0.0,0.03529572415598581
25_*,0.96,0.0,0.7009010013175232,0.03574491319649749,0.0,0.015573613440102248
50_*,0.949,0.0,0.7008437962322542,0.026835302208854675,0.0,0.011335138327353363
100_*,0.9470000000000001,0.0,0.7032441282930427,0.0195009658393979,0.0,0.010232707550987858
*_10,0.8665,0.0,0.6932811776206933,0.07122818459994955,0.0,0.034869904910554944
*_25,0.9385,0.0,0.7035832617665618,0.034623331077653495,0.0,0.016242288881268364
*_50,0.9835,0.0,0.6888245277065844,0.010263945175772194,0.0,0.011076582459900414
*_100,0.9725,0.0,0.6815547206537427,0.043382294259114246,0.0,0.010248407222705556
