SERVICES_SDS,AVG_SUCC_RATE_OUR,AVG_SUCC_RATE_SOA,AVG_SATISFACTION,STD_SUCC_RATE_OUR,STD_SUCC_RATE_SOA,STD_SATISFACTION
10_*,0.97,0.0,0.7572777777777779,0.018708286933869705,0.0,0.01611945069036139
25_*,0.982,0.0,0.7729813636363638,0.01939071942966531,0.0,0.015829036352121444
50_*,0.987,0.0,0.7799875112172532,0.008000000000000007,0.0,0.011028099590098022
100_*,0.9815,0.0,0.7816308081355727,0.0092192979217365,0.0,0.004623974395053149
*_10,0.9295,0.0,0.7758190198444984,0.047447475591884544,0.0,0.02471312165375918
*_25,0.991,0.0,0.7721334409224684,0.007870828693386978,0.0,0.010599396238787232
*_50,1.0,0.0,0.7746200000000004,0.0,0.0,0.006739504389395528
*_100,1.0,0.0,0.7693050000000006,0.0,0.0,0.0055485387456920676
