SERVICES_SDS,AVG_SUCC_RATE_OUR,AVG_SUCC_RATE_SOA,AVG_SATISFACTION,STD_SUCC_RATE_OUR,STD_SUCC_RATE_SOA,STD_SATISFACTION
10_*,0.94,0.0,0.6745587301587302,0.06123724356957945,0.0,0.025862087145356528
25_*,0.944,0.0,0.7056279907773388,0.027910901457094916,0.0,0.016095442544167563
50_*,0.9460000000000001,0.0,0.7042375093719304,0.028420046694977948,0.0,0.007592528424597216
100_*,0.9365,0.0,0.701259993202139,0.02157583069790811,0.0,0.00586923714239661
*_10,0.869,0.0,0.7154828283764232,0.0640984873822073,0.0,0.01781914589916754
*_25,0.9365,0.0,0.6945602548183504,0.032465339119410734,0.0,0.019069962681028983
*_50,0.976,0.0,0.6905933214258593,0.025783237447230108,0.0,0.010291788151311184
*_100,0.985,0.0,0.6850478188895056,0.016796958470712282,0.0,0.00823839852501021
