SERVICES_SDS,AVG_SUCC_RATE_OUR,AVG_SUCC_RATE_SOA,AVG_SATISFACTION,STD_SUCC_RATE_OUR,STD_SUCC_RATE_SOA,STD_SATISFACTION
10_*,0.9450000000000001,0.0,0.7587944444444447,0.03095573564778559,0.0,0.022432211241502055
25_*,0.986,0.0,0.7777343741765483,0.010198039027185565,0.0,0.012012887779334512
50_*,0.976,0.0,0.7827027695544624,0.009082739323493978,0.0,0.009268468021492542
100_*,0.9815,0.0,0.7818184706835597,0.006549509756796386,0.0,0.007158139530162391
*_10,0.9155,0.0,0.7776995256922953,0.03307873732181224,0.0,0.021484709342712828
*_25,0.973,0.0,0.7753905331667188,0.02370728643344928,0.0,0.013437375869912779
*_50,1.0,0.0,0.7716700000000003,0.0,0.0,0.009903760533763978
*_100,1.0,0.0,0.7762900000000005,0.0,0.0,0.006045860826101916
