SERVICES_SDS,AVG_SUCC_RATE_OUR,AVG_SUCC_RATE_SOA,AVG_SATISFACTION,STD_SUCC_RATE_OUR,STD_SUCC_RATE_SOA,STD_SATISFACTION
10_*,0.925,0.0,0.6852777777777779,0.06449489742783177,0.0,0.026385311353337937
25_*,0.9299999999999999,0.0,0.696670424430642,0.03140863478515256,0.0,0.012709338690687204
50_*,0.945,0.0,0.7031175409883904,0.017997998999159142,0.0,0.015585985818332603
100_*,0.95,0.0,0.7030277511472546,0.011654326565778604,0.0,0.005536542270608829
*_10,0.8595,0.0,0.7048218475996535,0.04081500841779757,0.0,0.026070974821618458
*_25,0.9255,0.0,0.6979546172659528,0.04834697244672636,0.0,0.014338816328632376
*_50,0.9674999999999999,0.0,0.6914860585446303,0.03294438717061496,0.0,0.011378726651781646
*_100,0.9975,0.0,0.6938309709338284,0.003449489742783181,0.0,0.008428660330934092
