SERVICES_SDS,AVG_SUCC_RATE_OUR,AVG_SUCC_RATE_SOA,AVG_SATISFACTION,STD_SUCC_RATE_OUR,STD_SUCC_RATE_SOA,STD_SATISFACTION
10_*,0.975,0.0,0.7690333333333336,0.034494897427831774,0.0,0.019765059162449278
25_*,0.98,0.0,0.7792562055335971,0.010954451150103323,0.0,0.012838329306653812
50_*,0.98,0.0,0.7845966830594264,0.013273618495495703,0.0,0.009022485995293303
100_*,0.9805,0.0,0.7819918719926584,0.00730116263352131,0.0,0.005537898428818026
*_10,0.925,0.0,0.7847464684809604,0.04902412970695211,0.0,0.021007199306704374
*_25,0.991,0.0,0.7754342517006804,0.016000000000000004,0.0,0.012824880589416974
*_50,0.9995,0.0,0.7763773737373741,0.0010000000000000009,0.0,0.007881947220114123
*_100,1.0,0.0,0.7783200000000006,0.0,0.0,0.0054497457769789445
